
	<!DOCTYPE project [
		<!ELEMENT project (objectids-table | current-scenario | duration | aggregation-period | truncated-mean | percentile)* >
	
		<!ELEMENT objectids-table (objectids-entry)* >
		<!ELEMENT objectids-entry (#PCDATA)>
		<!ELEMENT duration (#PCDATA)>
		<!ELEMENT truncated-mean (#PCDATA)>
		<!ELEMENT percentile (#PCDATA)>
		<!ELEMENT aggregation-period (#PCDATA)>
		<!ELEMENT current-scenario (#PCDATA)>
		<!ATTLIST duration
		    value CDATA #REQUIRED>
	    <!ATTLIST aggregation-period
		    value CDATA #REQUIRED>
		<!ATTLIST objectids-entry
		    objectid CDATA #REQUIRED
		    type CDATA #REQUIRED
		    value CDATA #REQUIRED
		    key CDATA #REQUIRED>
		<!ATTLIST truncated-mean
		    centered-interval CDATA #REQUIRED
		    percentage CDATA #REQUIRED>
		 <!ATTLIST percentile
		    percentage CDATA #REQUIRED>
	]>


<!--****** RUNTIME PROJECT ******--><project>
<!--****** CURRENT SCENARIO ******-->
<current-scenario>EP_C5241575</current-scenario>
<!--****** OBJECTIDS ******-->
<objectids-table>
<objectids-entry key="" objectid="0" type="LG_HOST" value="10.149.80.138:7100"/>
<objectids-entry key="" objectid="1" type="ZONE" value="Default zone"/>
<objectids-entry key="Default zone¤EP¤" objectid="2" type="POPULATION" value="EP"/>
<objectids-entry key="Default zone¤EP¤EP_Standard_C4484572" objectid="3" type="VIRTUAL_USER" value="EP_Standard_C4484572"/>
<objectids-entry key="Default zone¤EP¤EP_Standard_C4484572" objectid="4" type="BASIC_LOGICAL_CONTAINER" value="$parent=EP_Standard_C4484572;$index=0"/>
<objectids-entry key="Default zone¤EP¤EP_Standard_C4484572" objectid="5" type="BASIC_LOGICAL_CONTAINER" value="$parent=EP_Standard_C4484572;$index=1"/>
<objectids-entry key="Default zone¤EP¤EP_Standard_C4484572" objectid="6" type="BASIC_LOGICAL_CONTAINER" value="de59b1a1-7c38-485f-89de-59d29d568a23"/>
<objectids-entry key="Default zone¤EP¤EP_Standard_C4484572" objectid="7" type="DELAY" value="89e0724c-233b-4db2-8f58-6d8f8a2d56f5"/>
<objectids-entry key="Default zone¤EP¤EP_Standard_C4484572" objectid="8" type="BASIC_LOGICAL_CONTAINER" value="567e7d8e-05f7-4fae-b2dc-4b2e9f083529"/>
<objectids-entry key="Default zone¤EP¤EP_Standard_C4484572" objectid="9" type="HTTP_PAGE" value="133e1353-a2a3-4d0c-b49d-da821b1cda32"/>
<objectids-entry key="Default zone¤EP¤EP_Standard_C4484572" objectid="10" type="ACTION" value="4d97a8f6-fffb-44f8-86d5-e00242ee8c33"/>
<objectids-entry key="Default zone¤EP¤EP_Standard_C4484572" objectid="11" type="ACTION" value="e86bd315-8bea-4b2d-a059-c6435abbbf87"/>
<objectids-entry key="Default zone¤EP¤EP_Standard_C4484572" objectid="12" type="ACTION" value="dc87fbab-c94c-422b-837f-b2ec9bbf72ec"/>
<objectids-entry key="Default zone¤EP¤EP_Standard_C4484572" objectid="13" type="ACTION" value="8c80544e-11cb-49ba-8268-f4d706e89f0d"/>
<objectids-entry key="Default zone¤EP¤EP_Standard_C4484572" objectid="14" type="ACTION" value="5282ed82-a99e-45d8-9f25-b4e90b2c2ec8"/>
<objectids-entry key="Default zone¤EP¤EP_Standard_C4484572" objectid="15" type="ACTION" value="e1c83930-b5f3-4eed-b39a-eb620953a158"/>
<objectids-entry key="Default zone¤EP¤EP_Standard_C4484572" objectid="16" type="ACTION" value="f4850104-ad32-45b9-be0f-07d97a8213b0"/>
<objectids-entry key="Default zone¤EP¤EP_Standard_C4484572" objectid="17" type="ACTION" value="225c37e2-3464-487c-a4a5-eb8b20069858"/>
<objectids-entry key="Default zone¤EP¤EP_Standard_C4484572" objectid="18" type="ACTION" value="a1997fa5-24ad-4c65-a5c3-6f8635415cc7"/>
<objectids-entry key="Default zone¤EP¤EP_Standard_C4484572" objectid="19" type="ACTION" value="c6f8783a-67bf-4815-85e5-554eafbfce48"/>
<objectids-entry key="Default zone¤EP¤EP_Standard_C4484572" objectid="20" type="ACTION" value="eac0174d-8693-410f-b5dc-414c303e8351"/>
<objectids-entry key="Default zone¤EP¤EP_Standard_C4484572" objectid="21" type="ACTION" value="9b0ebdb3-89bd-471d-ae24-519393ef76f2"/>
<objectids-entry key="Default zone¤EP¤EP_Standard_C4484572" objectid="22" type="HTTP_PAGE" value="2069ab35-8ff0-4288-8051-de4bbed174c7"/>
<objectids-entry key="Default zone¤EP¤EP_Standard_C4484572" objectid="23" type="ACTION" value="ae4813f8-1567-48f6-bb06-3050272b3361"/>
<objectids-entry key="Default zone¤EP¤EP_Standard_C4484572" objectid="24" type="HTTP_PAGE" value="51f343bb-13b5-4217-8f76-e2ad8c8cf8df"/>
<objectids-entry key="Default zone¤EP¤EP_Standard_C4484572" objectid="25" type="ACTION" value="11af0f35-e5e3-4b57-8a87-8f13716922a4"/>
<objectids-entry key="Default zone¤EP¤EP_Standard_C4484572" objectid="26" type="ACTION" value="c4c1a765-3392-4425-b2a8-d7b43e28879c"/>
<objectids-entry key="Default zone¤EP¤EP_Standard_C4484572" objectid="27" type="ACTION" value="8618a4ad-4d1e-4a01-82b9-c6923929e925"/>
<objectids-entry key="Default zone¤EP¤EP_Standard_C4484572" objectid="28" type="ACTION" value="53ae5783-3400-4e30-ae80-7c12d2b16455"/>
<objectids-entry key="Default zone¤EP¤EP_Standard_C4484572" objectid="29" type="ACTION" value="3a1f366b-91ae-4e1f-8293-07533ec9344d"/>
<objectids-entry key="Default zone¤EP¤EP_Standard_C4484572" objectid="30" type="BASIC_LOGICAL_CONTAINER" value="d3802c0e-0fa7-483f-8f54-c9591681a257"/>
<objectids-entry key="Default zone¤EP¤EP_Standard_C4484572" objectid="31" type="HTTP_PAGE" value="397ef0e4-49ad-4fb6-8126-aca23c8e569a"/>
<objectids-entry key="Default zone¤EP¤EP_Standard_C4484572" objectid="32" type="ACTION" value="d6dfcfee-db02-4331-acb3-ecbbac3a3d8b"/>
<objectids-entry key="Default zone¤EP¤EP_Standard_C4484572" objectid="33" type="ACTION" value="974baafa-6ce6-4122-8ba7-0ee33f64b08a"/>
<objectids-entry key="Default zone¤EP¤EP_Standard_C4484572" objectid="34" type="ACTION" value="81718b2e-50c1-4a92-ad06-4c5d635faeee"/>
<objectids-entry key="Default zone¤EP¤EP_Standard_C4484572" objectid="35" type="ACTION" value="bd497ab6-cc55-4b18-9beb-cec0b308ca69"/>
<objectids-entry key="Default zone¤EP¤EP_Standard_C4484572" objectid="36" type="ACTION" value="4696e490-8c40-4f2a-b086-48d91c5768b7"/>
<objectids-entry key="Default zone¤EP¤EP_Standard_C4484572" objectid="37" type="ACTION" value="c8b7d462-fbb7-4540-9770-2483ab9a2be6"/>
<objectids-entry key="Default zone¤EP¤EP_Standard_C4484572" objectid="38" type="ACTION" value="8bc1d95e-2229-405f-afc6-dadc045751f8"/>
<objectids-entry key="Default zone¤EP¤EP_Standard_C4484572" objectid="39" type="ACTION" value="b6a9f2c7-43f0-49f3-8bad-1af5ecc2891a"/>
<objectids-entry key="Default zone¤EP¤EP_Standard_C4484572" objectid="40" type="ACTION" value="a24fce3c-7cc7-47e6-81f6-82c087f0a50d"/>
<objectids-entry key="Default zone¤EP¤EP_Standard_C4484572" objectid="41" type="ACTION" value="e1ae9000-99bf-4fbc-b936-a6b151704635"/>
<objectids-entry key="Default zone¤EP¤EP_Standard_C4484572" objectid="42" type="ACTION" value="59a6befa-e716-4f1c-9676-0abd8e30ae9f"/>
<objectids-entry key="Default zone¤EP¤EP_Standard_C4484572" objectid="43" type="ACTION" value="33b8c443-4433-42d8-8afd-a97901394110"/>
<objectids-entry key="Default zone¤EP¤EP_Standard_C4484572" objectid="44" type="ACTION" value="587b7b3d-b458-440a-9b28-19c5bf7e1151"/>
<objectids-entry key="Default zone¤EP¤EP_Standard_C4484572" objectid="45" type="ACTION" value="6c1844e0-06cf-4aaa-8bf1-07794c9b244c"/>
<objectids-entry key="Default zone¤EP¤EP_Standard_C4484572" objectid="46" type="ACTION" value="67348d90-4f1e-4187-a7de-9b34782e91ff"/>
<objectids-entry key="Default zone¤EP¤EP_Standard_C4484572" objectid="47" type="ACTION" value="96334705-a37b-4432-a079-afb9e18fa2f0"/>
<objectids-entry key="Default zone¤EP¤EP_Standard_C4484572" objectid="48" type="ACTION" value="ee20cdea-3f01-4c5a-ab92-d52bf3c8805a"/>
<objectids-entry key="Default zone¤EP¤EP_Standard_C4484572" objectid="49" type="ACTION" value="ae67021d-5eb6-445b-a062-2f73a8798f7a"/>
<objectids-entry key="Default zone¤EP¤EP_Standard_C4484572" objectid="50" type="ACTION" value="4f3d152c-e13d-450d-b9c5-0d9d0311de28"/>
<objectids-entry key="Default zone¤EP¤EP_Standard_C4484572" objectid="51" type="ACTION" value="ebf0e66a-f2bb-4633-9d02-8f3adca60cf5"/>
<objectids-entry key="Default zone¤EP¤EP_Standard_C4484572" objectid="52" type="ACTION" value="285ba2bd-2048-47e3-b642-3e1d6c761d6f"/>
<objectids-entry key="Default zone¤EP¤EP_Standard_C4484572" objectid="53" type="ACTION" value="c6921c08-b502-4779-a2e2-64b846d638a2"/>
<objectids-entry key="Default zone¤EP¤EP_Standard_C4484572" objectid="54" type="HTTP_PAGE" value="3fe5ec87-af65-441d-81a8-5a4b3aee385d"/>
<objectids-entry key="Default zone¤EP¤EP_Standard_C4484572" objectid="55" type="ACTION" value="a255f088-72a0-4cdf-861a-b4cae22a4c42"/>
<objectids-entry key="Default zone¤EP¤EP_Standard_C4484572" objectid="56" type="ACTION" value="a139254a-bf18-42f1-8f8a-fa8055ad1bfa"/>
<objectids-entry key="Default zone¤EP¤EP_Standard_C4484572" objectid="57" type="ACTION" value="c56b7734-4c90-45f7-8655-49afa4cfeabd"/>
<objectids-entry key="Default zone¤EP¤EP_Standard_C4484572" objectid="58" type="ACTION" value="f5ab8d42-d7a9-4094-bed8-6cf106f57944"/>
<objectids-entry key="Default zone¤EP¤EP_Standard_C4484572" objectid="59" type="ACTION" value="ce23448d-91ac-4959-b414-511d3912a51e"/>
<objectids-entry key="Default zone¤EP¤EP_Standard_C4484572" objectid="60" type="ACTION" value="dda5544e-bb8d-4411-9571-be92263c64b4"/>
<objectids-entry key="Default zone¤EP¤EP_Standard_C4484572" objectid="61" type="ACTION" value="741655e8-c812-47e9-9f08-d9a52452ad03"/>
<objectids-entry key="Default zone¤EP¤EP_Standard_C4484572" objectid="62" type="ACTION" value="2a26f8b5-ffad-4d81-aa82-03624601e72d"/>
<objectids-entry key="Default zone¤EP¤EP_Standard_C4484572" objectid="63" type="ACTION" value="9b5ca08a-c6b2-4ea3-94d5-58401bc5d189"/>
<objectids-entry key="Default zone¤EP¤EP_Standard_C4484572" objectid="64" type="ACTION" value="f2e780d3-9866-4044-b212-73b3d90853c0"/>
<objectids-entry key="Default zone¤EP¤EP_Standard_C4484572" objectid="65" type="ACTION" value="2a5eeb48-6016-41c6-b430-02460b89390f"/>
<objectids-entry key="Default zone¤EP¤EP_Standard_C4484572" objectid="66" type="ACTION" value="23880e26-2560-41de-a319-439ef56e1472"/>
<objectids-entry key="Default zone¤EP¤EP_Standard_C4484572" objectid="67" type="ACTION" value="e3e45ea8-2c3c-41cb-aa9a-abb9fde7d8ec"/>
<objectids-entry key="Default zone¤EP¤EP_Standard_C4484572" objectid="68" type="ACTION" value="52f2df93-ac9d-41fb-9276-6baebfb7593d"/>
<objectids-entry key="Default zone¤EP¤EP_Standard_C4484572" objectid="69" type="ACTION" value="b8daef3e-b48c-4119-9821-ed483f927402"/>
<objectids-entry key="Default zone¤EP¤EP_Standard_C4484572" objectid="70" type="ACTION" value="87dc4716-78ec-4bb8-bd03-9e6b90da429e"/>
<objectids-entry key="Default zone¤EP¤EP_Standard_C4484572" objectid="71" type="ACTION" value="ab3ba8e7-4567-48e3-8eb9-f7b664a5adae"/>
<objectids-entry key="Default zone¤EP¤EP_Standard_C4484572" objectid="72" type="ACTION" value="0bcfa7bb-b0b7-41ad-8276-ca14891a194b"/>
<objectids-entry key="Default zone¤EP¤EP_Standard_C4484572" objectid="73" type="ACTION" value="c69606a1-9755-4a82-acb0-037eb06b7413"/>
<objectids-entry key="Default zone¤EP¤EP_Standard_C4484572" objectid="74" type="ACTION" value="b043ee80-34a9-4ef9-b5ad-3deaffdc6337"/>
<objectids-entry key="Default zone¤EP¤EP_Standard_C4484572" objectid="75" type="ACTION" value="7e727640-1455-4522-be8d-29d76b73e50f"/>
<objectids-entry key="Default zone¤EP¤EP_Standard_C4484572" objectid="76" type="ACTION" value="e9b9c841-327a-477c-b559-755cbdbcba0c"/>
<objectids-entry key="Default zone¤EP¤EP_Standard_C4484572" objectid="77" type="HTTP_PAGE" value="0df0f343-be80-4751-821e-fef1712d268e"/>
<objectids-entry key="Default zone¤EP¤EP_Standard_C4484572" objectid="78" type="ACTION" value="541e4072-5f44-425b-8cbc-8b727f454f8d"/>
<objectids-entry key="Default zone¤EP¤EP_Standard_C4484572" objectid="79" type="ACTION" value="bfb367b2-d382-4b16-8869-9ecb3c637c54"/>
<objectids-entry key="Default zone¤EP¤EP_Standard_C4484572" objectid="80" type="ACTION" value="02ed949a-1eed-493b-8e07-fab87e0d3e07"/>
<objectids-entry key="Default zone¤EP¤EP_Standard_C4484572" objectid="81" type="ACTION" value="f3d86416-d24c-4eaf-a1c5-df819fac1522"/>
<objectids-entry key="Default zone¤EP¤EP_Standard_C4484572" objectid="82" type="ACTION" value="d4f0bfc5-b788-4999-8b77-be32c31a12d4"/>
<objectids-entry key="Default zone¤EP¤EP_Standard_C4484572" objectid="83" type="ACTION" value="7e9526f4-4085-4e7a-b10d-4059e6295c25"/>
<objectids-entry key="Default zone¤EP¤EP_Standard_C4484572" objectid="84" type="HTTP_PAGE" value="9940cd09-1aa9-433e-80b2-55e012a24d6a"/>
<objectids-entry key="Default zone¤EP¤EP_Standard_C4484572" objectid="85" type="ACTION" value="b356f5b8-f928-4592-8eb8-ff612b4ff176"/>
<objectids-entry key="Default zone¤EP¤EP_Standard_C4484572" objectid="86" type="HTTP_PAGE" value="0190e3c4-1508-437b-8cc5-bc69bc75e51e"/>
<objectids-entry key="Default zone¤EP¤EP_Standard_C4484572" objectid="87" type="ACTION" value="48897c0b-aac3-418f-b921-447498524476"/>
<objectids-entry key="Default zone¤EP¤EP_Standard_C4484572" objectid="88" type="ACTION" value="0ce4fcad-9103-4193-b2e9-9b2c4d2eb19d"/>
<objectids-entry key="Default zone¤EP¤EP_Standard_C4484572" objectid="89" type="ACTION" value="ad66a265-6edc-4398-878a-76f2dd4fb1f1"/>
<objectids-entry key="Default zone¤EP¤EP_Standard_C4484572" objectid="90" type="ACTION" value="ed7dbcae-e82a-4bc2-bc8c-d1ff594d8b47"/>
<objectids-entry key="Default zone¤EP¤EP_Standard_C4484572" objectid="91" type="ACTION" value="07bfdc03-6314-4fb5-b478-49e9f0b4c64d"/>
<objectids-entry key="Default zone¤EP¤EP_Standard_C4484572" objectid="92" type="ACTION" value="1e1c2971-75df-4edd-b284-104fba6f8b28"/>
<objectids-entry key="Default zone¤EP¤EP_Standard_C4484572" objectid="93" type="ACTION" value="5a162405-bd73-47b7-a671-ea13a359afa2"/>
<objectids-entry key="Default zone¤EP¤EP_Standard_C4484572" objectid="94" type="ACTION" value="26a21a59-56cd-49e0-a032-3d6602c486a8"/>
<objectids-entry key="Default zone¤EP¤EP_Standard_C4484572" objectid="95" type="ACTION" value="baca07fa-807c-4e46-8a2e-5e58e064bb95"/>
<objectids-entry key="Default zone¤EP¤EP_Standard_C4484572" objectid="96" type="ACTION" value="a14de4be-8e6f-4921-8ff3-df3732b2b5a4"/>
<objectids-entry key="Default zone¤EP¤EP_Standard_C4484572" objectid="97" type="ACTION" value="4d7271ef-fcca-445e-b3e2-799da1ad4a39"/>
<objectids-entry key="Default zone¤EP¤EP_Standard_C4484572" objectid="98" type="ACTION" value="c033ceb5-d178-4716-8afe-4f9b7665abb9"/>
<objectids-entry key="Default zone¤EP¤EP_Standard_C4484572" objectid="99" type="HTTP_PAGE" value="b1e7ba88-5aa4-4790-932f-fbff899b8e01"/>
<objectids-entry key="Default zone¤EP¤EP_Standard_C4484572" objectid="100" type="ACTION" value="6b12e08f-6ebb-43f8-be80-e7b42a6be363"/>
<objectids-entry key="Default zone¤EP¤EP_Standard_C4484572" objectid="101" type="HTTP_PAGE" value="22379adf-d903-42ff-ba51-f8419fe68876"/>
<objectids-entry key="Default zone¤EP¤EP_Standard_C4484572" objectid="102" type="ACTION" value="9229ddc6-74f1-4a52-a0a1-c47b11a2e465"/>
<objectids-entry key="Default zone¤EP¤EP_Standard_C4484572" objectid="103" type="ACTION" value="0175dec0-f34f-4ba0-88e5-3769df960cdb"/>
<objectids-entry key="Default zone¤EP¤EP_Standard_C4484572" objectid="104" type="BASIC_LOGICAL_CONTAINER" value="37b507c3-5b4d-4152-8900-3994bbd1b929"/>
<objectids-entry key="Default zone¤EP¤EP_Standard_C4484572" objectid="105" type="HTTP_PAGE" value="a30a6146-9231-4a0f-adc9-9e569c180c56"/>
<objectids-entry key="Default zone¤EP¤EP_Standard_C4484572" objectid="106" type="ACTION" value="97d37f3a-a4a5-40fa-92ae-3bbf50b72f00"/>
<objectids-entry key="Default zone¤EP¤EP_Standard_C4484572" objectid="107" type="ACTION" value="3a586972-e870-4e50-8cd5-e9bac2c1823e"/>
<objectids-entry key="Default zone¤EP¤EP_Standard_C4484572" objectid="108" type="ACTION" value="ba343c3d-a1c8-4ce3-bddd-1ee7037d97ba"/>
<objectids-entry key="Default zone¤EP¤EP_Standard_C4484572" objectid="109" type="ACTION" value="57377757-1cd8-4c45-953d-370317c82a1c"/>
<objectids-entry key="Default zone¤EP¤EP_Standard_C4484572" objectid="110" type="ACTION" value="502a60c3-5261-495f-861f-dcaff08dd1f6"/>
<objectids-entry key="Default zone¤EP¤EP_Standard_C4484572" objectid="111" type="ACTION" value="d43641ab-a333-4faa-97f0-1f20116ee442"/>
<objectids-entry key="Default zone¤EP¤EP_Standard_C4484572" objectid="112" type="ACTION" value="2e98c7aa-f5cd-476d-98d1-71b22f899cf4"/>
<objectids-entry key="Default zone¤EP¤EP_Standard_C4484572" objectid="113" type="BASIC_LOGICAL_CONTAINER" value="ed4132fd-aaf9-4d39-a609-0fe16b66260a"/>
<objectids-entry key="Default zone¤EP¤EP_Standard_C4484572" objectid="114" type="HTTP_PAGE" value="d94c2a54-3aa7-4b54-b012-60ff180e6882"/>
<objectids-entry key="Default zone¤EP¤EP_Standard_C4484572" objectid="115" type="ACTION" value="6686b96a-7892-4868-b694-f3060dfdefe3"/>
<objectids-entry key="Default zone¤EP¤EP_Standard_C4484572" objectid="116" type="ACTION" value="b5da2cdb-745a-4c52-8b54-17850687c6e1"/>
<objectids-entry key="Default zone¤EP¤EP_Standard_C4484572" objectid="117" type="ACTION" value="3e50d964-4a92-4e71-8592-dff14f8209a7"/>
<objectids-entry key="Default zone¤EP¤EP_Standard_C4484572" objectid="118" type="ACTION" value="8eebd8cb-52ad-48f8-8d0b-7d04045ac9f4"/>
<objectids-entry key="Default zone¤EP¤EP_Standard_C4484572" objectid="119" type="ACTION" value="23e2864d-43e4-4838-b345-30322e7402c2"/>
<objectids-entry key="Default zone¤EP¤EP_Standard_C4484572" objectid="120" type="BASIC_LOGICAL_CONTAINER" value="57a1d47d-487b-417d-9f0a-f0b33e272a29"/>
<objectids-entry key="Default zone¤EP¤EP_Standard_C4484572" objectid="121" type="HTTP_PAGE" value="7933ac6b-6e16-4087-9b57-0b63ecfbe743"/>
<objectids-entry key="Default zone¤EP¤EP_Standard_C4484572" objectid="122" type="ACTION" value="87d2299b-81c3-489a-8ee7-e2e91e6f81ee"/>
<objectids-entry key="Default zone¤EP¤EP_Standard_C4484572" objectid="123" type="ACTION" value="177da0c8-7a84-447d-8ac8-5df8d58ce289"/>
<objectids-entry key="Default zone¤EP¤EP_Standard_C4484572" objectid="124" type="BASIC_LOGICAL_CONTAINER" value="de2f8512-2f98-4b55-8fcf-873a26fdb046"/>
<objectids-entry key="Default zone¤EP¤EP_Standard_C4484572" objectid="125" type="HTTP_PAGE" value="cc356847-e029-421b-8f59-ab7ea5de0427"/>
<objectids-entry key="Default zone¤EP¤EP_Standard_C4484572" objectid="126" type="ACTION" value="7a025280-5c27-4c91-ab0a-cc52ff4f0149"/>
<objectids-entry key="Default zone¤EP¤EP_Standard_C4484572" objectid="127" type="ACTION" value="1c39af23-c662-470c-ab7a-78191ba0e3db"/>
<objectids-entry key="Default zone¤EP¤EP_Standard_C4484572" objectid="128" type="BASIC_LOGICAL_CONTAINER" value="bf40a9e6-3516-4247-8e01-e64bbdda9a5b"/>
<objectids-entry key="Default zone¤EP¤EP_Standard_C4484572" objectid="129" type="HTTP_PAGE" value="08791921-69d9-43bc-8948-1fb629bdd8cd"/>
<objectids-entry key="Default zone¤EP¤EP_Standard_C4484572" objectid="130" type="ACTION" value="bee0629c-3d80-4c22-81b2-08d4921a850f"/>
<objectids-entry key="Default zone¤EP¤EP_Standard_C4484572" objectid="131" type="HTTP_PAGE" value="8d8d1c9b-8e23-438f-9b51-a5323a414509"/>
<objectids-entry key="Default zone¤EP¤EP_Standard_C4484572" objectid="132" type="ACTION" value="54ed2bdd-14ae-4768-86a0-4abd947cf11c"/>
<objectids-entry key="Default zone¤EP¤EP_Standard_C4484572" objectid="133" type="HTTP_PAGE" value="dbe50742-aac7-4c7d-aabd-ea2ce7b82ea6"/>
<objectids-entry key="Default zone¤EP¤EP_Standard_C4484572" objectid="134" type="ACTION" value="41f4fb2b-ff4f-4886-b224-38cd00111435"/>
<objectids-entry key="Default zone¤EP¤EP_Standard_C4484572" objectid="135" type="ACTION" value="066aff14-b08b-4b30-ac9b-61eb6215e0f9"/>
<objectids-entry key="Default zone¤EP¤EP_Standard_C4484572" objectid="136" type="ACTION" value="e41135a6-fe8d-42fc-9bf0-1e4e31064783"/>
<objectids-entry key="Default zone¤EP¤EP_Standard_C4484572" objectid="137" type="ACTION" value="311bffd2-a0b3-4e73-8995-c0e8bd647b3a"/>
<objectids-entry key="Default zone¤EP¤EP_Standard_C4484572" objectid="138" type="ACTION" value="2b402ccc-f512-44c7-80e3-6f76b7a47a31"/>
<objectids-entry key="Default zone¤EP¤EP_Standard_C4484572" objectid="139" type="ACTION" value="488649af-6905-4a4b-9610-74880d285626"/>
<objectids-entry key="Default zone¤EP¤EP_Standard_C4484572" objectid="140" type="ACTION" value="6708a6ff-f311-45f3-93e3-6c6df645bf56"/>
<objectids-entry key="Default zone¤EP¤EP_Standard_C4484572" objectid="141" type="ACTION" value="f9b2b024-8802-4495-bc70-eac60c3c8deb"/>
<objectids-entry key="Default zone¤EP¤EP_Standard_C4484572" objectid="142" type="BASIC_LOGICAL_CONTAINER" value="b435bca4-844b-4882-9469-0bbe994fc465"/>
<objectids-entry key="Default zone¤EP¤EP_Standard_C4484572" objectid="143" type="HTTP_PAGE" value="667c647b-8494-4453-9d41-8c79d14f675b"/>
<objectids-entry key="Default zone¤EP¤EP_Standard_C4484572" objectid="144" type="ACTION" value="a4e6efcf-ce0d-47e4-88c8-07039189fa25"/>
<objectids-entry key="Default zone¤EP¤EP_Standard_C4484572" objectid="145" type="HTTP_PAGE" value="b79660cd-3632-400d-a0b8-200d80c32ce3"/>
<objectids-entry key="Default zone¤EP¤EP_Standard_C4484572" objectid="146" type="ACTION" value="a72c0052-e977-4b7d-928b-d8fd9cb158f2"/>
<objectids-entry key="Default zone¤EP¤EP_Standard_C4484572" objectid="147" type="HTTP_PAGE" value="d0365408-801c-4aba-9ea5-e734bc7307b7"/>
<objectids-entry key="Default zone¤EP¤EP_Standard_C4484572" objectid="148" type="ACTION" value="34678e1b-9623-411a-b652-e15c04cf85c5"/>
<objectids-entry key="Default zone¤EP¤EP_Standard_C4484572" objectid="149" type="ACTION" value="cdac290c-b2ab-469e-956a-6c8d24405c35"/>
<objectids-entry key="Default zone¤EP¤EP_Standard_C4484572" objectid="150" type="BASIC_LOGICAL_CONTAINER" value="79a7156f-4b44-44ea-8da9-db8dfeccd848"/>
<objectids-entry key="Default zone¤EP¤EP_Standard_C4484572" objectid="151" type="DELAY" value="d14d7530-00dc-4a57-aeb5-1abe8c3d7799"/>
<objectids-entry key="Default zone¤EP¤EP_Standard_C4484572" objectid="152" type="BASIC_LOGICAL_CONTAINER" value="$parent=EP_Standard_C4484572;$index=2"/>
<objectids-entry key="¤¤" objectid="153" type="MONITORED_HOST" value="NeoLoad"/>
<objectids-entry key="¤¤" objectid="154" type="MONITORCONNECTION" value="NeoLoad$NeoLoad"/>
<objectids-entry key="¤¤" objectid="155" type="MONITOR" value="NeoLoad$NeoLoad$UserLoad"/>
<objectids-entry key="¤¤" objectid="156" type="MONITOR" value="NeoLoad$NeoLoad$throughput"/>
<objectids-entry key="¤¤" objectid="157" type="MONITOR" value="NeoLoad$NeoLoad$Alerts"/>
<objectids-entry key="¤¤" objectid="158" type="MONITOR" value="NeoLoad$NeoLoad$CriticalAlerts"/>
<objectids-entry key="¤¤" objectid="159" type="MONITOR" value="NeoLoad$NeoLoad$WarningAlerts"/>
<objectids-entry key="¤¤" objectid="160" type="MONITOR" value="NeoLoad$NeoLoad$cpu"/>
<objectids-entry key="¤¤" objectid="161" type="THRESHOLD" value="NeoLoad$NeoLoad$8694520a-56fe-4b8a-89b6-22351b4b1011"/>
<objectids-entry key="¤¤" objectid="162" type="MONITOR" value="NeoLoad$NeoLoad$memory"/>
<objectids-entry key="¤¤" objectid="163" type="THRESHOLD" value="NeoLoad$NeoLoad$f62a03cf-7868-4804-83a5-3b7a08145920"/>
<objectids-entry key="¤¤" objectid="164" type="MONITOR" value="NeoLoad$NeoLoad$threadcount"/>
<objectids-entry key="¤¤" objectid="165" type="MONITOR" value="NeoLoad$NeoLoad$memoryos"/>
<objectids-entry key="¤¤" objectid="166" type="THRESHOLD" value="NeoLoad$NeoLoad$a3d920f6-56e4-4860-b429-d361d86401e6"/>
<objectids-entry key="¤¤" objectid="167" type="MONITOR" value="NeoLoad$NeoLoad$connectedlg"/>
<objectids-entry key="¤¤" objectid="168" type="MONITOR" value="NeoLoad$NeoLoad$totallgdisconnections"/>
<objectids-entry key="¤¤" objectid="169" type="THRESHOLD" value="NeoLoad$NeoLoad$ec658709-5ea8-47e0-8f10-beae501abe85"/>
<objectids-entry key="¤¤" objectid="170" type="MONITOR" value="NeoLoad$NeoLoad$totallgreconnections"/>
<objectids-entry key="¤¤" objectid="171" type="MONITOR" value="NeoLoad$NeoLoad$otcp.NeoLoad"/>
<objectids-entry key="¤¤" objectid="172" type="MONITOR" value="NeoLoad$NeoLoad$tcp.NeoLoad"/>
<objectids-entry key="¤¤" objectid="173" type="MONITOR" value="NeoLoad$NeoLoad$ibytesperinterface~NeoLoad~eth11"/>
<objectids-entry key="¤¤" objectid="174" type="MONITOR" value="NeoLoad$NeoLoad$obytesperinterface~NeoLoad~eth11"/>
<objectids-entry key="¤¤" objectid="175" type="MONITOR" value="NeoLoad$NeoLoad$ibytesperinterface~NeoLoad~eth13"/>
<objectids-entry key="¤¤" objectid="176" type="MONITOR" value="NeoLoad$NeoLoad$obytesperinterface~NeoLoad~eth13"/>
<objectids-entry key="¤¤" objectid="177" type="MONITOR" value="NeoLoad$NeoLoad$SapUserLoad"/>
<objectids-entry key="¤¤" objectid="178" type="MONITOR" value="NeoLoad$NeoLoad$zoneuserload~Default zone"/>
<objectids-entry key="¤¤" objectid="179" type="MONITOR" value="NeoLoad$NeoLoad$zoneuserloadperpopulation~Default zone~EP"/>
<objectids-entry key="¤¤" objectid="180" type="MONITOR" value="NeoLoad$NeoLoad$zoneuserloadperpopulation~Default zone~EP~EP_Standard_C4484572"/>
<objectids-entry key="¤¤" objectid="181" type="MONITORED_HOST" value="LG 10.149.80.138:7100"/>
<objectids-entry key="¤¤" objectid="182" type="MONITORCONNECTION" value="LG 10.149.80.138:7100$NeoLoad"/>
<objectids-entry key="¤¤" objectid="183" type="MONITOR" value="LG 10.149.80.138:7100$NeoLoad$lgcpu.10.149.80.138:7100"/>
<objectids-entry key="¤¤" objectid="184" type="THRESHOLD" value="LG 10.149.80.138:7100$NeoLoad$162d96a9-1a6e-4ef6-aad0-25cc9cead9cd"/>
<objectids-entry key="¤¤" objectid="185" type="MONITOR" value="LG 10.149.80.138:7100$NeoLoad$lgmemory.10.149.80.138:7100"/>
<objectids-entry key="¤¤" objectid="186" type="THRESHOLD" value="LG 10.149.80.138:7100$NeoLoad$db4d66ca-df14-497a-910d-6d85c000d4d1"/>
<objectids-entry key="¤¤" objectid="187" type="MONITOR" value="LG 10.149.80.138:7100$NeoLoad$lgthroughput.10.149.80.138:7100"/>
<objectids-entry key="¤¤" objectid="188" type="MONITOR" value="LG 10.149.80.138:7100$NeoLoad$lgosmemory.10.149.80.138:7100"/>
<objectids-entry key="¤¤" objectid="189" type="THRESHOLD" value="LG 10.149.80.138:7100$NeoLoad$38c274f6-e5d3-4ee4-8f34-6e508c0c9221"/>
<objectids-entry key="¤¤" objectid="190" type="MONITOR" value="LG 10.149.80.138:7100$NeoLoad$lguserloadperpopulation~10.149.80.138:7100"/>
<objectids-entry key="¤¤" objectid="191" type="MONITOR" value="LG 10.149.80.138:7100$NeoLoad$lgthreadcount.10.149.80.138:7100"/>
<objectids-entry key="¤¤" objectid="192" type="MONITOR" value="LG 10.149.80.138:7100$NeoLoad$lg.jetty.httpclient.threadpool.used.10.149.80.138:7100"/>
<objectids-entry key="¤¤" objectid="193" type="MONITOR" value="LG 10.149.80.138:7100$NeoLoad$lg.jetty.httpclient.taskpool.used.10.149.80.138:7100"/>
<objectids-entry key="¤¤" objectid="194" type="THRESHOLD" value="LG 10.149.80.138:7100$NeoLoad$bf5e7ad2-af4b-448e-8b91-bd57cf2c1f7d"/>
<objectids-entry key="¤¤" objectid="195" type="MONITOR" value="LG 10.149.80.138:7100$NeoLoad$lgdisconnections.10.149.80.138:7100"/>
<objectids-entry key="¤¤" objectid="196" type="MONITOR" value="LG 10.149.80.138:7100$NeoLoad$lgreconnections.10.149.80.138:7100"/>
<objectids-entry key="¤¤" objectid="197" type="MONITOR" value="LG 10.149.80.138:7100$NeoLoad$lgping.10.149.80.138:7100"/>
<objectids-entry key="¤¤" objectid="198" type="MONITOR" value="LG 10.149.80.138:7100$NeoLoad$lgotcp.10.149.80.138:7100"/>
<objectids-entry key="¤¤" objectid="199" type="MONITOR" value="LG 10.149.80.138:7100$NeoLoad$lgtcp.10.149.80.138:7100"/>
<objectids-entry key="¤¤" objectid="200" type="MONITOR" value="LG 10.149.80.138:7100$NeoLoad$lgibytesperinterface~10.149.80.138:7100~eth5"/>
<objectids-entry key="¤¤" objectid="201" type="MONITOR" value="LG 10.149.80.138:7100$NeoLoad$lgobytesperinterface~10.149.80.138:7100~eth5"/>
<objectids-entry key="¤¤" objectid="202" type="MONITOR" value="LG 10.149.80.138:7100$NeoLoad$lgibytesperinterface~10.149.80.138:7100~eth4"/>
<objectids-entry key="¤¤" objectid="203" type="MONITOR" value="LG 10.149.80.138:7100$NeoLoad$lgobytesperinterface~10.149.80.138:7100~eth4"/>
</objectids-table>
<!--****** DURATION ******-->
<duration value="0"/>
<!--****** AGGREGATION PERIOD ******-->
<aggregation-period value="1000"/>
<!--****** EXTENDED STATISTICS ******-->
<truncated-mean centered-interval="true" percentage="90"/>
<percentile percentage="50"/>
</project>
