
	<!DOCTYPE project [
		<!ELEMENT project (objectids-table | current-scenario | duration | aggregation-period | truncated-mean | percentile)* >
	
		<!ELEMENT objectids-table (objectids-entry)* >
		<!ELEMENT objectids-entry (#PCDATA)>
		<!ELEMENT duration (#PCDATA)>
		<!ELEMENT truncated-mean (#PCDATA)>
		<!ELEMENT percentile (#PCDATA)>
		<!ELEMENT aggregation-period (#PCDATA)>
		<!ELEMENT current-scenario (#PCDATA)>
		<!ATTLIST duration
		    value CDATA #REQUIRED>
	    <!ATTLIST aggregation-period
		    value CDATA #REQUIRED>
		<!ATTLIST objectids-entry
		    objectid CDATA #REQUIRED
		    type CDATA #REQUIRED
		    value CDATA #REQUIRED
		    key CDATA #REQUIRED>
		<!ATTLIST truncated-mean
		    centered-interval CDATA #REQUIRED
		    percentage CDATA #REQUIRED>
		 <!ATTLIST percentile
		    percentage CDATA #REQUIRED>
	]>


<!--****** RUNTIME PROJECT ******--><project>
<!--****** CURRENT SCENARIO ******-->
<current-scenario>BE_QR_001_C5241574</current-scenario>
<!--****** OBJECTIDS ******-->
<objectids-table>
<objectids-entry key="" objectid="0" type="LG_HOST" value="887357-1RDPT002.davison.local:7100"/>
<objectids-entry key="" objectid="1" type="ZONE" value="Default zone"/>
<objectids-entry key="Default zone¤BE¤" objectid="2" type="POPULATION" value="BE"/>
<objectids-entry key="Default zone¤BE¤BE_Standard_C4484573" objectid="3" type="VIRTUAL_USER" value="BE_Standard_C4484573"/>
<objectids-entry key="Default zone¤BE¤BE_Standard_C4484573" objectid="4" type="BASIC_LOGICAL_CONTAINER" value="$parent=BE_Standard_C4484573;$index=0"/>
<objectids-entry key="Default zone¤BE¤BE_Standard_C4484573" objectid="5" type="BASIC_LOGICAL_CONTAINER" value="$parent=BE_Standard_C4484573;$index=1"/>
<objectids-entry key="Default zone¤BE¤BE_Standard_C4484573" objectid="6" type="BASIC_LOGICAL_CONTAINER" value="f7eaa12e-0e0c-40be-b617-f6f64a197a6b"/>
<objectids-entry key="Default zone¤BE¤BE_Standard_C4484573" objectid="7" type="DELAY" value="675992f3-9c87-44d6-b7bd-0d6ce59c3e83"/>
<objectids-entry key="Default zone¤BE¤BE_Standard_C4484573" objectid="8" type="BASIC_LOGICAL_CONTAINER" value="0d8cb1c4-863f-4cab-b46f-977425c3ff21"/>
<objectids-entry key="Default zone¤BE¤BE_Standard_C4484573" objectid="9" type="HTTP_PAGE" value="a9aeeb74-af40-4caf-ad49-d5725a527374"/>
<objectids-entry key="Default zone¤BE¤BE_Standard_C4484573" objectid="10" type="ACTION" value="e37c5871-79af-46ce-be56-b7587ba25b56"/>
<objectids-entry key="Default zone¤BE¤BE_Standard_C4484573" objectid="11" type="ACTION" value="d8533312-6442-43fa-a4a7-39edf96bdad2"/>
<objectids-entry key="Default zone¤BE¤BE_Standard_C4484573" objectid="12" type="ACTION" value="8e48727d-599e-4148-8f29-5cb9fe2ec0c2"/>
<objectids-entry key="Default zone¤BE¤BE_Standard_C4484573" objectid="13" type="ACTION" value="a3a2fa71-d43d-49f9-89ce-7860ea5b43a3"/>
<objectids-entry key="Default zone¤BE¤BE_Standard_C4484573" objectid="14" type="ACTION" value="5e92bef0-8444-4750-8eda-0d4d571a7526"/>
<objectids-entry key="Default zone¤BE¤BE_Standard_C4484573" objectid="15" type="HTTP_PAGE" value="e59e44a8-3e50-49c6-826a-82d8bebf4f9c"/>
<objectids-entry key="Default zone¤BE¤BE_Standard_C4484573" objectid="16" type="ACTION" value="cd4ad2f6-0e3e-4148-aeaf-fb415c72be3a"/>
<objectids-entry key="Default zone¤BE¤BE_Standard_C4484573" objectid="17" type="ACTION" value="7b7231f0-20ef-4482-ad0c-acdaa073c161"/>
<objectids-entry key="Default zone¤BE¤BE_Standard_C4484573" objectid="18" type="ACTION" value="e30b3325-6c80-4166-983f-d995673253f2"/>
<objectids-entry key="Default zone¤BE¤BE_Standard_C4484573" objectid="19" type="ACTION" value="52d31003-6fe1-4768-b409-4294dad22b09"/>
<objectids-entry key="Default zone¤BE¤BE_Standard_C4484573" objectid="20" type="ACTION" value="0c34f4eb-db7f-4d85-8d44-97bfe2ce60d8"/>
<objectids-entry key="Default zone¤BE¤BE_Standard_C4484573" objectid="21" type="ACTION" value="f8141b2e-d243-4146-8013-958cde2b9635"/>
<objectids-entry key="Default zone¤BE¤BE_Standard_C4484573" objectid="22" type="ACTION" value="c714c0e3-75bf-4cc7-824b-81b5d8808786"/>
<objectids-entry key="Default zone¤BE¤BE_Standard_C4484573" objectid="23" type="HTTP_PAGE" value="59915f46-4440-42e4-9bc0-58c099d54029"/>
<objectids-entry key="Default zone¤BE¤BE_Standard_C4484573" objectid="24" type="ACTION" value="3e7c49a6-d459-41c8-99b3-1cfdeb7c1934"/>
<objectids-entry key="Default zone¤BE¤BE_Standard_C4484573" objectid="25" type="HTTP_PAGE" value="54cdf3dc-b8bb-4c31-a754-a051bcbb5809"/>
<objectids-entry key="Default zone¤BE¤BE_Standard_C4484573" objectid="26" type="ACTION" value="7793f375-2d95-4aee-bea6-83a20af5bb96"/>
<objectids-entry key="Default zone¤BE¤BE_Standard_C4484573" objectid="27" type="ACTION" value="5b63bdbc-9064-46fb-9a7f-f26e7993a7b5"/>
<objectids-entry key="Default zone¤BE¤BE_Standard_C4484573" objectid="28" type="ACTION" value="17dc6db4-d11d-4c1d-a61a-7e267fa88bef"/>
<objectids-entry key="Default zone¤BE¤BE_Standard_C4484573" objectid="29" type="ACTION" value="c1d91f1e-bec6-4a9d-abdb-22ca2c8b0905"/>
<objectids-entry key="Default zone¤BE¤BE_Standard_C4484573" objectid="30" type="BASIC_LOGICAL_CONTAINER" value="3d0abe46-0598-4b3e-a92d-faa73f7a3b4a"/>
<objectids-entry key="Default zone¤BE¤BE_Standard_C4484573" objectid="31" type="HTTP_PAGE" value="17e56166-0b63-4b29-a170-3bb3ac8eaaa7"/>
<objectids-entry key="Default zone¤BE¤BE_Standard_C4484573" objectid="32" type="ACTION" value="7f2f0623-989b-4bcd-b5c5-03df1ff1857a"/>
<objectids-entry key="Default zone¤BE¤BE_Standard_C4484573" objectid="33" type="ACTION" value="275c7fef-fe65-4e2a-a806-93626f90a90b"/>
<objectids-entry key="Default zone¤BE¤BE_Standard_C4484573" objectid="34" type="ACTION" value="6cfedf70-ac9d-4fc1-a07c-e7f288ef78ea"/>
<objectids-entry key="Default zone¤BE¤BE_Standard_C4484573" objectid="35" type="ACTION" value="b120de8f-7d21-4ba7-aafd-d198c9ede195"/>
<objectids-entry key="Default zone¤BE¤BE_Standard_C4484573" objectid="36" type="ACTION" value="635b4c53-dc1b-443d-8fbe-504840b61c2b"/>
<objectids-entry key="Default zone¤BE¤BE_Standard_C4484573" objectid="37" type="ACTION" value="1e73d969-b6ea-4a10-9eb6-4467de38f481"/>
<objectids-entry key="Default zone¤BE¤BE_Standard_C4484573" objectid="38" type="ACTION" value="2e8cb5eb-c354-4632-8067-1d541bd2fe70"/>
<objectids-entry key="Default zone¤BE¤BE_Standard_C4484573" objectid="39" type="ACTION" value="2015b6fb-fdc8-4e74-8431-9ee9f26c7dd4"/>
<objectids-entry key="Default zone¤BE¤BE_Standard_C4484573" objectid="40" type="ACTION" value="ede6824e-6abf-4095-849d-21127bea92f3"/>
<objectids-entry key="Default zone¤BE¤BE_Standard_C4484573" objectid="41" type="ACTION" value="77187bd6-0793-4779-9a1b-077be40322ef"/>
<objectids-entry key="Default zone¤BE¤BE_Standard_C4484573" objectid="42" type="ACTION" value="381058dd-1681-4b14-aa5b-5705b6d78826"/>
<objectids-entry key="Default zone¤BE¤BE_Standard_C4484573" objectid="43" type="ACTION" value="3f9a5627-4d88-4307-a024-6148a1379ef2"/>
<objectids-entry key="Default zone¤BE¤BE_Standard_C4484573" objectid="44" type="ACTION" value="37d037e2-7873-4099-ae55-6b9bd8a78677"/>
<objectids-entry key="Default zone¤BE¤BE_Standard_C4484573" objectid="45" type="ACTION" value="9d5322b6-70bc-4f86-91bb-13f4341ed460"/>
<objectids-entry key="Default zone¤BE¤BE_Standard_C4484573" objectid="46" type="ACTION" value="c9e8b615-542b-4c72-8d36-5e7f17db9e4e"/>
<objectids-entry key="Default zone¤BE¤BE_Standard_C4484573" objectid="47" type="ACTION" value="43beead9-ef26-4c61-be95-6894b2f7ef74"/>
<objectids-entry key="Default zone¤BE¤BE_Standard_C4484573" objectid="48" type="ACTION" value="356afa4a-9e0c-491b-9d8d-624f0cd2ab21"/>
<objectids-entry key="Default zone¤BE¤BE_Standard_C4484573" objectid="49" type="ACTION" value="816fe0f0-0deb-4399-894c-5d8690af6817"/>
<objectids-entry key="Default zone¤BE¤BE_Standard_C4484573" objectid="50" type="ACTION" value="67f0df97-931b-4ba4-8ae9-c46a5705c425"/>
<objectids-entry key="Default zone¤BE¤BE_Standard_C4484573" objectid="51" type="ACTION" value="dee739e3-327a-4066-9855-591f8d8dde50"/>
<objectids-entry key="Default zone¤BE¤BE_Standard_C4484573" objectid="52" type="ACTION" value="b715c2e7-1b0d-4878-95a4-a1ba3711cd9c"/>
<objectids-entry key="Default zone¤BE¤BE_Standard_C4484573" objectid="53" type="ACTION" value="2058e020-f1d9-4663-adb2-493e1fe907e7"/>
<objectids-entry key="Default zone¤BE¤BE_Standard_C4484573" objectid="54" type="ACTION" value="ebe080ef-760b-4b59-94f0-a8ba35822f78"/>
<objectids-entry key="Default zone¤BE¤BE_Standard_C4484573" objectid="55" type="ACTION" value="6469ea7f-a6b3-4413-8fe6-b38fbbbe130f"/>
<objectids-entry key="Default zone¤BE¤BE_Standard_C4484573" objectid="56" type="ACTION" value="203e2d62-34a3-4815-b49c-bd18bb302e16"/>
<objectids-entry key="Default zone¤BE¤BE_Standard_C4484573" objectid="57" type="ACTION" value="c0286a8f-ddf8-477d-98b9-60cb4cdcfe50"/>
<objectids-entry key="Default zone¤BE¤BE_Standard_C4484573" objectid="58" type="ACTION" value="2b4bb4c5-4480-4dd4-8c62-62d4a61232f2"/>
<objectids-entry key="Default zone¤BE¤BE_Standard_C4484573" objectid="59" type="ACTION" value="d775b315-0721-4fa7-974c-04633fad1cbd"/>
<objectids-entry key="Default zone¤BE¤BE_Standard_C4484573" objectid="60" type="ACTION" value="53b55c6a-9f42-4216-8a96-057acf584a59"/>
<objectids-entry key="Default zone¤BE¤BE_Standard_C4484573" objectid="61" type="ACTION" value="216a0149-8398-419c-bbf5-dd0d21504994"/>
<objectids-entry key="Default zone¤BE¤BE_Standard_C4484573" objectid="62" type="HTTP_PAGE" value="b7860928-61c9-48f4-be4c-2fefc515a648"/>
<objectids-entry key="Default zone¤BE¤BE_Standard_C4484573" objectid="63" type="ACTION" value="4d9664d3-efea-4ace-9d8d-c0b510c3648b"/>
<objectids-entry key="Default zone¤BE¤BE_Standard_C4484573" objectid="64" type="ACTION" value="b270ea89-1e87-4d8d-aab6-9b0412ca7192"/>
<objectids-entry key="Default zone¤BE¤BE_Standard_C4484573" objectid="65" type="ACTION" value="98b445c1-6a26-44ee-b787-7767fdcb1f45"/>
<objectids-entry key="Default zone¤BE¤BE_Standard_C4484573" objectid="66" type="ACTION" value="6ec1d7b2-d6b8-46f5-839c-80b5031af80e"/>
<objectids-entry key="Default zone¤BE¤BE_Standard_C4484573" objectid="67" type="ACTION" value="732b990d-7a15-47d9-88ad-3fd7660e482f"/>
<objectids-entry key="Default zone¤BE¤BE_Standard_C4484573" objectid="68" type="ACTION" value="f09ba15d-fe63-4703-91f8-bda0ed32cfcc"/>
<objectids-entry key="Default zone¤BE¤BE_Standard_C4484573" objectid="69" type="ACTION" value="b1d6fd9d-1a97-444c-b3fc-6841ec81caf2"/>
<objectids-entry key="Default zone¤BE¤BE_Standard_C4484573" objectid="70" type="ACTION" value="b5d55ae0-0fb8-4567-b01e-2a67e6e35a01"/>
<objectids-entry key="Default zone¤BE¤BE_Standard_C4484573" objectid="71" type="ACTION" value="2b0ccd71-8d91-4266-9d79-bbe78431bffd"/>
<objectids-entry key="Default zone¤BE¤BE_Standard_C4484573" objectid="72" type="ACTION" value="cf139276-350f-4afd-b8e1-1f89275e8884"/>
<objectids-entry key="Default zone¤BE¤BE_Standard_C4484573" objectid="73" type="ACTION" value="30698c42-227f-49b1-9981-d1028515acb6"/>
<objectids-entry key="Default zone¤BE¤BE_Standard_C4484573" objectid="74" type="ACTION" value="5a65d180-c16e-41dd-9ff8-dd1cfa9c44f6"/>
<objectids-entry key="Default zone¤BE¤BE_Standard_C4484573" objectid="75" type="ACTION" value="f909c619-5568-4cda-be49-ce0441b64fb2"/>
<objectids-entry key="Default zone¤BE¤BE_Standard_C4484573" objectid="76" type="ACTION" value="1c6529a6-9c30-4fa9-b69f-707cdc2349fd"/>
<objectids-entry key="Default zone¤BE¤BE_Standard_C4484573" objectid="77" type="ACTION" value="3e8ff2b7-2bb5-4011-8cd8-fd39e0fc7d39"/>
<objectids-entry key="Default zone¤BE¤BE_Standard_C4484573" objectid="78" type="ACTION" value="d69b0a80-2b86-4cd7-b263-08580fa8aa9d"/>
<objectids-entry key="Default zone¤BE¤BE_Standard_C4484573" objectid="79" type="ACTION" value="652652c9-af36-4467-97a5-724388ae2a25"/>
<objectids-entry key="Default zone¤BE¤BE_Standard_C4484573" objectid="80" type="ACTION" value="f42c1d46-058d-4f40-ae9a-28a64859a313"/>
<objectids-entry key="Default zone¤BE¤BE_Standard_C4484573" objectid="81" type="ACTION" value="da13a763-c76a-4379-b774-27ddc522c612"/>
<objectids-entry key="Default zone¤BE¤BE_Standard_C4484573" objectid="82" type="ACTION" value="60cd4456-b13d-46ce-81f2-e4d532dc9f8c"/>
<objectids-entry key="Default zone¤BE¤BE_Standard_C4484573" objectid="83" type="ACTION" value="694c2939-73ef-4514-8c6a-5cd5ef9ded16"/>
<objectids-entry key="Default zone¤BE¤BE_Standard_C4484573" objectid="84" type="ACTION" value="2ec94561-959f-4f05-8064-3ce3abfb1d96"/>
<objectids-entry key="Default zone¤BE¤BE_Standard_C4484573" objectid="85" type="ACTION" value="f84b8191-6f32-480b-87d9-cca507e3adab"/>
<objectids-entry key="Default zone¤BE¤BE_Standard_C4484573" objectid="86" type="ACTION" value="8bbffa81-134c-4f94-8bcb-400c5ef5c3c8"/>
<objectids-entry key="Default zone¤BE¤BE_Standard_C4484573" objectid="87" type="ACTION" value="0229bc0b-ddf8-4652-9683-6db6d73249ad"/>
<objectids-entry key="Default zone¤BE¤BE_Standard_C4484573" objectid="88" type="ACTION" value="04a69d99-f05f-48f1-bf7d-55484d495a44"/>
<objectids-entry key="Default zone¤BE¤BE_Standard_C4484573" objectid="89" type="ACTION" value="6e100e5d-4be0-4a5a-b52b-d611b9f6d9a9"/>
<objectids-entry key="Default zone¤BE¤BE_Standard_C4484573" objectid="90" type="ACTION" value="edd4d3d7-2077-4187-bb8f-76589b7f4327"/>
<objectids-entry key="Default zone¤BE¤BE_Standard_C4484573" objectid="91" type="ACTION" value="5b35dfc4-d670-46fe-a065-efe200a1b477"/>
<objectids-entry key="Default zone¤BE¤BE_Standard_C4484573" objectid="92" type="ACTION" value="ed70ff1f-ec8d-4561-87c5-0bbc1093b950"/>
<objectids-entry key="Default zone¤BE¤BE_Standard_C4484573" objectid="93" type="HTTP_PAGE" value="23ab4ffd-d539-4da2-a212-b5fb8b7c8d0e"/>
<objectids-entry key="Default zone¤BE¤BE_Standard_C4484573" objectid="94" type="ACTION" value="961c0d3d-87db-4db8-a81c-048798489a2a"/>
<objectids-entry key="Default zone¤BE¤BE_Standard_C4484573" objectid="95" type="HTTP_PAGE" value="15d499c9-6758-4b85-802d-21e3e4cd1b66"/>
<objectids-entry key="Default zone¤BE¤BE_Standard_C4484573" objectid="96" type="ACTION" value="4adb8654-0ae3-45d3-b3e1-fb7fb8755f70"/>
<objectids-entry key="Default zone¤BE¤BE_Standard_C4484573" objectid="97" type="ACTION" value="46519689-25b9-4097-8ace-4704d5e79a3d"/>
<objectids-entry key="Default zone¤BE¤BE_Standard_C4484573" objectid="98" type="ACTION" value="d221aa9a-4747-4b97-a4a2-592e548e3c56"/>
<objectids-entry key="Default zone¤BE¤BE_Standard_C4484573" objectid="99" type="ACTION" value="f1bbd517-fc59-4094-bdae-d2f4586c6970"/>
<objectids-entry key="Default zone¤BE¤BE_Standard_C4484573" objectid="100" type="HTTP_PAGE" value="c93eb7ab-c405-4fe5-a729-4cf62d32c260"/>
<objectids-entry key="Default zone¤BE¤BE_Standard_C4484573" objectid="101" type="ACTION" value="829c3e2f-d904-4ab9-84e0-3654a3962984"/>
<objectids-entry key="Default zone¤BE¤BE_Standard_C4484573" objectid="102" type="BASIC_LOGICAL_CONTAINER" value="4c2154ce-2a96-4cd7-b853-1572ed4d91c7"/>
<objectids-entry key="Default zone¤BE¤BE_Standard_C4484573" objectid="103" type="HTTP_PAGE" value="888bf8e7-cfff-4361-8754-b4818d635397"/>
<objectids-entry key="Default zone¤BE¤BE_Standard_C4484573" objectid="104" type="ACTION" value="78d33853-4913-4e5b-b421-a9b1fd9bc128"/>
<objectids-entry key="Default zone¤BE¤BE_Standard_C4484573" objectid="105" type="HTTP_PAGE" value="3de8ff39-83c5-4144-89ed-d1a8934fe33d"/>
<objectids-entry key="Default zone¤BE¤BE_Standard_C4484573" objectid="106" type="ACTION" value="9b8ab196-c7ee-4b2e-9e64-97eb8d4878ce"/>
<objectids-entry key="Default zone¤BE¤BE_Standard_C4484573" objectid="107" type="ACTION" value="f35c3e7d-e2ed-4732-927b-e0e8f7023fe4"/>
<objectids-entry key="Default zone¤BE¤BE_Standard_C4484573" objectid="108" type="ACTION" value="d8b48eae-be73-4d07-8022-729dfc845cd9"/>
<objectids-entry key="Default zone¤BE¤BE_Standard_C4484573" objectid="109" type="ACTION" value="cad36838-ba32-4918-9f36-28d9bb87999b"/>
<objectids-entry key="Default zone¤BE¤BE_Standard_C4484573" objectid="110" type="ACTION" value="bfe5da40-ba19-43dc-947e-7d653e85fbf1"/>
<objectids-entry key="Default zone¤BE¤BE_Standard_C4484573" objectid="111" type="ACTION" value="7c716b3a-2651-49aa-8b54-ee8f0748220f"/>
<objectids-entry key="Default zone¤BE¤BE_Standard_C4484573" objectid="112" type="ACTION" value="3541ed96-4efb-424d-bcce-71fc7c8cd9cd"/>
<objectids-entry key="Default zone¤BE¤BE_Standard_C4484573" objectid="113" type="ACTION" value="b548151d-8979-44a3-8e1f-c0027f34246a"/>
<objectids-entry key="Default zone¤BE¤BE_Standard_C4484573" objectid="114" type="ACTION" value="719a6eb5-4b5c-4577-b66f-9e1acd4e6afb"/>
<objectids-entry key="Default zone¤BE¤BE_Standard_C4484573" objectid="115" type="ACTION" value="e93ada0f-921e-4444-83ef-66f44672155c"/>
<objectids-entry key="Default zone¤BE¤BE_Standard_C4484573" objectid="116" type="ACTION" value="039d3eee-a1a0-4055-b84c-d2670e6348b8"/>
<objectids-entry key="Default zone¤BE¤BE_Standard_C4484573" objectid="117" type="ACTION" value="df195711-87f9-438a-bf7a-8861df32d906"/>
<objectids-entry key="Default zone¤BE¤BE_Standard_C4484573" objectid="118" type="ACTION" value="2bcdce86-fbb2-4bd6-827a-060c88a490ff"/>
<objectids-entry key="Default zone¤BE¤BE_Standard_C4484573" objectid="119" type="ACTION" value="fb6d831f-60dd-40f0-8129-7b6ddfb151a6"/>
<objectids-entry key="Default zone¤BE¤BE_Standard_C4484573" objectid="120" type="ACTION" value="c42f52a7-dfca-4aa0-a8e5-b380f6eaae15"/>
<objectids-entry key="Default zone¤BE¤BE_Standard_C4484573" objectid="121" type="ACTION" value="45b83bca-e1e8-454a-88e3-1010b723ca76"/>
<objectids-entry key="Default zone¤BE¤BE_Standard_C4484573" objectid="122" type="ACTION" value="870b2800-469d-47d8-8a0f-3bbfd6b833b3"/>
<objectids-entry key="Default zone¤BE¤BE_Standard_C4484573" objectid="123" type="ACTION" value="f7669f35-c93a-468e-b0c9-dc1d0968fdfb"/>
<objectids-entry key="Default zone¤BE¤BE_Standard_C4484573" objectid="124" type="ACTION" value="83fc49ca-d970-4f87-a52e-2d9a310486bb"/>
<objectids-entry key="Default zone¤BE¤BE_Standard_C4484573" objectid="125" type="ACTION" value="ceab3050-8fab-41a9-8497-b0d042dff0b6"/>
<objectids-entry key="Default zone¤BE¤BE_Standard_C4484573" objectid="126" type="ACTION" value="b4820d80-d206-41a6-8858-a878d62dab2f"/>
<objectids-entry key="Default zone¤BE¤BE_Standard_C4484573" objectid="127" type="ACTION" value="29e9f45d-0e08-4e92-bd78-69c2bd5bf5a5"/>
<objectids-entry key="Default zone¤BE¤BE_Standard_C4484573" objectid="128" type="ACTION" value="b292bfbb-0b51-47ae-b7b5-15c382f91b29"/>
<objectids-entry key="Default zone¤BE¤BE_Standard_C4484573" objectid="129" type="ACTION" value="8cb5fa6c-ca70-4f7f-8c67-7f7fa4d46997"/>
<objectids-entry key="Default zone¤BE¤BE_Standard_C4484573" objectid="130" type="ACTION" value="ace60b0b-969a-4aaf-adfd-25b4a55063da"/>
<objectids-entry key="Default zone¤BE¤BE_Standard_C4484573" objectid="131" type="ACTION" value="9bfbb656-c188-42d5-85bd-5f3f05447368"/>
<objectids-entry key="Default zone¤BE¤BE_Standard_C4484573" objectid="132" type="ACTION" value="b31fef9a-c777-4caf-9e0c-783a5a16682d"/>
<objectids-entry key="Default zone¤BE¤BE_Standard_C4484573" objectid="133" type="ACTION" value="294e7fd0-8edc-4c77-b5f6-d0742eee7ab9"/>
<objectids-entry key="Default zone¤BE¤BE_Standard_C4484573" objectid="134" type="HTTP_PAGE" value="1caab196-d8de-42b3-9706-f2a795d43454"/>
<objectids-entry key="Default zone¤BE¤BE_Standard_C4484573" objectid="135" type="ACTION" value="f17a2c4e-aa34-4d3a-9405-3bc83b2c3ce4"/>
<objectids-entry key="Default zone¤BE¤BE_Standard_C4484573" objectid="136" type="ACTION" value="8d41cea9-2695-4e36-9b04-a497a4d57f93"/>
<objectids-entry key="Default zone¤BE¤BE_Standard_C4484573" objectid="137" type="ACTION" value="5c865325-77aa-4eb5-b714-2e0e885aebed"/>
<objectids-entry key="Default zone¤BE¤BE_Standard_C4484573" objectid="138" type="ACTION" value="0ed2a95f-33e0-4e21-b10f-d47c6062207e"/>
<objectids-entry key="Default zone¤BE¤BE_Standard_C4484573" objectid="139" type="ACTION" value="e6d3257e-246c-409c-91a3-fe3cbf4bc6e3"/>
<objectids-entry key="Default zone¤BE¤BE_Standard_C4484573" objectid="140" type="ACTION" value="824dd7d5-3574-4db9-9b6d-ed0d2139dd99"/>
<objectids-entry key="Default zone¤BE¤BE_Standard_C4484573" objectid="141" type="ACTION" value="5eaa8e48-5e9a-4cde-90ca-8d484f9b39c6"/>
<objectids-entry key="Default zone¤BE¤BE_Standard_C4484573" objectid="142" type="ACTION" value="1cf33351-bd4f-4a44-bd5c-d528dfccbd50"/>
<objectids-entry key="Default zone¤BE¤BE_Standard_C4484573" objectid="143" type="ACTION" value="852be917-49b7-43b6-961a-7ef62116211e"/>
<objectids-entry key="Default zone¤BE¤BE_Standard_C4484573" objectid="144" type="ACTION" value="d471acce-a05c-4e15-b34d-fc2b7c5fa2c6"/>
<objectids-entry key="Default zone¤BE¤BE_Standard_C4484573" objectid="145" type="HTTP_PAGE" value="50e95f6d-9ffc-4819-a234-c50d26ccc67f"/>
<objectids-entry key="Default zone¤BE¤BE_Standard_C4484573" objectid="146" type="ACTION" value="5ba139b6-3900-46db-8009-fb52701b8284"/>
<objectids-entry key="Default zone¤BE¤BE_Standard_C4484573" objectid="147" type="ACTION" value="a86c0802-b9d3-45fc-b7d0-bf465c6b15d9"/>
<objectids-entry key="Default zone¤BE¤BE_Standard_C4484573" objectid="148" type="HTTP_PAGE" value="0d6a31c8-286f-4e12-b03a-de8806d32162"/>
<objectids-entry key="Default zone¤BE¤BE_Standard_C4484573" objectid="149" type="ACTION" value="bd77e3f1-f460-40f8-aeac-ca66b01760ad"/>
<objectids-entry key="Default zone¤BE¤BE_Standard_C4484573" objectid="150" type="BASIC_LOGICAL_CONTAINER" value="9f5572cb-53af-4f29-a35a-79a102acb266"/>
<objectids-entry key="Default zone¤BE¤BE_Standard_C4484573" objectid="151" type="HTTP_PAGE" value="391e57fa-8b4a-41b1-9c99-66228929e6b9"/>
<objectids-entry key="Default zone¤BE¤BE_Standard_C4484573" objectid="152" type="ACTION" value="41c01fcd-5fa4-4bee-a011-027be3bd7750"/>
<objectids-entry key="Default zone¤BE¤BE_Standard_C4484573" objectid="153" type="ACTION" value="44d18e85-84c0-4d7e-b197-111ec4b13ea4"/>
<objectids-entry key="Default zone¤BE¤BE_Standard_C4484573" objectid="154" type="ACTION" value="182b5671-cc9c-4334-b9bb-323b6817d229"/>
<objectids-entry key="Default zone¤BE¤BE_Standard_C4484573" objectid="155" type="ACTION" value="f101cd09-1801-47da-990a-a6802887506e"/>
<objectids-entry key="Default zone¤BE¤BE_Standard_C4484573" objectid="156" type="BASIC_LOGICAL_CONTAINER" value="7c9d492f-b43e-4bf7-bc21-5bde93c6407e"/>
<objectids-entry key="Default zone¤BE¤BE_Standard_C4484573" objectid="157" type="HTTP_PAGE" value="429311fd-4b57-4e69-b835-64082f80779c"/>
<objectids-entry key="Default zone¤BE¤BE_Standard_C4484573" objectid="158" type="ACTION" value="e7fd40be-83d7-46ec-93ad-20c70f595845"/>
<objectids-entry key="Default zone¤BE¤BE_Standard_C4484573" objectid="159" type="ACTION" value="22ab72b7-b51b-44e8-8147-9613af91b2ff"/>
<objectids-entry key="Default zone¤BE¤BE_Standard_C4484573" objectid="160" type="ACTION" value="12f40cd6-c252-46f2-92f9-351a7a1353f0"/>
<objectids-entry key="Default zone¤BE¤BE_Standard_C4484573" objectid="161" type="ACTION" value="47963971-4dfc-449a-b03b-e13e73754e74"/>
<objectids-entry key="Default zone¤BE¤BE_Standard_C4484573" objectid="162" type="ACTION" value="8b0b7399-3e9b-4466-96b1-ffee92296249"/>
<objectids-entry key="Default zone¤BE¤BE_Standard_C4484573" objectid="163" type="ACTION" value="5a07e6d1-0474-4dd4-b3bb-4c5a4c3ef7ee"/>
<objectids-entry key="Default zone¤BE¤BE_Standard_C4484573" objectid="164" type="ACTION" value="f0f4894e-9355-4d5a-95b7-9d886e9bbfa5"/>
<objectids-entry key="Default zone¤BE¤BE_Standard_C4484573" objectid="165" type="BASIC_LOGICAL_CONTAINER" value="5ecc8224-933b-4aff-909f-f880036107ee"/>
<objectids-entry key="Default zone¤BE¤BE_Standard_C4484573" objectid="166" type="HTTP_PAGE" value="05d6a882-db4e-4068-a1de-66c74cd2b412"/>
<objectids-entry key="Default zone¤BE¤BE_Standard_C4484573" objectid="167" type="ACTION" value="63474e2b-d7a9-4eda-8488-9893dae55a08"/>
<objectids-entry key="Default zone¤BE¤BE_Standard_C4484573" objectid="168" type="ACTION" value="221c3b8b-bbc8-4c40-924b-f3a05da3a694"/>
<objectids-entry key="Default zone¤BE¤BE_Standard_C4484573" objectid="169" type="ACTION" value="716b5a24-2f26-438a-8c87-2a428b0150f1"/>
<objectids-entry key="Default zone¤BE¤BE_Standard_C4484573" objectid="170" type="ACTION" value="b1b8081a-252d-4b67-a246-eadd43742584"/>
<objectids-entry key="Default zone¤BE¤BE_Standard_C4484573" objectid="171" type="ACTION" value="491cfd5a-bec6-4276-ac64-c6b2ba467706"/>
<objectids-entry key="Default zone¤BE¤BE_Standard_C4484573" objectid="172" type="BASIC_LOGICAL_CONTAINER" value="2a818012-4c3d-4ad0-ae6c-23156e374bba"/>
<objectids-entry key="Default zone¤BE¤BE_Standard_C4484573" objectid="173" type="HTTP_PAGE" value="1ea78997-065e-409e-9b1c-5e17ea4cb054"/>
<objectids-entry key="Default zone¤BE¤BE_Standard_C4484573" objectid="174" type="ACTION" value="2a1ee1ab-d769-44dd-ad01-76c9164c1b42"/>
<objectids-entry key="Default zone¤BE¤BE_Standard_C4484573" objectid="175" type="ACTION" value="2b5db10b-e218-40a2-8dc3-73b2778d9531"/>
<objectids-entry key="Default zone¤BE¤BE_Standard_C4484573" objectid="176" type="ACTION" value="a598b9f4-2923-4a13-a2b0-92808c87e4bd"/>
<objectids-entry key="Default zone¤BE¤BE_Standard_C4484573" objectid="177" type="ACTION" value="f24dd2ac-57fc-429d-b369-3ea6dffc5386"/>
<objectids-entry key="Default zone¤BE¤BE_Standard_C4484573" objectid="178" type="BASIC_LOGICAL_CONTAINER" value="f09a7c8c-ef7d-4534-9597-497cf8700560"/>
<objectids-entry key="Default zone¤BE¤BE_Standard_C4484573" objectid="179" type="HTTP_PAGE" value="0f39c991-c1fc-48a5-b4f4-b86b44629667"/>
<objectids-entry key="Default zone¤BE¤BE_Standard_C4484573" objectid="180" type="ACTION" value="21365ffa-8d1b-41e8-b8d4-8c66f853718c"/>
<objectids-entry key="Default zone¤BE¤BE_Standard_C4484573" objectid="181" type="HTTP_PAGE" value="15109d07-0d11-4750-9bed-c929ae421cd5"/>
<objectids-entry key="Default zone¤BE¤BE_Standard_C4484573" objectid="182" type="ACTION" value="0604b4e9-3901-4abf-bc63-67492eb20bce"/>
<objectids-entry key="Default zone¤BE¤BE_Standard_C4484573" objectid="183" type="ACTION" value="a5d33c03-fa3b-4a66-a44b-8973566ca0cd"/>
<objectids-entry key="Default zone¤BE¤BE_Standard_C4484573" objectid="184" type="ACTION" value="844325b9-9c86-413d-96c1-b6dafd50e31c"/>
<objectids-entry key="Default zone¤BE¤BE_Standard_C4484573" objectid="185" type="ACTION" value="64f2daae-a5c6-415e-b024-049332977e9b"/>
<objectids-entry key="Default zone¤BE¤BE_Standard_C4484573" objectid="186" type="BASIC_LOGICAL_CONTAINER" value="df8629ab-b6e3-4193-a85c-278e281f2f56"/>
<objectids-entry key="Default zone¤BE¤BE_Standard_C4484573" objectid="187" type="HTTP_PAGE" value="6ff3b112-3911-4b01-8123-c554ba664d66"/>
<objectids-entry key="Default zone¤BE¤BE_Standard_C4484573" objectid="188" type="ACTION" value="6770fa35-9021-4d27-af85-1ce8c0bb31ed"/>
<objectids-entry key="Default zone¤BE¤BE_Standard_C4484573" objectid="189" type="HTTP_PAGE" value="74cac6eb-8ff9-41d4-b798-01e190b815df"/>
<objectids-entry key="Default zone¤BE¤BE_Standard_C4484573" objectid="190" type="ACTION" value="ccf87e51-245a-4ff6-96ef-605fc18fb424"/>
<objectids-entry key="Default zone¤BE¤BE_Standard_C4484573" objectid="191" type="ACTION" value="11acb6b6-9d18-4ab8-9e31-87bc97f469dd"/>
<objectids-entry key="Default zone¤BE¤BE_Standard_C4484573" objectid="192" type="ACTION" value="65508346-06d0-4edf-8483-99f647102fb3"/>
<objectids-entry key="Default zone¤BE¤BE_Standard_C4484573" objectid="193" type="ACTION" value="79256f70-20ed-4e40-b7e5-38e8f8bba0e2"/>
<objectids-entry key="Default zone¤BE¤BE_Standard_C4484573" objectid="194" type="ACTION" value="a0ca31c1-cc47-41c1-8938-dedc14557124"/>
<objectids-entry key="Default zone¤BE¤BE_Standard_C4484573" objectid="195" type="BASIC_LOGICAL_CONTAINER" value="35eaf912-cbc4-459c-836a-5077ae6c3010"/>
<objectids-entry key="Default zone¤BE¤BE_Standard_C4484573" objectid="196" type="HTTP_PAGE" value="273b7dc3-0e00-44d4-b1c9-3417c85f12f4"/>
<objectids-entry key="Default zone¤BE¤BE_Standard_C4484573" objectid="197" type="ACTION" value="46e65d7f-b587-4bcf-86a2-205b1d3bfb59"/>
<objectids-entry key="Default zone¤BE¤BE_Standard_C4484573" objectid="198" type="ACTION" value="884fba40-56ae-4917-adc0-868033515b47"/>
<objectids-entry key="Default zone¤BE¤BE_Standard_C4484573" objectid="199" type="BASIC_LOGICAL_CONTAINER" value="ba4bdc20-adad-4bbb-b296-cfe4bc5b81d2"/>
<objectids-entry key="Default zone¤BE¤BE_Standard_C4484573" objectid="200" type="HTTP_PAGE" value="4670d079-3f98-4b8a-8169-df564d44471b"/>
<objectids-entry key="Default zone¤BE¤BE_Standard_C4484573" objectid="201" type="ACTION" value="1be28b46-4dd2-4b2a-9e58-1b7be3fbb42b"/>
<objectids-entry key="Default zone¤BE¤BE_Standard_C4484573" objectid="202" type="ACTION" value="3e7f22b3-40fd-4ef6-929d-a0c7cc881aa7"/>
<objectids-entry key="Default zone¤BE¤BE_Standard_C4484573" objectid="203" type="ACTION" value="f618234f-89ba-454d-8831-cc6321d63e83"/>
<objectids-entry key="Default zone¤BE¤BE_Standard_C4484573" objectid="204" type="ACTION" value="8fa011a9-2c5d-4d65-b5a4-61b4c11f791b"/>
<objectids-entry key="Default zone¤BE¤BE_Standard_C4484573" objectid="205" type="ACTION" value="9ff6339d-d482-4ccc-b987-f81448325b79"/>
<objectids-entry key="Default zone¤BE¤BE_Standard_C4484573" objectid="206" type="ACTION" value="6159705a-d4b4-4c22-af69-ceb70ab66516"/>
<objectids-entry key="Default zone¤BE¤BE_Standard_C4484573" objectid="207" type="BASIC_LOGICAL_CONTAINER" value="9ca367be-775a-4cc3-9892-bd42d998d429"/>
<objectids-entry key="Default zone¤BE¤BE_Standard_C4484573" objectid="208" type="HTTP_PAGE" value="64cfe624-2166-41f9-9a42-5dfa8ac3064c"/>
<objectids-entry key="Default zone¤BE¤BE_Standard_C4484573" objectid="209" type="ACTION" value="388b9702-d198-4d5a-8c41-3328d1cb61aa"/>
<objectids-entry key="Default zone¤BE¤BE_Standard_C4484573" objectid="210" type="HTTP_PAGE" value="cb232c7a-0299-4d8b-85b4-5c8f106d3278"/>
<objectids-entry key="Default zone¤BE¤BE_Standard_C4484573" objectid="211" type="ACTION" value="d4c1fb71-5029-420d-94d3-991d8e4f1901"/>
<objectids-entry key="Default zone¤BE¤BE_Standard_C4484573" objectid="212" type="ACTION" value="1cee1599-fc62-4b43-966c-3e96bcdf5546"/>
<objectids-entry key="Default zone¤BE¤BE_Standard_C4484573" objectid="213" type="HTTP_PAGE" value="a22a3cbb-7452-4586-b16b-f42b19df1fb0"/>
<objectids-entry key="Default zone¤BE¤BE_Standard_C4484573" objectid="214" type="ACTION" value="0c37a04a-1a3f-4676-86ce-2bb6ef33030a"/>
<objectids-entry key="Default zone¤BE¤BE_Standard_C4484573" objectid="215" type="HTTP_PAGE" value="6ca11a9c-e579-425e-9456-cca992b7c521"/>
<objectids-entry key="Default zone¤BE¤BE_Standard_C4484573" objectid="216" type="ACTION" value="6fe917ed-cad6-49a3-ae8c-fce6ac2e8ab6"/>
<objectids-entry key="Default zone¤BE¤BE_Standard_C4484573" objectid="217" type="ACTION" value="8c2802bf-95d2-4a2f-b69a-68cb81b9bb0a"/>
<objectids-entry key="Default zone¤BE¤BE_Standard_C4484573" objectid="218" type="ACTION" value="57617e98-9fd5-4ca5-a73d-eecf106cabfc"/>
<objectids-entry key="Default zone¤BE¤BE_Standard_C4484573" objectid="219" type="BASIC_LOGICAL_CONTAINER" value="b6466b25-de27-44a8-847d-a8f6c3b779ff"/>
<objectids-entry key="Default zone¤BE¤BE_Standard_C4484573" objectid="220" type="DELAY" value="39a2a208-1de2-443a-8712-006761555029"/>
<objectids-entry key="Default zone¤BE¤BE_Standard_C4484573" objectid="221" type="BASIC_LOGICAL_CONTAINER" value="$parent=BE_Standard_C4484573;$index=2"/>
<objectids-entry key="¤¤" objectid="222" type="MONITORED_HOST" value="NeoLoad"/>
<objectids-entry key="¤¤" objectid="223" type="MONITORCONNECTION" value="NeoLoad$NeoLoad"/>
<objectids-entry key="¤¤" objectid="224" type="MONITOR" value="NeoLoad$NeoLoad$UserLoad"/>
<objectids-entry key="¤¤" objectid="225" type="MONITOR" value="NeoLoad$NeoLoad$throughput"/>
<objectids-entry key="¤¤" objectid="226" type="MONITOR" value="NeoLoad$NeoLoad$Alerts"/>
<objectids-entry key="¤¤" objectid="227" type="MONITOR" value="NeoLoad$NeoLoad$CriticalAlerts"/>
<objectids-entry key="¤¤" objectid="228" type="MONITOR" value="NeoLoad$NeoLoad$WarningAlerts"/>
<objectids-entry key="¤¤" objectid="229" type="MONITOR" value="NeoLoad$NeoLoad$cpu"/>
<objectids-entry key="¤¤" objectid="230" type="THRESHOLD" value="NeoLoad$NeoLoad$3cd6742c-41f0-41e8-b71e-630c3341ebb2"/>
<objectids-entry key="¤¤" objectid="231" type="MONITOR" value="NeoLoad$NeoLoad$memory"/>
<objectids-entry key="¤¤" objectid="232" type="THRESHOLD" value="NeoLoad$NeoLoad$b7eb5c84-44bc-4a48-96f2-e65e057454e4"/>
<objectids-entry key="¤¤" objectid="233" type="MONITOR" value="NeoLoad$NeoLoad$threadcount"/>
<objectids-entry key="¤¤" objectid="234" type="MONITOR" value="NeoLoad$NeoLoad$memoryos"/>
<objectids-entry key="¤¤" objectid="235" type="THRESHOLD" value="NeoLoad$NeoLoad$1538601f-2324-4fa1-a937-d155dc1eb08a"/>
<objectids-entry key="¤¤" objectid="236" type="MONITOR" value="NeoLoad$NeoLoad$connectedlg"/>
<objectids-entry key="¤¤" objectid="237" type="MONITOR" value="NeoLoad$NeoLoad$totallgdisconnections"/>
<objectids-entry key="¤¤" objectid="238" type="THRESHOLD" value="NeoLoad$NeoLoad$4793a051-7a0b-4f27-915a-ef0dc45efda2"/>
<objectids-entry key="¤¤" objectid="239" type="MONITOR" value="NeoLoad$NeoLoad$totallgreconnections"/>
<objectids-entry key="¤¤" objectid="240" type="MONITOR" value="NeoLoad$NeoLoad$otcp.NeoLoad"/>
<objectids-entry key="¤¤" objectid="241" type="MONITOR" value="NeoLoad$NeoLoad$tcp.NeoLoad"/>
<objectids-entry key="¤¤" objectid="242" type="MONITOR" value="NeoLoad$NeoLoad$ibytesperinterface~NeoLoad~eth11"/>
<objectids-entry key="¤¤" objectid="243" type="MONITOR" value="NeoLoad$NeoLoad$obytesperinterface~NeoLoad~eth11"/>
<objectids-entry key="¤¤" objectid="244" type="MONITOR" value="NeoLoad$NeoLoad$ibytesperinterface~NeoLoad~eth13"/>
<objectids-entry key="¤¤" objectid="245" type="MONITOR" value="NeoLoad$NeoLoad$obytesperinterface~NeoLoad~eth13"/>
<objectids-entry key="¤¤" objectid="246" type="MONITOR" value="NeoLoad$NeoLoad$SapUserLoad"/>
<objectids-entry key="¤¤" objectid="247" type="MONITOR" value="NeoLoad$NeoLoad$zoneuserload~Default zone"/>
<objectids-entry key="¤¤" objectid="248" type="MONITOR" value="NeoLoad$NeoLoad$zoneuserloadperpopulation~Default zone~BE"/>
<objectids-entry key="¤¤" objectid="249" type="MONITOR" value="NeoLoad$NeoLoad$zoneuserloadperpopulation~Default zone~BE~BE_Standard_C4484573"/>
<objectids-entry key="¤¤" objectid="250" type="MONITORED_HOST" value="LG 887357-1RDPT002.davison.local:7100"/>
<objectids-entry key="¤¤" objectid="251" type="MONITORCONNECTION" value="LG 887357-1RDPT002.davison.local:7100$NeoLoad"/>
<objectids-entry key="¤¤" objectid="252" type="MONITOR" value="LG 887357-1RDPT002.davison.local:7100$NeoLoad$lgcpu.887357-1RDPT002.davison.local:7100"/>
<objectids-entry key="¤¤" objectid="253" type="THRESHOLD" value="LG 887357-1RDPT002.davison.local:7100$NeoLoad$f1c96877-e287-4d95-a687-0b57b2e7c31f"/>
<objectids-entry key="¤¤" objectid="254" type="MONITOR" value="LG 887357-1RDPT002.davison.local:7100$NeoLoad$lgmemory.887357-1RDPT002.davison.local:7100"/>
<objectids-entry key="¤¤" objectid="255" type="THRESHOLD" value="LG 887357-1RDPT002.davison.local:7100$NeoLoad$e820f93b-b9a2-451c-bfc4-b1dc4a088838"/>
<objectids-entry key="¤¤" objectid="256" type="MONITOR" value="LG 887357-1RDPT002.davison.local:7100$NeoLoad$lgthroughput.887357-1RDPT002.davison.local:7100"/>
<objectids-entry key="¤¤" objectid="257" type="MONITOR" value="LG 887357-1RDPT002.davison.local:7100$NeoLoad$lgosmemory.887357-1RDPT002.davison.local:7100"/>
<objectids-entry key="¤¤" objectid="258" type="THRESHOLD" value="LG 887357-1RDPT002.davison.local:7100$NeoLoad$d35a6c2d-22b5-428c-bc90-ce181be02be9"/>
<objectids-entry key="¤¤" objectid="259" type="MONITOR" value="LG 887357-1RDPT002.davison.local:7100$NeoLoad$lguserloadperpopulation~887357-1RDPT002.davison.local:7100"/>
<objectids-entry key="¤¤" objectid="260" type="MONITOR" value="LG 887357-1RDPT002.davison.local:7100$NeoLoad$lgthreadcount.887357-1RDPT002.davison.local:7100"/>
<objectids-entry key="¤¤" objectid="261" type="MONITOR" value="LG 887357-1RDPT002.davison.local:7100$NeoLoad$lg.jetty.httpclient.threadpool.used.887357-1RDPT002.davison.local:7100"/>
<objectids-entry key="¤¤" objectid="262" type="MONITOR" value="LG 887357-1RDPT002.davison.local:7100$NeoLoad$lg.jetty.httpclient.taskpool.used.887357-1RDPT002.davison.local:7100"/>
<objectids-entry key="¤¤" objectid="263" type="THRESHOLD" value="LG 887357-1RDPT002.davison.local:7100$NeoLoad$3e5acc39-0650-4f33-af18-b7148bd1597b"/>
<objectids-entry key="¤¤" objectid="264" type="MONITOR" value="LG 887357-1RDPT002.davison.local:7100$NeoLoad$lgdisconnections.887357-1RDPT002.davison.local:7100"/>
<objectids-entry key="¤¤" objectid="265" type="MONITOR" value="LG 887357-1RDPT002.davison.local:7100$NeoLoad$lgreconnections.887357-1RDPT002.davison.local:7100"/>
<objectids-entry key="¤¤" objectid="266" type="MONITOR" value="LG 887357-1RDPT002.davison.local:7100$NeoLoad$lgping.887357-1RDPT002.davison.local:7100"/>
<objectids-entry key="¤¤" objectid="267" type="MONITOR" value="LG 887357-1RDPT002.davison.local:7100$NeoLoad$lgotcp.887357-1RDPT002.davison.local:7100"/>
<objectids-entry key="¤¤" objectid="268" type="MONITOR" value="LG 887357-1RDPT002.davison.local:7100$NeoLoad$lgtcp.887357-1RDPT002.davison.local:7100"/>
<objectids-entry key="¤¤" objectid="269" type="MONITOR" value="LG 887357-1RDPT002.davison.local:7100$NeoLoad$lgibytesperinterface~887357-1RDPT002.davison.local:7100~eth5"/>
<objectids-entry key="¤¤" objectid="270" type="MONITOR" value="LG 887357-1RDPT002.davison.local:7100$NeoLoad$lgobytesperinterface~887357-1RDPT002.davison.local:7100~eth5"/>
<objectids-entry key="¤¤" objectid="271" type="MONITOR" value="LG 887357-1RDPT002.davison.local:7100$NeoLoad$lgibytesperinterface~887357-1RDPT002.davison.local:7100~eth4"/>
<objectids-entry key="¤¤" objectid="272" type="MONITOR" value="LG 887357-1RDPT002.davison.local:7100$NeoLoad$lgobytesperinterface~887357-1RDPT002.davison.local:7100~eth4"/>
</objectids-table>
<!--****** DURATION ******-->
<duration value="0"/>
<!--****** AGGREGATION PERIOD ******-->
<aggregation-period value="1000"/>
<!--****** EXTENDED STATISTICS ******-->
<truncated-mean centered-interval="true" percentage="90"/>
<percentile percentage="50"/>
</project>
