
	<!DOCTYPE project [
		<!ELEMENT project (objectids-table | current-scenario | duration | aggregation-period | truncated-mean | percentile)* >
	
		<!ELEMENT objectids-table (objectids-entry)* >
		<!ELEMENT objectids-entry (#PCDATA)>
		<!ELEMENT duration (#PCDATA)>
		<!ELEMENT truncated-mean (#PCDATA)>
		<!ELEMENT percentile (#PCDATA)>
		<!ELEMENT aggregation-period (#PCDATA)>
		<!ELEMENT current-scenario (#PCDATA)>
		<!ATTLIST duration
		    value CDATA #REQUIRED>
	    <!ATTLIST aggregation-period
		    value CDATA #REQUIRED>
		<!ATTLIST objectids-entry
		    objectid CDATA #REQUIRED
		    type CDATA #REQUIRED
		    value CDATA #REQUIRED
		    key CDATA #REQUIRED>
		<!ATTLIST truncated-mean
		    centered-interval CDATA #REQUIRED
		    percentage CDATA #REQUIRED>
		 <!ATTLIST percentile
		    percentage CDATA #REQUIRED>
	]>


<!--****** RUNTIME PROJECT ******--><project>
<!--****** CURRENT SCENARIO ******-->
<current-scenario>BE_QR_001_C5241574</current-scenario>
<!--****** OBJECTIDS ******-->
<objectids-table>
<objectids-entry key="" objectid="0" type="LG_HOST" value="10.149.80.138:7100"/>
<objectids-entry key="" objectid="1" type="ZONE" value="Default zone"/>
<objectids-entry key="Default zone¤BE¤" objectid="2" type="POPULATION" value="BE"/>
<objectids-entry key="Default zone¤BE¤BE_Standard_C4484573" objectid="3" type="VIRTUAL_USER" value="BE_Standard_C4484573"/>
<objectids-entry key="Default zone¤BE¤BE_Standard_C4484573" objectid="4" type="BASIC_LOGICAL_CONTAINER" value="$parent=BE_Standard_C4484573;$index=0"/>
<objectids-entry key="Default zone¤BE¤BE_Standard_C4484573" objectid="5" type="BASIC_LOGICAL_CONTAINER" value="$parent=BE_Standard_C4484573;$index=1"/>
<objectids-entry key="Default zone¤BE¤BE_Standard_C4484573" objectid="6" type="BASIC_LOGICAL_CONTAINER" value="531c3ab3-c94f-4d05-984b-7a3ecbbc796d"/>
<objectids-entry key="Default zone¤BE¤BE_Standard_C4484573" objectid="7" type="DELAY" value="8917f2c1-ace1-4cfc-a7bb-ea38a2f1b31b"/>
<objectids-entry key="Default zone¤BE¤BE_Standard_C4484573" objectid="8" type="BASIC_LOGICAL_CONTAINER" value="1d11defb-5cb9-4e52-bd41-8e1a4bdc3514"/>
<objectids-entry key="Default zone¤BE¤BE_Standard_C4484573" objectid="9" type="HTTP_PAGE" value="a1d6d2bc-9f7f-466b-80ac-922cf55cc8fd"/>
<objectids-entry key="Default zone¤BE¤BE_Standard_C4484573" objectid="10" type="ACTION" value="4158cc5d-10db-4c43-be06-166ab452a5cd"/>
<objectids-entry key="Default zone¤BE¤BE_Standard_C4484573" objectid="11" type="ACTION" value="4cf6457b-e1bc-4a01-bf65-826649d53fa5"/>
<objectids-entry key="Default zone¤BE¤BE_Standard_C4484573" objectid="12" type="ACTION" value="ce0bcb06-bea6-408d-bf2b-228d0adccc61"/>
<objectids-entry key="Default zone¤BE¤BE_Standard_C4484573" objectid="13" type="ACTION" value="bab8c3d2-6ab5-46ba-a88f-1dc532c5c133"/>
<objectids-entry key="Default zone¤BE¤BE_Standard_C4484573" objectid="14" type="ACTION" value="88c56159-c564-4b6c-9ede-4e45e516c777"/>
<objectids-entry key="Default zone¤BE¤BE_Standard_C4484573" objectid="15" type="ACTION" value="2ea46b0b-d894-43e4-93f5-a914872925cf"/>
<objectids-entry key="Default zone¤BE¤BE_Standard_C4484573" objectid="16" type="ACTION" value="da4378b7-35df-4164-901b-de23f9c311f3"/>
<objectids-entry key="Default zone¤BE¤BE_Standard_C4484573" objectid="17" type="ACTION" value="ef53ae15-7407-48fc-b1f6-ed6deb0478ed"/>
<objectids-entry key="Default zone¤BE¤BE_Standard_C4484573" objectid="18" type="ACTION" value="a20ece5c-4f8c-466f-ba54-382f99c706bd"/>
<objectids-entry key="Default zone¤BE¤BE_Standard_C4484573" objectid="19" type="ACTION" value="607758b6-ccf1-489f-b24b-cb7b55c1e31c"/>
<objectids-entry key="Default zone¤BE¤BE_Standard_C4484573" objectid="20" type="ACTION" value="77432179-f815-4ec5-b51c-aafaa8abee21"/>
<objectids-entry key="Default zone¤BE¤BE_Standard_C4484573" objectid="21" type="ACTION" value="f3b59e8c-ebf2-41a8-8e86-8220598f8f21"/>
<objectids-entry key="Default zone¤BE¤BE_Standard_C4484573" objectid="22" type="HTTP_PAGE" value="ba144afc-b71b-493a-98cb-73a3852c8e6e"/>
<objectids-entry key="Default zone¤BE¤BE_Standard_C4484573" objectid="23" type="ACTION" value="34da66fe-f786-4845-9a3a-e034859259c3"/>
<objectids-entry key="Default zone¤BE¤BE_Standard_C4484573" objectid="24" type="HTTP_PAGE" value="6c9b47c5-958c-4a26-a587-f7cbbc764fc4"/>
<objectids-entry key="Default zone¤BE¤BE_Standard_C4484573" objectid="25" type="ACTION" value="2bd0f32b-868c-4682-8566-b931da2cbe12"/>
<objectids-entry key="Default zone¤BE¤BE_Standard_C4484573" objectid="26" type="ACTION" value="ea45833c-b650-4fae-96ee-b9080faf05c4"/>
<objectids-entry key="Default zone¤BE¤BE_Standard_C4484573" objectid="27" type="ACTION" value="ee76f702-c7a0-4ff3-910b-74246e36f5ac"/>
<objectids-entry key="Default zone¤BE¤BE_Standard_C4484573" objectid="28" type="ACTION" value="c4752cbc-b1aa-49b5-9e25-e04d94509525"/>
<objectids-entry key="Default zone¤BE¤BE_Standard_C4484573" objectid="29" type="BASIC_LOGICAL_CONTAINER" value="7a00904b-0d28-4937-8c15-48ab5b70f07d"/>
<objectids-entry key="Default zone¤BE¤BE_Standard_C4484573" objectid="30" type="HTTP_PAGE" value="14e20045-8dd7-430e-89bb-1fec4ee92303"/>
<objectids-entry key="Default zone¤BE¤BE_Standard_C4484573" objectid="31" type="ACTION" value="5bc6db74-6e8f-43ef-ad7a-dbc1a27cba28"/>
<objectids-entry key="Default zone¤BE¤BE_Standard_C4484573" objectid="32" type="ACTION" value="1f067b7f-30ce-4e9a-94e6-fbfc892fe373"/>
<objectids-entry key="Default zone¤BE¤BE_Standard_C4484573" objectid="33" type="ACTION" value="9dd553c6-e354-4b50-aa9f-d139fd1574ee"/>
<objectids-entry key="Default zone¤BE¤BE_Standard_C4484573" objectid="34" type="ACTION" value="12881234-8a4d-4957-a532-dd9694f8618b"/>
<objectids-entry key="Default zone¤BE¤BE_Standard_C4484573" objectid="35" type="ACTION" value="78227139-8501-4bf9-aa78-945d73c388c4"/>
<objectids-entry key="Default zone¤BE¤BE_Standard_C4484573" objectid="36" type="ACTION" value="b00b2cac-5b40-49b3-ae97-4b1c16595f23"/>
<objectids-entry key="Default zone¤BE¤BE_Standard_C4484573" objectid="37" type="ACTION" value="75c85080-838d-4ad8-9667-cb04d1779337"/>
<objectids-entry key="Default zone¤BE¤BE_Standard_C4484573" objectid="38" type="ACTION" value="aafe999b-793c-4c76-919c-a8585d87893e"/>
<objectids-entry key="Default zone¤BE¤BE_Standard_C4484573" objectid="39" type="ACTION" value="12908d15-ed36-4e8b-93c9-ac8ab0b94cda"/>
<objectids-entry key="Default zone¤BE¤BE_Standard_C4484573" objectid="40" type="ACTION" value="66217860-2f37-4784-af88-8eb4958632f8"/>
<objectids-entry key="Default zone¤BE¤BE_Standard_C4484573" objectid="41" type="ACTION" value="f64b7eaf-9854-4292-84ae-33b8332bc350"/>
<objectids-entry key="Default zone¤BE¤BE_Standard_C4484573" objectid="42" type="ACTION" value="b67254b7-f798-41fc-bb1a-6b940f13ced6"/>
<objectids-entry key="Default zone¤BE¤BE_Standard_C4484573" objectid="43" type="ACTION" value="858541e0-ac16-41df-9ee9-fad85ef19fcc"/>
<objectids-entry key="Default zone¤BE¤BE_Standard_C4484573" objectid="44" type="ACTION" value="d02b5bc6-dbad-48be-91f4-919bf1d1af20"/>
<objectids-entry key="Default zone¤BE¤BE_Standard_C4484573" objectid="45" type="ACTION" value="a57cb3b1-791b-4d58-be4f-054ae39cd5c5"/>
<objectids-entry key="Default zone¤BE¤BE_Standard_C4484573" objectid="46" type="ACTION" value="f9c5f81e-5043-4469-ba96-bd09a01a1175"/>
<objectids-entry key="Default zone¤BE¤BE_Standard_C4484573" objectid="47" type="ACTION" value="9902d44d-9206-41d9-948e-bb4f62d1bbe1"/>
<objectids-entry key="Default zone¤BE¤BE_Standard_C4484573" objectid="48" type="ACTION" value="6254c4c7-9e11-4f3f-8836-2b3d77d502e1"/>
<objectids-entry key="Default zone¤BE¤BE_Standard_C4484573" objectid="49" type="ACTION" value="e8288635-f0a1-400c-95e9-0e3b5b955775"/>
<objectids-entry key="Default zone¤BE¤BE_Standard_C4484573" objectid="50" type="ACTION" value="07d69460-3699-4c29-b0fd-546482607d4c"/>
<objectids-entry key="Default zone¤BE¤BE_Standard_C4484573" objectid="51" type="ACTION" value="43c325e3-8976-4d92-b2f5-3398883f51a5"/>
<objectids-entry key="Default zone¤BE¤BE_Standard_C4484573" objectid="52" type="ACTION" value="9a745304-a7a7-4b94-8ae7-aadd92467b73"/>
<objectids-entry key="Default zone¤BE¤BE_Standard_C4484573" objectid="53" type="ACTION" value="89b1c335-eedc-4ef4-bc9b-c3c589322cb6"/>
<objectids-entry key="Default zone¤BE¤BE_Standard_C4484573" objectid="54" type="ACTION" value="1f01a881-2d1b-47b0-9167-f401b3feb66f"/>
<objectids-entry key="Default zone¤BE¤BE_Standard_C4484573" objectid="55" type="ACTION" value="efca03dc-d939-404c-89de-2fc0aea530b4"/>
<objectids-entry key="Default zone¤BE¤BE_Standard_C4484573" objectid="56" type="ACTION" value="df6bc304-ce48-4f8e-8132-2c6bd95e0e6c"/>
<objectids-entry key="Default zone¤BE¤BE_Standard_C4484573" objectid="57" type="ACTION" value="6378d783-af52-4803-bda4-6b091cc1d96c"/>
<objectids-entry key="Default zone¤BE¤BE_Standard_C4484573" objectid="58" type="ACTION" value="5935f1a4-387b-4b93-8641-81dfc794c6b5"/>
<objectids-entry key="Default zone¤BE¤BE_Standard_C4484573" objectid="59" type="ACTION" value="4e33f4fa-1b3d-4d56-8824-123b96e1bbea"/>
<objectids-entry key="Default zone¤BE¤BE_Standard_C4484573" objectid="60" type="ACTION" value="92b72ba4-a36c-47ec-83ae-4ecdc57ca459"/>
<objectids-entry key="Default zone¤BE¤BE_Standard_C4484573" objectid="61" type="ACTION" value="075e0f3c-9a75-419e-871c-4ffeba2554ec"/>
<objectids-entry key="Default zone¤BE¤BE_Standard_C4484573" objectid="62" type="ACTION" value="2ee43c8e-6948-4ebe-bd13-3ba0623d2509"/>
<objectids-entry key="Default zone¤BE¤BE_Standard_C4484573" objectid="63" type="ACTION" value="f51bd6fc-3830-47b4-9aab-475fdb6b0ad0"/>
<objectids-entry key="Default zone¤BE¤BE_Standard_C4484573" objectid="64" type="ACTION" value="46381f2e-9b24-43f4-a244-71e90c0c6977"/>
<objectids-entry key="Default zone¤BE¤BE_Standard_C4484573" objectid="65" type="ACTION" value="b155f697-9e56-4ec0-b5ce-defebfca2e49"/>
<objectids-entry key="Default zone¤BE¤BE_Standard_C4484573" objectid="66" type="ACTION" value="230cdc2d-8c1c-4a55-a90d-f1805386bf60"/>
<objectids-entry key="Default zone¤BE¤BE_Standard_C4484573" objectid="67" type="ACTION" value="801fbc51-e7db-4afa-ad53-cc3c794f68ce"/>
<objectids-entry key="Default zone¤BE¤BE_Standard_C4484573" objectid="68" type="ACTION" value="5a5a6128-0c1e-4dac-88c4-e9061b8de997"/>
<objectids-entry key="Default zone¤BE¤BE_Standard_C4484573" objectid="69" type="ACTION" value="82b97329-d81b-4938-a7c5-367515cdf050"/>
<objectids-entry key="Default zone¤BE¤BE_Standard_C4484573" objectid="70" type="ACTION" value="6891206a-32ac-49ba-babb-671f506d6607"/>
<objectids-entry key="Default zone¤BE¤BE_Standard_C4484573" objectid="71" type="HTTP_PAGE" value="e827df84-af41-4383-a028-20cbed0e2c78"/>
<objectids-entry key="Default zone¤BE¤BE_Standard_C4484573" objectid="72" type="ACTION" value="2fd64c62-0cc4-42ea-82e1-23600ded0b0b"/>
<objectids-entry key="Default zone¤BE¤BE_Standard_C4484573" objectid="73" type="ACTION" value="05bd8bc1-a4c9-4be8-9dcc-5cbbe3ee26d8"/>
<objectids-entry key="Default zone¤BE¤BE_Standard_C4484573" objectid="74" type="ACTION" value="a8176dbb-e11a-46a6-8229-72cab2f68375"/>
<objectids-entry key="Default zone¤BE¤BE_Standard_C4484573" objectid="75" type="ACTION" value="7eaa8f5d-4d71-4a39-96ce-e86c80e92598"/>
<objectids-entry key="Default zone¤BE¤BE_Standard_C4484573" objectid="76" type="ACTION" value="6ec9df96-3457-48ce-acff-7680fab2db5c"/>
<objectids-entry key="Default zone¤BE¤BE_Standard_C4484573" objectid="77" type="ACTION" value="ece6b69e-ae6f-4785-893d-d940d56a8a6c"/>
<objectids-entry key="Default zone¤BE¤BE_Standard_C4484573" objectid="78" type="ACTION" value="fdee7df4-e046-46dc-937e-37565df6a5ee"/>
<objectids-entry key="Default zone¤BE¤BE_Standard_C4484573" objectid="79" type="ACTION" value="ffc8d6ab-df4f-4e53-8f72-cd4cc3cca2e6"/>
<objectids-entry key="Default zone¤BE¤BE_Standard_C4484573" objectid="80" type="ACTION" value="3dba57db-c5e0-40ea-835f-5685738e32e9"/>
<objectids-entry key="Default zone¤BE¤BE_Standard_C4484573" objectid="81" type="ACTION" value="49bf421c-0057-4782-9cb6-cc2de9fde0ef"/>
<objectids-entry key="Default zone¤BE¤BE_Standard_C4484573" objectid="82" type="ACTION" value="5440fb87-ed59-4b4b-a6fb-d35271ef3004"/>
<objectids-entry key="Default zone¤BE¤BE_Standard_C4484573" objectid="83" type="ACTION" value="01884cbe-1a3b-442e-b19d-ef4de989af60"/>
<objectids-entry key="Default zone¤BE¤BE_Standard_C4484573" objectid="84" type="ACTION" value="3a97b73c-84c7-438b-97e8-714175e3ae7a"/>
<objectids-entry key="Default zone¤BE¤BE_Standard_C4484573" objectid="85" type="ACTION" value="9f5792e9-ec6f-46f0-8e27-1f119630dce7"/>
<objectids-entry key="Default zone¤BE¤BE_Standard_C4484573" objectid="86" type="ACTION" value="a6115d4d-ccc0-41bb-ad22-7c8f41dc35b5"/>
<objectids-entry key="Default zone¤BE¤BE_Standard_C4484573" objectid="87" type="ACTION" value="c27a2733-f966-4afb-819b-f4956c238748"/>
<objectids-entry key="Default zone¤BE¤BE_Standard_C4484573" objectid="88" type="ACTION" value="9a9c0e0b-f957-402d-bd57-2f5d11779530"/>
<objectids-entry key="Default zone¤BE¤BE_Standard_C4484573" objectid="89" type="ACTION" value="5d9a95fd-874d-41f4-a036-059bbb020db4"/>
<objectids-entry key="Default zone¤BE¤BE_Standard_C4484573" objectid="90" type="ACTION" value="dfdedc8c-7c94-45ac-9f7f-dacc2fa925d6"/>
<objectids-entry key="Default zone¤BE¤BE_Standard_C4484573" objectid="91" type="ACTION" value="caab5854-7a65-4dcc-a87a-0843c3d65d5d"/>
<objectids-entry key="Default zone¤BE¤BE_Standard_C4484573" objectid="92" type="ACTION" value="00c1f760-c700-4115-a0b9-20361db4878a"/>
<objectids-entry key="Default zone¤BE¤BE_Standard_C4484573" objectid="93" type="ACTION" value="c148c7a8-e809-4ce3-9b72-0514b8382bda"/>
<objectids-entry key="Default zone¤BE¤BE_Standard_C4484573" objectid="94" type="ACTION" value="d8dfbef7-fde5-483e-905f-c070b7e0fe01"/>
<objectids-entry key="Default zone¤BE¤BE_Standard_C4484573" objectid="95" type="ACTION" value="3c5d2b33-157e-4060-bc47-d05aeb6b4f04"/>
<objectids-entry key="Default zone¤BE¤BE_Standard_C4484573" objectid="96" type="ACTION" value="709eefb6-9dcc-4839-b3d4-1be63313f252"/>
<objectids-entry key="Default zone¤BE¤BE_Standard_C4484573" objectid="97" type="ACTION" value="1b9cf01c-9bcd-43b8-8c46-f381106a539a"/>
<objectids-entry key="Default zone¤BE¤BE_Standard_C4484573" objectid="98" type="ACTION" value="6906d552-72b7-41a5-a191-91fdec0bda4e"/>
<objectids-entry key="Default zone¤BE¤BE_Standard_C4484573" objectid="99" type="ACTION" value="c354bf32-36bb-41dc-8dbb-bcca62a8b848"/>
<objectids-entry key="Default zone¤BE¤BE_Standard_C4484573" objectid="100" type="ACTION" value="6fcab507-82e9-48ea-a647-925b9efa905c"/>
<objectids-entry key="Default zone¤BE¤BE_Standard_C4484573" objectid="101" type="ACTION" value="ab5c767e-272c-4b0b-9a61-499a9c80d495"/>
<objectids-entry key="Default zone¤BE¤BE_Standard_C4484573" objectid="102" type="ACTION" value="6205dd71-e8f4-41aa-a655-2c513a543b08"/>
<objectids-entry key="Default zone¤BE¤BE_Standard_C4484573" objectid="103" type="ACTION" value="1e060416-8f99-4d78-b5e7-edb2834e2eda"/>
<objectids-entry key="Default zone¤BE¤BE_Standard_C4484573" objectid="104" type="ACTION" value="73c72048-d424-4bdf-b08c-f9b76e64df27"/>
<objectids-entry key="Default zone¤BE¤BE_Standard_C4484573" objectid="105" type="ACTION" value="6b997b9c-ea7a-4d75-8911-257e549f7721"/>
<objectids-entry key="Default zone¤BE¤BE_Standard_C4484573" objectid="106" type="ACTION" value="4e43c62e-f52d-43a8-a13b-52303b820bbf"/>
<objectids-entry key="Default zone¤BE¤BE_Standard_C4484573" objectid="107" type="ACTION" value="f56b291d-43ac-4a76-801c-c9f4b9742971"/>
<objectids-entry key="Default zone¤BE¤BE_Standard_C4484573" objectid="108" type="ACTION" value="1ffe0b4c-54be-4842-a91d-cb21f87aaa1f"/>
<objectids-entry key="Default zone¤BE¤BE_Standard_C4484573" objectid="109" type="ACTION" value="3662700c-fe2a-4a00-be91-0365244af2f3"/>
<objectids-entry key="Default zone¤BE¤BE_Standard_C4484573" objectid="110" type="ACTION" value="e7c414a3-f5d2-4127-aa49-5faf15600677"/>
<objectids-entry key="Default zone¤BE¤BE_Standard_C4484573" objectid="111" type="ACTION" value="c83c8460-2c60-46e0-88e4-dee4956612bd"/>
<objectids-entry key="Default zone¤BE¤BE_Standard_C4484573" objectid="112" type="HTTP_PAGE" value="700707e8-ced7-4583-8f76-dc4cddf04fff"/>
<objectids-entry key="Default zone¤BE¤BE_Standard_C4484573" objectid="113" type="ACTION" value="898d39b8-a57e-4c8e-ae17-19272005722b"/>
<objectids-entry key="Default zone¤BE¤BE_Standard_C4484573" objectid="114" type="HTTP_PAGE" value="528262cd-fad3-4dbf-a4af-2266fdf3a283"/>
<objectids-entry key="Default zone¤BE¤BE_Standard_C4484573" objectid="115" type="ACTION" value="e933cc87-aaef-46ba-a7f7-4f69aea5c9d9"/>
<objectids-entry key="Default zone¤BE¤BE_Standard_C4484573" objectid="116" type="BASIC_LOGICAL_CONTAINER" value="ae381278-60d6-4907-b7c0-d83548df467d"/>
<objectids-entry key="Default zone¤BE¤BE_Standard_C4484573" objectid="117" type="HTTP_PAGE" value="89355210-ffa2-48c6-af16-592de92e2b5e"/>
<objectids-entry key="Default zone¤BE¤BE_Standard_C4484573" objectid="118" type="ACTION" value="6d4df1cf-b96d-41c8-920b-5d908d06c8ff"/>
<objectids-entry key="Default zone¤BE¤BE_Standard_C4484573" objectid="119" type="HTTP_PAGE" value="d6164465-5755-4fe3-86de-e5442aa85c15"/>
<objectids-entry key="Default zone¤BE¤BE_Standard_C4484573" objectid="120" type="ACTION" value="690c12f6-5097-4b26-a40c-f7a652d43787"/>
<objectids-entry key="Default zone¤BE¤BE_Standard_C4484573" objectid="121" type="ACTION" value="bf52998d-a766-45fb-a870-1d34d0dd2051"/>
<objectids-entry key="Default zone¤BE¤BE_Standard_C4484573" objectid="122" type="ACTION" value="c03fe42f-bf34-45b2-bb50-9e03349187bd"/>
<objectids-entry key="Default zone¤BE¤BE_Standard_C4484573" objectid="123" type="ACTION" value="d1ed3130-4bf5-4684-abbf-51b747deab24"/>
<objectids-entry key="Default zone¤BE¤BE_Standard_C4484573" objectid="124" type="ACTION" value="983796d3-f4a6-4521-a90c-fe660c9bd99b"/>
<objectids-entry key="Default zone¤BE¤BE_Standard_C4484573" objectid="125" type="ACTION" value="bf476668-d03c-4023-b3ab-f8399032a1a1"/>
<objectids-entry key="Default zone¤BE¤BE_Standard_C4484573" objectid="126" type="ACTION" value="275d8f49-24b3-413d-9a9e-31a02f979c8a"/>
<objectids-entry key="Default zone¤BE¤BE_Standard_C4484573" objectid="127" type="ACTION" value="2d4b7520-7cde-4b71-a450-2eae64151b4c"/>
<objectids-entry key="Default zone¤BE¤BE_Standard_C4484573" objectid="128" type="ACTION" value="2ffd8375-8059-42a2-977f-927bf2b1293b"/>
<objectids-entry key="Default zone¤BE¤BE_Standard_C4484573" objectid="129" type="ACTION" value="4753b881-5ca6-4f7b-ac11-e6984b4842c3"/>
<objectids-entry key="Default zone¤BE¤BE_Standard_C4484573" objectid="130" type="ACTION" value="39cac56a-6824-4e6b-ad34-ccd04e06023f"/>
<objectids-entry key="Default zone¤BE¤BE_Standard_C4484573" objectid="131" type="ACTION" value="d332e5c2-7632-4b85-933c-2a2003bdb4da"/>
<objectids-entry key="Default zone¤BE¤BE_Standard_C4484573" objectid="132" type="ACTION" value="ccd03a16-eb69-4e1e-9162-82f2557db064"/>
<objectids-entry key="Default zone¤BE¤BE_Standard_C4484573" objectid="133" type="ACTION" value="ac0ec8ab-2ce0-4bc4-a54d-8e158ee293f0"/>
<objectids-entry key="Default zone¤BE¤BE_Standard_C4484573" objectid="134" type="ACTION" value="28ab3096-db22-4aa8-8a0c-88105bec4960"/>
<objectids-entry key="Default zone¤BE¤BE_Standard_C4484573" objectid="135" type="ACTION" value="38e9133f-45a6-4193-ae0a-d4b2f785cc91"/>
<objectids-entry key="Default zone¤BE¤BE_Standard_C4484573" objectid="136" type="ACTION" value="9d77fcd6-e4b6-41e0-aedd-9a0defb662d5"/>
<objectids-entry key="Default zone¤BE¤BE_Standard_C4484573" objectid="137" type="ACTION" value="2f991036-0016-4c25-b854-ff6348bc80de"/>
<objectids-entry key="Default zone¤BE¤BE_Standard_C4484573" objectid="138" type="ACTION" value="78d84fde-60d5-450d-b9f0-dc3ee205a7fb"/>
<objectids-entry key="Default zone¤BE¤BE_Standard_C4484573" objectid="139" type="ACTION" value="baa152cf-9de7-4cb0-93ef-41be2892baa5"/>
<objectids-entry key="Default zone¤BE¤BE_Standard_C4484573" objectid="140" type="ACTION" value="657b6af4-5839-476f-b1ca-c9d0d755714b"/>
<objectids-entry key="Default zone¤BE¤BE_Standard_C4484573" objectid="141" type="ACTION" value="1ed18a62-7f88-460e-ae07-fd47ed040e92"/>
<objectids-entry key="Default zone¤BE¤BE_Standard_C4484573" objectid="142" type="ACTION" value="4e14f1bf-4e19-4f13-a6fb-0076a57d29c6"/>
<objectids-entry key="Default zone¤BE¤BE_Standard_C4484573" objectid="143" type="ACTION" value="af72cb8b-2d93-42f7-987f-584af598edd3"/>
<objectids-entry key="Default zone¤BE¤BE_Standard_C4484573" objectid="144" type="ACTION" value="8f8ddf41-d9df-44da-9294-da234fc3b0ad"/>
<objectids-entry key="Default zone¤BE¤BE_Standard_C4484573" objectid="145" type="ACTION" value="71beb6cd-4799-4d28-afea-dca14d35cd33"/>
<objectids-entry key="Default zone¤BE¤BE_Standard_C4484573" objectid="146" type="ACTION" value="e68b48b2-f831-41f5-940b-9754b909cf74"/>
<objectids-entry key="Default zone¤BE¤BE_Standard_C4484573" objectid="147" type="ACTION" value="0eac8f59-4bc0-405e-9577-d961b33dd403"/>
<objectids-entry key="Default zone¤BE¤BE_Standard_C4484573" objectid="148" type="HTTP_PAGE" value="07a36185-014d-4795-8e42-26bcd4e3831b"/>
<objectids-entry key="Default zone¤BE¤BE_Standard_C4484573" objectid="149" type="ACTION" value="4e37596d-aa17-41cb-9015-65a7a3b5748e"/>
<objectids-entry key="Default zone¤BE¤BE_Standard_C4484573" objectid="150" type="ACTION" value="107cb5b7-6644-452b-babb-fbe518bf7604"/>
<objectids-entry key="Default zone¤BE¤BE_Standard_C4484573" objectid="151" type="ACTION" value="53db42b4-4045-4abd-925e-3dabca08a975"/>
<objectids-entry key="Default zone¤BE¤BE_Standard_C4484573" objectid="152" type="ACTION" value="0a9ee01f-b08d-49d5-a837-87e9b9ed2aec"/>
<objectids-entry key="Default zone¤BE¤BE_Standard_C4484573" objectid="153" type="ACTION" value="9fc9fd4d-c749-4d40-9713-79c3e96d19a5"/>
<objectids-entry key="Default zone¤BE¤BE_Standard_C4484573" objectid="154" type="ACTION" value="9b60debd-456f-4c1b-8efd-f774fabe46bb"/>
<objectids-entry key="Default zone¤BE¤BE_Standard_C4484573" objectid="155" type="ACTION" value="d323ce8b-5892-4b5c-9ff6-199cbfd90c8a"/>
<objectids-entry key="Default zone¤BE¤BE_Standard_C4484573" objectid="156" type="ACTION" value="da379b9f-4ac1-4b69-adbb-ad2036fc3ff9"/>
<objectids-entry key="Default zone¤BE¤BE_Standard_C4484573" objectid="157" type="ACTION" value="b211ff6e-9d00-4e45-90b0-12d6648e9ffd"/>
<objectids-entry key="Default zone¤BE¤BE_Standard_C4484573" objectid="158" type="ACTION" value="1b909ca8-e708-433a-b11e-2e26392e8e3b"/>
<objectids-entry key="Default zone¤BE¤BE_Standard_C4484573" objectid="159" type="ACTION" value="4c125d95-ee9b-48ad-b596-76624d80cedb"/>
<objectids-entry key="Default zone¤BE¤BE_Standard_C4484573" objectid="160" type="ACTION" value="0b23ab19-e190-4104-a979-61eb9f084438"/>
<objectids-entry key="Default zone¤BE¤BE_Standard_C4484573" objectid="161" type="ACTION" value="127ab99e-ea4b-4118-8925-41fab3f9c3cf"/>
<objectids-entry key="Default zone¤BE¤BE_Standard_C4484573" objectid="162" type="HTTP_PAGE" value="4cb99dc1-7d45-4b62-b99f-ffae0e65f31a"/>
<objectids-entry key="Default zone¤BE¤BE_Standard_C4484573" objectid="163" type="ACTION" value="cbc2376e-9d4c-46f0-be72-0f1859fcd2a8"/>
<objectids-entry key="Default zone¤BE¤BE_Standard_C4484573" objectid="164" type="BASIC_LOGICAL_CONTAINER" value="883be086-bad6-47c0-a68a-d7ea2f139fda"/>
<objectids-entry key="Default zone¤BE¤BE_Standard_C4484573" objectid="165" type="HTTP_PAGE" value="dd04bed4-8d43-4911-a775-9ff8b3305524"/>
<objectids-entry key="Default zone¤BE¤BE_Standard_C4484573" objectid="166" type="ACTION" value="cd6f00f8-7ef0-4848-a71f-8871fa55fecc"/>
<objectids-entry key="Default zone¤BE¤BE_Standard_C4484573" objectid="167" type="ACTION" value="2509d698-f86b-4e0e-b3eb-7e72fa2abdb4"/>
<objectids-entry key="Default zone¤BE¤BE_Standard_C4484573" objectid="168" type="ACTION" value="b9f20231-b067-4ffa-bb49-50a407700a94"/>
<objectids-entry key="Default zone¤BE¤BE_Standard_C4484573" objectid="169" type="ACTION" value="2fbc2b3e-e32f-4d06-ba50-85d74f5b93f8"/>
<objectids-entry key="Default zone¤BE¤BE_Standard_C4484573" objectid="170" type="BASIC_LOGICAL_CONTAINER" value="fd183e0c-3e0a-4bb3-820c-b2018cc8545b"/>
<objectids-entry key="Default zone¤BE¤BE_Standard_C4484573" objectid="171" type="HTTP_PAGE" value="2f196ad9-5118-4be5-be6c-dcdc2a257961"/>
<objectids-entry key="Default zone¤BE¤BE_Standard_C4484573" objectid="172" type="ACTION" value="9eaf6333-4abb-41d8-89ba-ecd22c46c82c"/>
<objectids-entry key="Default zone¤BE¤BE_Standard_C4484573" objectid="173" type="ACTION" value="a8b36662-ebaa-4337-8ef0-4316e43b51b0"/>
<objectids-entry key="Default zone¤BE¤BE_Standard_C4484573" objectid="174" type="ACTION" value="5fdf2daa-8f20-4d6a-a08a-31a55f21024b"/>
<objectids-entry key="Default zone¤BE¤BE_Standard_C4484573" objectid="175" type="ACTION" value="b6d04945-c28b-4b98-ab5b-4a78d71421ba"/>
<objectids-entry key="Default zone¤BE¤BE_Standard_C4484573" objectid="176" type="ACTION" value="7445fa8c-5a7a-4d22-957a-22bdeaee3e74"/>
<objectids-entry key="Default zone¤BE¤BE_Standard_C4484573" objectid="177" type="ACTION" value="0dbdfe5b-187e-440d-9962-e006c753cfc2"/>
<objectids-entry key="Default zone¤BE¤BE_Standard_C4484573" objectid="178" type="ACTION" value="a6246136-230f-427e-a8cd-de2934ec47c4"/>
<objectids-entry key="Default zone¤BE¤BE_Standard_C4484573" objectid="179" type="BASIC_LOGICAL_CONTAINER" value="12faaa38-5dda-4fdd-a50b-c046bb76301e"/>
<objectids-entry key="Default zone¤BE¤BE_Standard_C4484573" objectid="180" type="HTTP_PAGE" value="334a51f0-59e3-43b6-a121-d338c28f2976"/>
<objectids-entry key="Default zone¤BE¤BE_Standard_C4484573" objectid="181" type="ACTION" value="48487a2b-442c-4399-8c19-9f29f205b969"/>
<objectids-entry key="Default zone¤BE¤BE_Standard_C4484573" objectid="182" type="ACTION" value="0d897ea3-3e47-4268-8209-f4e489bf52c0"/>
<objectids-entry key="Default zone¤BE¤BE_Standard_C4484573" objectid="183" type="ACTION" value="b71f27ba-eaff-4586-9b15-959e265c8407"/>
<objectids-entry key="Default zone¤BE¤BE_Standard_C4484573" objectid="184" type="ACTION" value="e8c6684b-5426-410f-a5c0-9c100b826a13"/>
<objectids-entry key="Default zone¤BE¤BE_Standard_C4484573" objectid="185" type="ACTION" value="e216d0bc-ad22-418c-a2f9-9119c5d9da80"/>
<objectids-entry key="Default zone¤BE¤BE_Standard_C4484573" objectid="186" type="BASIC_LOGICAL_CONTAINER" value="6f4ae498-5c8f-4d66-aa57-f3a9760913a6"/>
<objectids-entry key="Default zone¤BE¤BE_Standard_C4484573" objectid="187" type="HTTP_PAGE" value="7367e48e-a5bf-45f5-882a-d5f7792cb4c2"/>
<objectids-entry key="Default zone¤BE¤BE_Standard_C4484573" objectid="188" type="ACTION" value="87a79335-d429-44a7-8042-dacc1d23de15"/>
<objectids-entry key="Default zone¤BE¤BE_Standard_C4484573" objectid="189" type="ACTION" value="900c7824-265a-4d1c-bd8d-17d3f52e9e2b"/>
<objectids-entry key="Default zone¤BE¤BE_Standard_C4484573" objectid="190" type="ACTION" value="18dbf66b-e511-4e06-a69a-1b52e3206c89"/>
<objectids-entry key="Default zone¤BE¤BE_Standard_C4484573" objectid="191" type="ACTION" value="14995a6c-00ff-4264-8370-b3da19ce4b76"/>
<objectids-entry key="Default zone¤BE¤BE_Standard_C4484573" objectid="192" type="BASIC_LOGICAL_CONTAINER" value="26da487b-28fc-4caf-84f5-4ffb3a785ac9"/>
<objectids-entry key="Default zone¤BE¤BE_Standard_C4484573" objectid="193" type="HTTP_PAGE" value="bf3117d7-1e43-4be4-ad46-43a1177ad9df"/>
<objectids-entry key="Default zone¤BE¤BE_Standard_C4484573" objectid="194" type="ACTION" value="19ca8e1e-d030-4d39-af99-08cce93095cb"/>
<objectids-entry key="Default zone¤BE¤BE_Standard_C4484573" objectid="195" type="HTTP_PAGE" value="b1a3720e-b30a-447f-b56d-bd30ee1c3472"/>
<objectids-entry key="Default zone¤BE¤BE_Standard_C4484573" objectid="196" type="ACTION" value="7d3e1701-2640-413c-8fbd-9708f2bff386"/>
<objectids-entry key="Default zone¤BE¤BE_Standard_C4484573" objectid="197" type="ACTION" value="06ae7528-dcbe-449c-a11c-6819f825b029"/>
<objectids-entry key="Default zone¤BE¤BE_Standard_C4484573" objectid="198" type="ACTION" value="28b988e5-fed5-49ee-9d8a-ebe4e8d7e273"/>
<objectids-entry key="Default zone¤BE¤BE_Standard_C4484573" objectid="199" type="ACTION" value="277fbc1e-3404-4b66-b060-81f312c8311d"/>
<objectids-entry key="Default zone¤BE¤BE_Standard_C4484573" objectid="200" type="BASIC_LOGICAL_CONTAINER" value="99a92eeb-8fe3-458a-9332-398752ac46b6"/>
<objectids-entry key="Default zone¤BE¤BE_Standard_C4484573" objectid="201" type="HTTP_PAGE" value="f0f881b0-eb23-4c84-9824-a4ebef7c1f26"/>
<objectids-entry key="Default zone¤BE¤BE_Standard_C4484573" objectid="202" type="ACTION" value="bc58fa16-f7d5-4d14-9fb6-b49db3120328"/>
<objectids-entry key="Default zone¤BE¤BE_Standard_C4484573" objectid="203" type="HTTP_PAGE" value="4dda3891-392f-4ac0-b02f-881429ab53f9"/>
<objectids-entry key="Default zone¤BE¤BE_Standard_C4484573" objectid="204" type="ACTION" value="a73a5333-8979-45da-97bb-496c88b53757"/>
<objectids-entry key="Default zone¤BE¤BE_Standard_C4484573" objectid="205" type="ACTION" value="f0b3ebd8-7e7f-4437-bae4-2a390a05bf00"/>
<objectids-entry key="Default zone¤BE¤BE_Standard_C4484573" objectid="206" type="ACTION" value="4e01f34f-20f7-4303-b9e9-d3e1dfc42b0d"/>
<objectids-entry key="Default zone¤BE¤BE_Standard_C4484573" objectid="207" type="ACTION" value="fff35faa-7764-4225-a760-4ba2c3f4d5d3"/>
<objectids-entry key="Default zone¤BE¤BE_Standard_C4484573" objectid="208" type="ACTION" value="5eec3c4a-e602-44c7-aa58-42984b6e908a"/>
<objectids-entry key="Default zone¤BE¤BE_Standard_C4484573" objectid="209" type="BASIC_LOGICAL_CONTAINER" value="5fcb35e7-034c-425c-a27c-fbd91d03967c"/>
<objectids-entry key="Default zone¤BE¤BE_Standard_C4484573" objectid="210" type="HTTP_PAGE" value="73b16b49-bf1b-43d2-94f9-b2c1396ed466"/>
<objectids-entry key="Default zone¤BE¤BE_Standard_C4484573" objectid="211" type="ACTION" value="e7d31f75-1f63-40d1-9d59-fffa5014a9a4"/>
<objectids-entry key="Default zone¤BE¤BE_Standard_C4484573" objectid="212" type="ACTION" value="fc0fd69e-43cf-49f3-82d9-6547b2cabbb2"/>
<objectids-entry key="Default zone¤BE¤BE_Standard_C4484573" objectid="213" type="BASIC_LOGICAL_CONTAINER" value="755221eb-c149-4867-a1cb-5dc450dca433"/>
<objectids-entry key="Default zone¤BE¤BE_Standard_C4484573" objectid="214" type="HTTP_PAGE" value="4ae7e228-3622-4726-9835-5448565d9654"/>
<objectids-entry key="Default zone¤BE¤BE_Standard_C4484573" objectid="215" type="ACTION" value="ef770d4a-a126-40b9-b1b9-3bed22647de6"/>
<objectids-entry key="Default zone¤BE¤BE_Standard_C4484573" objectid="216" type="ACTION" value="9cb93696-5291-4fa6-acf6-d43e5730c01b"/>
<objectids-entry key="Default zone¤BE¤BE_Standard_C4484573" objectid="217" type="ACTION" value="99a58aaf-c97c-484f-80f0-1796a94caa33"/>
<objectids-entry key="Default zone¤BE¤BE_Standard_C4484573" objectid="218" type="ACTION" value="170f9b13-9298-4223-ad61-b01df2da13bb"/>
<objectids-entry key="Default zone¤BE¤BE_Standard_C4484573" objectid="219" type="ACTION" value="06a31fdd-cac2-4297-a521-4e8670a111ac"/>
<objectids-entry key="Default zone¤BE¤BE_Standard_C4484573" objectid="220" type="ACTION" value="64339b12-c0bc-42f1-a60f-9c197b6bbcc1"/>
<objectids-entry key="Default zone¤BE¤BE_Standard_C4484573" objectid="221" type="BASIC_LOGICAL_CONTAINER" value="a8a5aa3a-ef21-4ff9-ae45-5ba5460f184a"/>
<objectids-entry key="Default zone¤BE¤BE_Standard_C4484573" objectid="222" type="HTTP_PAGE" value="dc0e2b73-2bd1-4aa3-8a02-618314779256"/>
<objectids-entry key="Default zone¤BE¤BE_Standard_C4484573" objectid="223" type="ACTION" value="427e422e-f1c1-43ae-8e71-280c3496caea"/>
<objectids-entry key="Default zone¤BE¤BE_Standard_C4484573" objectid="224" type="HTTP_PAGE" value="0e37de1b-7d1b-4847-8aa4-b172fcab41b5"/>
<objectids-entry key="Default zone¤BE¤BE_Standard_C4484573" objectid="225" type="ACTION" value="aee14a0d-0828-43f7-acd8-8b9a1ee6cfed"/>
<objectids-entry key="Default zone¤BE¤BE_Standard_C4484573" objectid="226" type="ACTION" value="2050d814-1b7b-42d6-a471-f6b57d98bc43"/>
<objectids-entry key="Default zone¤BE¤BE_Standard_C4484573" objectid="227" type="HTTP_PAGE" value="91cb4b5c-6347-480b-8b8c-3cd07cf6b3b4"/>
<objectids-entry key="Default zone¤BE¤BE_Standard_C4484573" objectid="228" type="ACTION" value="b5687243-26b9-4cfd-b61e-3ae4f1806a7a"/>
<objectids-entry key="Default zone¤BE¤BE_Standard_C4484573" objectid="229" type="HTTP_PAGE" value="f77b011a-ea1f-4602-be4c-f5a0d8d79cc8"/>
<objectids-entry key="Default zone¤BE¤BE_Standard_C4484573" objectid="230" type="ACTION" value="101e505e-c8ac-4758-acbe-687cc4f1db9c"/>
<objectids-entry key="Default zone¤BE¤BE_Standard_C4484573" objectid="231" type="ACTION" value="bcfbbded-809f-4b2b-9622-df00a41ee686"/>
<objectids-entry key="Default zone¤BE¤BE_Standard_C4484573" objectid="232" type="ACTION" value="3eeba433-5b9e-4552-8540-225e6d9f0eab"/>
<objectids-entry key="Default zone¤BE¤BE_Standard_C4484573" objectid="233" type="BASIC_LOGICAL_CONTAINER" value="2f95d766-2f94-4f1c-bd35-02df49f3abb0"/>
<objectids-entry key="Default zone¤BE¤BE_Standard_C4484573" objectid="234" type="DELAY" value="43e253b2-013d-4b05-aa86-1ea083f8d78b"/>
<objectids-entry key="Default zone¤BE¤BE_Standard_C4484573" objectid="235" type="BASIC_LOGICAL_CONTAINER" value="$parent=BE_Standard_C4484573;$index=2"/>
<objectids-entry key="¤¤" objectid="236" type="MONITORED_HOST" value="NeoLoad"/>
<objectids-entry key="¤¤" objectid="237" type="MONITORCONNECTION" value="NeoLoad$NeoLoad"/>
<objectids-entry key="¤¤" objectid="238" type="MONITOR" value="NeoLoad$NeoLoad$UserLoad"/>
<objectids-entry key="¤¤" objectid="239" type="MONITOR" value="NeoLoad$NeoLoad$throughput"/>
<objectids-entry key="¤¤" objectid="240" type="MONITOR" value="NeoLoad$NeoLoad$Alerts"/>
<objectids-entry key="¤¤" objectid="241" type="MONITOR" value="NeoLoad$NeoLoad$CriticalAlerts"/>
<objectids-entry key="¤¤" objectid="242" type="MONITOR" value="NeoLoad$NeoLoad$WarningAlerts"/>
<objectids-entry key="¤¤" objectid="243" type="MONITOR" value="NeoLoad$NeoLoad$cpu"/>
<objectids-entry key="¤¤" objectid="244" type="THRESHOLD" value="NeoLoad$NeoLoad$8c59d5d7-eefa-4b68-beb1-1bb00308b13c"/>
<objectids-entry key="¤¤" objectid="245" type="MONITOR" value="NeoLoad$NeoLoad$memory"/>
<objectids-entry key="¤¤" objectid="246" type="THRESHOLD" value="NeoLoad$NeoLoad$2b6d59b5-c5de-43d6-8890-ad3518ceb751"/>
<objectids-entry key="¤¤" objectid="247" type="MONITOR" value="NeoLoad$NeoLoad$threadcount"/>
<objectids-entry key="¤¤" objectid="248" type="MONITOR" value="NeoLoad$NeoLoad$memoryos"/>
<objectids-entry key="¤¤" objectid="249" type="THRESHOLD" value="NeoLoad$NeoLoad$d4d99c8f-024d-444e-bbc8-6b59ab58ec47"/>
<objectids-entry key="¤¤" objectid="250" type="MONITOR" value="NeoLoad$NeoLoad$connectedlg"/>
<objectids-entry key="¤¤" objectid="251" type="MONITOR" value="NeoLoad$NeoLoad$totallgdisconnections"/>
<objectids-entry key="¤¤" objectid="252" type="THRESHOLD" value="NeoLoad$NeoLoad$82392292-a2a5-4409-ac24-e26dc43af803"/>
<objectids-entry key="¤¤" objectid="253" type="MONITOR" value="NeoLoad$NeoLoad$totallgreconnections"/>
<objectids-entry key="¤¤" objectid="254" type="MONITOR" value="NeoLoad$NeoLoad$otcp.NeoLoad"/>
<objectids-entry key="¤¤" objectid="255" type="MONITOR" value="NeoLoad$NeoLoad$tcp.NeoLoad"/>
<objectids-entry key="¤¤" objectid="256" type="MONITOR" value="NeoLoad$NeoLoad$ibytesperinterface~NeoLoad~eth11"/>
<objectids-entry key="¤¤" objectid="257" type="MONITOR" value="NeoLoad$NeoLoad$obytesperinterface~NeoLoad~eth11"/>
<objectids-entry key="¤¤" objectid="258" type="MONITOR" value="NeoLoad$NeoLoad$ibytesperinterface~NeoLoad~eth13"/>
<objectids-entry key="¤¤" objectid="259" type="MONITOR" value="NeoLoad$NeoLoad$obytesperinterface~NeoLoad~eth13"/>
<objectids-entry key="¤¤" objectid="260" type="MONITOR" value="NeoLoad$NeoLoad$SapUserLoad"/>
<objectids-entry key="¤¤" objectid="261" type="MONITOR" value="NeoLoad$NeoLoad$zoneuserload~Default zone"/>
<objectids-entry key="¤¤" objectid="262" type="MONITOR" value="NeoLoad$NeoLoad$zoneuserloadperpopulation~Default zone~BE"/>
<objectids-entry key="¤¤" objectid="263" type="MONITOR" value="NeoLoad$NeoLoad$zoneuserloadperpopulation~Default zone~BE~BE_Standard_C4484573"/>
<objectids-entry key="¤¤" objectid="264" type="MONITORED_HOST" value="LG 10.149.80.138:7100"/>
<objectids-entry key="¤¤" objectid="265" type="MONITORCONNECTION" value="LG 10.149.80.138:7100$NeoLoad"/>
<objectids-entry key="¤¤" objectid="266" type="MONITOR" value="LG 10.149.80.138:7100$NeoLoad$lgcpu.10.149.80.138:7100"/>
<objectids-entry key="¤¤" objectid="267" type="THRESHOLD" value="LG 10.149.80.138:7100$NeoLoad$423d7c0a-b17b-4296-93a0-7f46f3e4e79f"/>
<objectids-entry key="¤¤" objectid="268" type="MONITOR" value="LG 10.149.80.138:7100$NeoLoad$lgmemory.10.149.80.138:7100"/>
<objectids-entry key="¤¤" objectid="269" type="THRESHOLD" value="LG 10.149.80.138:7100$NeoLoad$0c094db7-8703-4741-b864-4283b03451e9"/>
<objectids-entry key="¤¤" objectid="270" type="MONITOR" value="LG 10.149.80.138:7100$NeoLoad$lgthroughput.10.149.80.138:7100"/>
<objectids-entry key="¤¤" objectid="271" type="MONITOR" value="LG 10.149.80.138:7100$NeoLoad$lgosmemory.10.149.80.138:7100"/>
<objectids-entry key="¤¤" objectid="272" type="THRESHOLD" value="LG 10.149.80.138:7100$NeoLoad$a0954323-e276-40f8-9ea8-086141a7c727"/>
<objectids-entry key="¤¤" objectid="273" type="MONITOR" value="LG 10.149.80.138:7100$NeoLoad$lguserloadperpopulation~10.149.80.138:7100"/>
<objectids-entry key="¤¤" objectid="274" type="MONITOR" value="LG 10.149.80.138:7100$NeoLoad$lgthreadcount.10.149.80.138:7100"/>
<objectids-entry key="¤¤" objectid="275" type="MONITOR" value="LG 10.149.80.138:7100$NeoLoad$lg.jetty.httpclient.threadpool.used.10.149.80.138:7100"/>
<objectids-entry key="¤¤" objectid="276" type="MONITOR" value="LG 10.149.80.138:7100$NeoLoad$lg.jetty.httpclient.taskpool.used.10.149.80.138:7100"/>
<objectids-entry key="¤¤" objectid="277" type="THRESHOLD" value="LG 10.149.80.138:7100$NeoLoad$20124b8c-47b0-48ce-8796-6d91a31581a2"/>
<objectids-entry key="¤¤" objectid="278" type="MONITOR" value="LG 10.149.80.138:7100$NeoLoad$lgdisconnections.10.149.80.138:7100"/>
<objectids-entry key="¤¤" objectid="279" type="MONITOR" value="LG 10.149.80.138:7100$NeoLoad$lgreconnections.10.149.80.138:7100"/>
<objectids-entry key="¤¤" objectid="280" type="MONITOR" value="LG 10.149.80.138:7100$NeoLoad$lgping.10.149.80.138:7100"/>
<objectids-entry key="¤¤" objectid="281" type="MONITOR" value="LG 10.149.80.138:7100$NeoLoad$lgotcp.10.149.80.138:7100"/>
<objectids-entry key="¤¤" objectid="282" type="MONITOR" value="LG 10.149.80.138:7100$NeoLoad$lgtcp.10.149.80.138:7100"/>
<objectids-entry key="¤¤" objectid="283" type="MONITOR" value="LG 10.149.80.138:7100$NeoLoad$lgibytesperinterface~10.149.80.138:7100~eth5"/>
<objectids-entry key="¤¤" objectid="284" type="MONITOR" value="LG 10.149.80.138:7100$NeoLoad$lgobytesperinterface~10.149.80.138:7100~eth5"/>
<objectids-entry key="¤¤" objectid="285" type="MONITOR" value="LG 10.149.80.138:7100$NeoLoad$lgibytesperinterface~10.149.80.138:7100~eth4"/>
<objectids-entry key="¤¤" objectid="286" type="MONITOR" value="LG 10.149.80.138:7100$NeoLoad$lgobytesperinterface~10.149.80.138:7100~eth4"/>
</objectids-table>
<!--****** DURATION ******-->
<duration value="0"/>
<!--****** AGGREGATION PERIOD ******-->
<aggregation-period value="1000"/>
<!--****** EXTENDED STATISTICS ******-->
<truncated-mean centered-interval="true" percentage="90"/>
<percentile percentage="50"/>
</project>
