
	<!DOCTYPE project [
		<!ELEMENT project (objectids-table | current-scenario | duration | aggregation-period | truncated-mean | percentile)* >
	
		<!ELEMENT objectids-table (objectids-entry)* >
		<!ELEMENT objectids-entry (#PCDATA)>
		<!ELEMENT duration (#PCDATA)>
		<!ELEMENT truncated-mean (#PCDATA)>
		<!ELEMENT percentile (#PCDATA)>
		<!ELEMENT aggregation-period (#PCDATA)>
		<!ELEMENT current-scenario (#PCDATA)>
		<!ATTLIST duration
		    value CDATA #REQUIRED>
	    <!ATTLIST aggregation-period
		    value CDATA #REQUIRED>
		<!ATTLIST objectids-entry
		    objectid CDATA #REQUIRED
		    type CDATA #REQUIRED
		    value CDATA #REQUIRED
		    key CDATA #REQUIRED>
		<!ATTLIST truncated-mean
		    centered-interval CDATA #REQUIRED
		    percentage CDATA #REQUIRED>
		 <!ATTLIST percentile
		    percentage CDATA #REQUIRED>
	]>


<!--****** RUNTIME PROJECT ******--><project>
<!--****** CURRENT SCENARIO ******-->
<current-scenario>API_QR_001_C5241578</current-scenario>
<!--****** OBJECTIDS ******-->
<objectids-table>
<objectids-entry key="" objectid="0" type="LG_HOST" value="10.149.80.138:7100"/>
<objectids-entry key="" objectid="1" type="ZONE" value="Default zone"/>
<objectids-entry key="Default zone¤API_Get_EMPID¤" objectid="2" type="POPULATION" value="API_Get_EMPID"/>
<objectids-entry key="Default zone¤API_Get_EMPID¤API_C5630669" objectid="3" type="VIRTUAL_USER" value="API_C5630669"/>
<objectids-entry key="Default zone¤API_Get_EMPID¤API_C5630669" objectid="4" type="BASIC_LOGICAL_CONTAINER" value="$parent=API_C5630669;$index=0"/>
<objectids-entry key="Default zone¤API_Get_EMPID¤API_C5630669" objectid="5" type="BASIC_LOGICAL_CONTAINER" value="$parent=API_C5630669;$index=1"/>
<objectids-entry key="Default zone¤API_Get_EMPID¤API_C5630669" objectid="6" type="BASIC_LOGICAL_CONTAINER" value="7d0f3e45-86a9-4eea-826e-b84bad5bbe71"/>
<objectids-entry key="Default zone¤API_Get_EMPID¤API_C5630669" objectid="7" type="DELAY" value="80482ea0-c62c-4c29-adf1-b9781811bbd2"/>
<objectids-entry key="Default zone¤API_Get_EMPID¤API_C5630669" objectid="8" type="BASIC_LOGICAL_CONTAINER" value="867f3405-9ac1-471e-81ff-7cac4a65796e"/>
<objectids-entry key="Default zone¤API_Get_EMPID¤API_C5630669" objectid="9" type="ACTION" value="6605ce27-986a-49ed-af1f-dab56f2add4c"/>
<objectids-entry key="Default zone¤API_Get_EMPID¤API_C5630669" objectid="10" type="LOOP" value="d7493397-9b21-4789-9064-bccc3d7345ad"/>
<objectids-entry key="Default zone¤API_Get_EMPID¤API_C5630669" objectid="11" type="BASIC_LOGICAL_CONTAINER" value="a8747c78-fa09-4734-aee7-9a8e8a813208"/>
<objectids-entry key="Default zone¤API_Get_EMPID¤API_C5630669" objectid="12" type="ACTION" value="1b2e0c85-e0ee-4797-af29-abe39c3f10a9"/>
<objectids-entry key="Default zone¤API_Get_EMPID¤API_C5630669" objectid="13" type="BASIC_LOGICAL_CONTAINER" value="b07a8b9a-bf46-4d4c-927a-49a8c704699f"/>
<objectids-entry key="Default zone¤API_Get_EMPID¤API_C5630669" objectid="14" type="DELAY" value="fa854447-839f-4b09-af3e-1b3f96340c12"/>
<objectids-entry key="Default zone¤API_Get_EMPID¤API_C5630669" objectid="15" type="BASIC_LOGICAL_CONTAINER" value="$parent=API_C5630669;$index=2"/>
<objectids-entry key="¤¤" objectid="16" type="MONITORED_HOST" value="NeoLoad"/>
<objectids-entry key="¤¤" objectid="17" type="MONITORCONNECTION" value="NeoLoad$NeoLoad"/>
<objectids-entry key="¤¤" objectid="18" type="MONITOR" value="NeoLoad$NeoLoad$UserLoad"/>
<objectids-entry key="¤¤" objectid="19" type="MONITOR" value="NeoLoad$NeoLoad$throughput"/>
<objectids-entry key="¤¤" objectid="20" type="MONITOR" value="NeoLoad$NeoLoad$Alerts"/>
<objectids-entry key="¤¤" objectid="21" type="MONITOR" value="NeoLoad$NeoLoad$CriticalAlerts"/>
<objectids-entry key="¤¤" objectid="22" type="MONITOR" value="NeoLoad$NeoLoad$WarningAlerts"/>
<objectids-entry key="¤¤" objectid="23" type="MONITOR" value="NeoLoad$NeoLoad$cpu"/>
<objectids-entry key="¤¤" objectid="24" type="THRESHOLD" value="NeoLoad$NeoLoad$8ec42b3a-453b-4c5c-9a34-933952c0a18a"/>
<objectids-entry key="¤¤" objectid="25" type="MONITOR" value="NeoLoad$NeoLoad$memory"/>
<objectids-entry key="¤¤" objectid="26" type="THRESHOLD" value="NeoLoad$NeoLoad$f22eec14-b749-4300-b5cd-241567b613d6"/>
<objectids-entry key="¤¤" objectid="27" type="MONITOR" value="NeoLoad$NeoLoad$threadcount"/>
<objectids-entry key="¤¤" objectid="28" type="MONITOR" value="NeoLoad$NeoLoad$memoryos"/>
<objectids-entry key="¤¤" objectid="29" type="THRESHOLD" value="NeoLoad$NeoLoad$047920d4-1c61-44a1-ab8a-f6f604660350"/>
<objectids-entry key="¤¤" objectid="30" type="MONITOR" value="NeoLoad$NeoLoad$connectedlg"/>
<objectids-entry key="¤¤" objectid="31" type="MONITOR" value="NeoLoad$NeoLoad$totallgdisconnections"/>
<objectids-entry key="¤¤" objectid="32" type="THRESHOLD" value="NeoLoad$NeoLoad$de5ba657-2a00-4e5b-a611-d56cb162011b"/>
<objectids-entry key="¤¤" objectid="33" type="MONITOR" value="NeoLoad$NeoLoad$totallgreconnections"/>
<objectids-entry key="¤¤" objectid="34" type="MONITOR" value="NeoLoad$NeoLoad$otcp.NeoLoad"/>
<objectids-entry key="¤¤" objectid="35" type="MONITOR" value="NeoLoad$NeoLoad$tcp.NeoLoad"/>
<objectids-entry key="¤¤" objectid="36" type="MONITOR" value="NeoLoad$NeoLoad$ibytesperinterface~NeoLoad~eth11"/>
<objectids-entry key="¤¤" objectid="37" type="MONITOR" value="NeoLoad$NeoLoad$obytesperinterface~NeoLoad~eth11"/>
<objectids-entry key="¤¤" objectid="38" type="MONITOR" value="NeoLoad$NeoLoad$ibytesperinterface~NeoLoad~eth13"/>
<objectids-entry key="¤¤" objectid="39" type="MONITOR" value="NeoLoad$NeoLoad$obytesperinterface~NeoLoad~eth13"/>
<objectids-entry key="¤¤" objectid="40" type="MONITOR" value="NeoLoad$NeoLoad$SapUserLoad"/>
<objectids-entry key="¤¤" objectid="41" type="MONITOR" value="NeoLoad$NeoLoad$zoneuserload~Default zone"/>
<objectids-entry key="¤¤" objectid="42" type="MONITOR" value="NeoLoad$NeoLoad$zoneuserloadperpopulation~Default zone~API_Get_EMPID"/>
<objectids-entry key="¤¤" objectid="43" type="MONITOR" value="NeoLoad$NeoLoad$zoneuserloadperpopulation~Default zone~API_Get_EMPID~API_C5630669"/>
<objectids-entry key="¤¤" objectid="44" type="MONITORED_HOST" value="LG 10.149.80.138:7100"/>
<objectids-entry key="¤¤" objectid="45" type="MONITORCONNECTION" value="LG 10.149.80.138:7100$NeoLoad"/>
<objectids-entry key="¤¤" objectid="46" type="MONITOR" value="LG 10.149.80.138:7100$NeoLoad$lgcpu.10.149.80.138:7100"/>
<objectids-entry key="¤¤" objectid="47" type="THRESHOLD" value="LG 10.149.80.138:7100$NeoLoad$d2affe01-2ede-47ad-bcc6-e42893f96ae0"/>
<objectids-entry key="¤¤" objectid="48" type="MONITOR" value="LG 10.149.80.138:7100$NeoLoad$lgmemory.10.149.80.138:7100"/>
<objectids-entry key="¤¤" objectid="49" type="THRESHOLD" value="LG 10.149.80.138:7100$NeoLoad$061abee1-d9cb-4ba6-a230-e216ab0ce86e"/>
<objectids-entry key="¤¤" objectid="50" type="MONITOR" value="LG 10.149.80.138:7100$NeoLoad$lgthroughput.10.149.80.138:7100"/>
<objectids-entry key="¤¤" objectid="51" type="MONITOR" value="LG 10.149.80.138:7100$NeoLoad$lgosmemory.10.149.80.138:7100"/>
<objectids-entry key="¤¤" objectid="52" type="THRESHOLD" value="LG 10.149.80.138:7100$NeoLoad$2f614f5d-3ec2-479e-a413-351d9fcf4479"/>
<objectids-entry key="¤¤" objectid="53" type="MONITOR" value="LG 10.149.80.138:7100$NeoLoad$lguserloadperpopulation~10.149.80.138:7100"/>
<objectids-entry key="¤¤" objectid="54" type="MONITOR" value="LG 10.149.80.138:7100$NeoLoad$lgthreadcount.10.149.80.138:7100"/>
<objectids-entry key="¤¤" objectid="55" type="MONITOR" value="LG 10.149.80.138:7100$NeoLoad$lg.jetty.httpclient.threadpool.used.10.149.80.138:7100"/>
<objectids-entry key="¤¤" objectid="56" type="MONITOR" value="LG 10.149.80.138:7100$NeoLoad$lg.jetty.httpclient.taskpool.used.10.149.80.138:7100"/>
<objectids-entry key="¤¤" objectid="57" type="THRESHOLD" value="LG 10.149.80.138:7100$NeoLoad$b3bce3bc-5c1f-4fe6-aeeb-132314fec509"/>
<objectids-entry key="¤¤" objectid="58" type="MONITOR" value="LG 10.149.80.138:7100$NeoLoad$lgdisconnections.10.149.80.138:7100"/>
<objectids-entry key="¤¤" objectid="59" type="MONITOR" value="LG 10.149.80.138:7100$NeoLoad$lgreconnections.10.149.80.138:7100"/>
<objectids-entry key="¤¤" objectid="60" type="MONITOR" value="LG 10.149.80.138:7100$NeoLoad$lgping.10.149.80.138:7100"/>
<objectids-entry key="¤¤" objectid="61" type="MONITOR" value="LG 10.149.80.138:7100$NeoLoad$lgotcp.10.149.80.138:7100"/>
<objectids-entry key="¤¤" objectid="62" type="MONITOR" value="LG 10.149.80.138:7100$NeoLoad$lgtcp.10.149.80.138:7100"/>
<objectids-entry key="¤¤" objectid="63" type="MONITOR" value="LG 10.149.80.138:7100$NeoLoad$lgibytesperinterface~10.149.80.138:7100~eth5"/>
<objectids-entry key="¤¤" objectid="64" type="MONITOR" value="LG 10.149.80.138:7100$NeoLoad$lgobytesperinterface~10.149.80.138:7100~eth5"/>
<objectids-entry key="¤¤" objectid="65" type="MONITOR" value="LG 10.149.80.138:7100$NeoLoad$lgibytesperinterface~10.149.80.138:7100~eth4"/>
<objectids-entry key="¤¤" objectid="66" type="MONITOR" value="LG 10.149.80.138:7100$NeoLoad$lgobytesperinterface~10.149.80.138:7100~eth4"/>
</objectids-table>
<!--****** DURATION ******-->
<duration value="0"/>
<!--****** AGGREGATION PERIOD ******-->
<aggregation-period value="5000"/>
<!--****** EXTENDED STATISTICS ******-->
<truncated-mean centered-interval="true" percentage="90"/>
<percentile percentage="50"/>
</project>
