
	<!DOCTYPE project [
		<!ELEMENT project (objectids-table | current-scenario | duration | aggregation-period | truncated-mean | percentile)* >
	
		<!ELEMENT objectids-table (objectids-entry)* >
		<!ELEMENT objectids-entry (#PCDATA)>
		<!ELEMENT duration (#PCDATA)>
		<!ELEMENT truncated-mean (#PCDATA)>
		<!ELEMENT percentile (#PCDATA)>
		<!ELEMENT aggregation-period (#PCDATA)>
		<!ELEMENT current-scenario (#PCDATA)>
		<!ATTLIST duration
		    value CDATA #REQUIRED>
	    <!ATTLIST aggregation-period
		    value CDATA #REQUIRED>
		<!ATTLIST objectids-entry
		    objectid CDATA #REQUIRED
		    type CDATA #REQUIRED
		    value CDATA #REQUIRED
		    key CDATA #REQUIRED>
		<!ATTLIST truncated-mean
		    centered-interval CDATA #REQUIRED
		    percentage CDATA #REQUIRED>
		 <!ATTLIST percentile
		    percentage CDATA #REQUIRED>
	]>


<!--****** RUNTIME PROJECT ******--><project>
<!--****** CURRENT SCENARIO ******-->
<current-scenario>API_QR_001_C5241578</current-scenario>
<!--****** OBJECTIDS ******-->
<objectids-table>
<objectids-entry key="" objectid="0" type="LG_HOST" value="10.149.80.138:7100"/>
<objectids-entry key="" objectid="1" type="ZONE" value="Default zone"/>
<objectids-entry key="Default zone¤API_Get_EMPID¤" objectid="2" type="POPULATION" value="API_Get_EMPID"/>
<objectids-entry key="Default zone¤API_Get_EMPID¤API_C5630669" objectid="3" type="VIRTUAL_USER" value="API_C5630669"/>
<objectids-entry key="Default zone¤API_Get_EMPID¤API_C5630669" objectid="4" type="BASIC_LOGICAL_CONTAINER" value="$parent=API_C5630669;$index=0"/>
<objectids-entry key="Default zone¤API_Get_EMPID¤API_C5630669" objectid="5" type="BASIC_LOGICAL_CONTAINER" value="$parent=API_C5630669;$index=1"/>
<objectids-entry key="Default zone¤API_Get_EMPID¤API_C5630669" objectid="6" type="BASIC_LOGICAL_CONTAINER" value="6ec36d2d-ad1f-46d9-b3d1-b0525a44964a"/>
<objectids-entry key="Default zone¤API_Get_EMPID¤API_C5630669" objectid="7" type="DELAY" value="8dc78661-c181-45ad-bf3c-c5269b40df24"/>
<objectids-entry key="Default zone¤API_Get_EMPID¤API_C5630669" objectid="8" type="BASIC_LOGICAL_CONTAINER" value="db4e5f56-fd55-4e74-b7b0-6ef822d13284"/>
<objectids-entry key="Default zone¤API_Get_EMPID¤API_C5630669" objectid="9" type="ACTION" value="53fcf2a9-53d1-46ae-a7d2-369022a71bfb"/>
<objectids-entry key="Default zone¤API_Get_EMPID¤API_C5630669" objectid="10" type="LOOP" value="4fd89345-93af-4e37-b3fa-845d81ccc405"/>
<objectids-entry key="Default zone¤API_Get_EMPID¤API_C5630669" objectid="11" type="BASIC_LOGICAL_CONTAINER" value="f5f38132-f46f-4f71-9949-10a4e6bc52f9"/>
<objectids-entry key="Default zone¤API_Get_EMPID¤API_C5630669" objectid="12" type="ACTION" value="de9b5dc8-788f-4f77-ba0a-eb462ff26f28"/>
<objectids-entry key="Default zone¤API_Get_EMPID¤API_C5630669" objectid="13" type="BASIC_LOGICAL_CONTAINER" value="7768a3c4-ada6-4db8-9ed0-e31c60ad9dac"/>
<objectids-entry key="Default zone¤API_Get_EMPID¤API_C5630669" objectid="14" type="DELAY" value="d88b3e39-374b-49b4-b1d9-4c295996c1b8"/>
<objectids-entry key="Default zone¤API_Get_EMPID¤API_C5630669" objectid="15" type="BASIC_LOGICAL_CONTAINER" value="$parent=API_C5630669;$index=2"/>
<objectids-entry key="¤¤" objectid="16" type="MONITORED_HOST" value="NeoLoad"/>
<objectids-entry key="¤¤" objectid="17" type="MONITORCONNECTION" value="NeoLoad$NeoLoad"/>
<objectids-entry key="¤¤" objectid="18" type="MONITOR" value="NeoLoad$NeoLoad$UserLoad"/>
<objectids-entry key="¤¤" objectid="19" type="MONITOR" value="NeoLoad$NeoLoad$throughput"/>
<objectids-entry key="¤¤" objectid="20" type="MONITOR" value="NeoLoad$NeoLoad$Alerts"/>
<objectids-entry key="¤¤" objectid="21" type="MONITOR" value="NeoLoad$NeoLoad$CriticalAlerts"/>
<objectids-entry key="¤¤" objectid="22" type="MONITOR" value="NeoLoad$NeoLoad$WarningAlerts"/>
<objectids-entry key="¤¤" objectid="23" type="MONITOR" value="NeoLoad$NeoLoad$cpu"/>
<objectids-entry key="¤¤" objectid="24" type="THRESHOLD" value="NeoLoad$NeoLoad$97494604-6062-4aab-9421-f1debccefd17"/>
<objectids-entry key="¤¤" objectid="25" type="MONITOR" value="NeoLoad$NeoLoad$memory"/>
<objectids-entry key="¤¤" objectid="26" type="THRESHOLD" value="NeoLoad$NeoLoad$522c6e70-6ddf-460e-96b0-dd1102062667"/>
<objectids-entry key="¤¤" objectid="27" type="MONITOR" value="NeoLoad$NeoLoad$threadcount"/>
<objectids-entry key="¤¤" objectid="28" type="MONITOR" value="NeoLoad$NeoLoad$memoryos"/>
<objectids-entry key="¤¤" objectid="29" type="THRESHOLD" value="NeoLoad$NeoLoad$73f194a3-3b2e-4199-af93-235039f54038"/>
<objectids-entry key="¤¤" objectid="30" type="MONITOR" value="NeoLoad$NeoLoad$connectedlg"/>
<objectids-entry key="¤¤" objectid="31" type="MONITOR" value="NeoLoad$NeoLoad$totallgdisconnections"/>
<objectids-entry key="¤¤" objectid="32" type="THRESHOLD" value="NeoLoad$NeoLoad$3051c9a2-22ad-41b1-a1c5-19dd4ee2f827"/>
<objectids-entry key="¤¤" objectid="33" type="MONITOR" value="NeoLoad$NeoLoad$totallgreconnections"/>
<objectids-entry key="¤¤" objectid="34" type="MONITOR" value="NeoLoad$NeoLoad$otcp.NeoLoad"/>
<objectids-entry key="¤¤" objectid="35" type="MONITOR" value="NeoLoad$NeoLoad$tcp.NeoLoad"/>
<objectids-entry key="¤¤" objectid="36" type="MONITOR" value="NeoLoad$NeoLoad$ibytesperinterface~NeoLoad~eth11"/>
<objectids-entry key="¤¤" objectid="37" type="MONITOR" value="NeoLoad$NeoLoad$obytesperinterface~NeoLoad~eth11"/>
<objectids-entry key="¤¤" objectid="38" type="MONITOR" value="NeoLoad$NeoLoad$ibytesperinterface~NeoLoad~eth13"/>
<objectids-entry key="¤¤" objectid="39" type="MONITOR" value="NeoLoad$NeoLoad$obytesperinterface~NeoLoad~eth13"/>
<objectids-entry key="¤¤" objectid="40" type="MONITOR" value="NeoLoad$NeoLoad$SapUserLoad"/>
<objectids-entry key="¤¤" objectid="41" type="MONITOR" value="NeoLoad$NeoLoad$zoneuserload~Default zone"/>
<objectids-entry key="¤¤" objectid="42" type="MONITOR" value="NeoLoad$NeoLoad$zoneuserloadperpopulation~Default zone~API_Get_EMPID"/>
<objectids-entry key="¤¤" objectid="43" type="MONITOR" value="NeoLoad$NeoLoad$zoneuserloadperpopulation~Default zone~API_Get_EMPID~API_C5630669"/>
<objectids-entry key="¤¤" objectid="44" type="MONITORED_HOST" value="LG 10.149.80.138:7100"/>
<objectids-entry key="¤¤" objectid="45" type="MONITORCONNECTION" value="LG 10.149.80.138:7100$NeoLoad"/>
<objectids-entry key="¤¤" objectid="46" type="MONITOR" value="LG 10.149.80.138:7100$NeoLoad$lgcpu.10.149.80.138:7100"/>
<objectids-entry key="¤¤" objectid="47" type="THRESHOLD" value="LG 10.149.80.138:7100$NeoLoad$830b2c1e-63af-447f-b0a2-3fbe36b12100"/>
<objectids-entry key="¤¤" objectid="48" type="MONITOR" value="LG 10.149.80.138:7100$NeoLoad$lgmemory.10.149.80.138:7100"/>
<objectids-entry key="¤¤" objectid="49" type="THRESHOLD" value="LG 10.149.80.138:7100$NeoLoad$8d10a2f9-d1d0-4b0f-ad07-cd3759a363a5"/>
<objectids-entry key="¤¤" objectid="50" type="MONITOR" value="LG 10.149.80.138:7100$NeoLoad$lgthroughput.10.149.80.138:7100"/>
<objectids-entry key="¤¤" objectid="51" type="MONITOR" value="LG 10.149.80.138:7100$NeoLoad$lgosmemory.10.149.80.138:7100"/>
<objectids-entry key="¤¤" objectid="52" type="THRESHOLD" value="LG 10.149.80.138:7100$NeoLoad$0d9ecfd2-5749-481f-b20f-4faf26c2349b"/>
<objectids-entry key="¤¤" objectid="53" type="MONITOR" value="LG 10.149.80.138:7100$NeoLoad$lguserloadperpopulation~10.149.80.138:7100"/>
<objectids-entry key="¤¤" objectid="54" type="MONITOR" value="LG 10.149.80.138:7100$NeoLoad$lgthreadcount.10.149.80.138:7100"/>
<objectids-entry key="¤¤" objectid="55" type="MONITOR" value="LG 10.149.80.138:7100$NeoLoad$lg.jetty.httpclient.threadpool.used.10.149.80.138:7100"/>
<objectids-entry key="¤¤" objectid="56" type="MONITOR" value="LG 10.149.80.138:7100$NeoLoad$lg.jetty.httpclient.taskpool.used.10.149.80.138:7100"/>
<objectids-entry key="¤¤" objectid="57" type="THRESHOLD" value="LG 10.149.80.138:7100$NeoLoad$f26b6a53-e009-4f50-977a-fa39c751098c"/>
<objectids-entry key="¤¤" objectid="58" type="MONITOR" value="LG 10.149.80.138:7100$NeoLoad$lgdisconnections.10.149.80.138:7100"/>
<objectids-entry key="¤¤" objectid="59" type="MONITOR" value="LG 10.149.80.138:7100$NeoLoad$lgreconnections.10.149.80.138:7100"/>
<objectids-entry key="¤¤" objectid="60" type="MONITOR" value="LG 10.149.80.138:7100$NeoLoad$lgping.10.149.80.138:7100"/>
<objectids-entry key="¤¤" objectid="61" type="MONITOR" value="LG 10.149.80.138:7100$NeoLoad$lgotcp.10.149.80.138:7100"/>
<objectids-entry key="¤¤" objectid="62" type="MONITOR" value="LG 10.149.80.138:7100$NeoLoad$lgtcp.10.149.80.138:7100"/>
<objectids-entry key="¤¤" objectid="63" type="MONITOR" value="LG 10.149.80.138:7100$NeoLoad$lgibytesperinterface~10.149.80.138:7100~eth5"/>
<objectids-entry key="¤¤" objectid="64" type="MONITOR" value="LG 10.149.80.138:7100$NeoLoad$lgobytesperinterface~10.149.80.138:7100~eth5"/>
<objectids-entry key="¤¤" objectid="65" type="MONITOR" value="LG 10.149.80.138:7100$NeoLoad$lgibytesperinterface~10.149.80.138:7100~eth4"/>
<objectids-entry key="¤¤" objectid="66" type="MONITOR" value="LG 10.149.80.138:7100$NeoLoad$lgobytesperinterface~10.149.80.138:7100~eth4"/>
</objectids-table>
<!--****** DURATION ******-->
<duration value="0"/>
<!--****** AGGREGATION PERIOD ******-->
<aggregation-period value="5000"/>
<!--****** EXTENDED STATISTICS ******-->
<truncated-mean centered-interval="true" percentage="90"/>
<percentile percentage="50"/>
</project>
