
	<!DOCTYPE project [
		<!ELEMENT project (objectids-table | current-scenario | duration | aggregation-period | truncated-mean | percentile)* >
	
		<!ELEMENT objectids-table (objectids-entry)* >
		<!ELEMENT objectids-entry (#PCDATA)>
		<!ELEMENT duration (#PCDATA)>
		<!ELEMENT truncated-mean (#PCDATA)>
		<!ELEMENT percentile (#PCDATA)>
		<!ELEMENT aggregation-period (#PCDATA)>
		<!ELEMENT current-scenario (#PCDATA)>
		<!ATTLIST duration
		    value CDATA #REQUIRED>
	    <!ATTLIST aggregation-period
		    value CDATA #REQUIRED>
		<!ATTLIST objectids-entry
		    objectid CDATA #REQUIRED
		    type CDATA #REQUIRED
		    value CDATA #REQUIRED
		    key CDATA #REQUIRED>
		<!ATTLIST truncated-mean
		    centered-interval CDATA #REQUIRED
		    percentage CDATA #REQUIRED>
		 <!ATTLIST percentile
		    percentage CDATA #REQUIRED>
	]>


<!--****** RUNTIME PROJECT ******--><project>
<!--****** CURRENT SCENARIO ******-->
<current-scenario>EP_998 and 998two</current-scenario>
<!--****** OBJECTIDS ******-->
<objectids-table>
<objectids-entry key="" objectid="0" type="LG_HOST" value="10.149.80.138:7100"/>
<objectids-entry key="" objectid="1" type="ZONE" value="Default zone"/>
<objectids-entry key="Default zone¤EP¤" objectid="2" type="POPULATION" value="EP"/>
<objectids-entry key="Default zone¤EP¤EP_Standard_C4484572" objectid="3" type="VIRTUAL_USER" value="EP_Standard_C4484572"/>
<objectids-entry key="Default zone¤EP¤EP_Standard_C4484572" objectid="4" type="BASIC_LOGICAL_CONTAINER" value="$parent=EP_Standard_C4484572;$index=0"/>
<objectids-entry key="Default zone¤EP¤EP_Standard_C4484572" objectid="5" type="BASIC_LOGICAL_CONTAINER" value="$parent=EP_Standard_C4484572;$index=1"/>
<objectids-entry key="Default zone¤EP¤EP_Standard_C4484572" objectid="6" type="BASIC_LOGICAL_CONTAINER" value="b13f272d-d6e9-4855-85e9-22f26fe161d8"/>
<objectids-entry key="Default zone¤EP¤EP_Standard_C4484572" objectid="7" type="DELAY" value="1b1bb63a-15cc-4b1b-9206-2d0e6ecd6f61"/>
<objectids-entry key="Default zone¤EP¤EP_Standard_C4484572" objectid="8" type="BASIC_LOGICAL_CONTAINER" value="9911bb99-efd7-4fd9-b9dd-3a1cd0eed1e7"/>
<objectids-entry key="Default zone¤EP¤EP_Standard_C4484572" objectid="9" type="HTTP_PAGE" value="fd3e5e3c-7921-4f59-bff2-24ff01a970ba"/>
<objectids-entry key="Default zone¤EP¤EP_Standard_C4484572" objectid="10" type="ACTION" value="6b738d7c-5468-40bb-9031-8532b1cd3022"/>
<objectids-entry key="Default zone¤EP¤EP_Standard_C4484572" objectid="11" type="ACTION" value="d167d8c3-6a8c-4025-ba1f-c3173cc2190d"/>
<objectids-entry key="Default zone¤EP¤EP_Standard_C4484572" objectid="12" type="ACTION" value="0dda822d-bcc7-4d09-85eb-081f094db78b"/>
<objectids-entry key="Default zone¤EP¤EP_Standard_C4484572" objectid="13" type="ACTION" value="f3b9e565-f247-470b-a491-f274eef586e6"/>
<objectids-entry key="Default zone¤EP¤EP_Standard_C4484572" objectid="14" type="ACTION" value="2a3e9c7b-5b7f-447f-a91b-98644397b7c1"/>
<objectids-entry key="Default zone¤EP¤EP_Standard_C4484572" objectid="15" type="HTTP_PAGE" value="7aa2e420-1107-49f0-b598-ba54540b71da"/>
<objectids-entry key="Default zone¤EP¤EP_Standard_C4484572" objectid="16" type="ACTION" value="34f70051-1e71-4a76-8cc5-338ffeac81e9"/>
<objectids-entry key="Default zone¤EP¤EP_Standard_C4484572" objectid="17" type="ACTION" value="1ad5b9bf-f388-46b1-a1c9-3271b3549794"/>
<objectids-entry key="Default zone¤EP¤EP_Standard_C4484572" objectid="18" type="ACTION" value="e9cd2957-cad6-43e0-ada0-c455bebfacd3"/>
<objectids-entry key="Default zone¤EP¤EP_Standard_C4484572" objectid="19" type="ACTION" value="e9895055-d3ac-4ed1-bb8e-dbdb7ce4f891"/>
<objectids-entry key="Default zone¤EP¤EP_Standard_C4484572" objectid="20" type="ACTION" value="c2fb0e00-1cea-4df7-bead-e7704b310b34"/>
<objectids-entry key="Default zone¤EP¤EP_Standard_C4484572" objectid="21" type="ACTION" value="0b92169e-66d9-4e9c-9ef0-72c3736510d0"/>
<objectids-entry key="Default zone¤EP¤EP_Standard_C4484572" objectid="22" type="ACTION" value="6adc38a5-63a3-4e18-b150-904c1999bfea"/>
<objectids-entry key="Default zone¤EP¤EP_Standard_C4484572" objectid="23" type="HTTP_PAGE" value="45f44bf9-8bcb-4190-96cf-58d9f3a1313d"/>
<objectids-entry key="Default zone¤EP¤EP_Standard_C4484572" objectid="24" type="ACTION" value="dfb4399c-5d8e-4499-839b-44269025a315"/>
<objectids-entry key="Default zone¤EP¤EP_Standard_C4484572" objectid="25" type="HTTP_PAGE" value="cc764167-4a3d-4651-86c7-74eed0e9dfec"/>
<objectids-entry key="Default zone¤EP¤EP_Standard_C4484572" objectid="26" type="ACTION" value="d9b76c7f-d54a-487a-809f-c4f304669564"/>
<objectids-entry key="Default zone¤EP¤EP_Standard_C4484572" objectid="27" type="ACTION" value="9da8a0ec-a5ba-4d68-bc82-346cd558627f"/>
<objectids-entry key="Default zone¤EP¤EP_Standard_C4484572" objectid="28" type="ACTION" value="18a28ed2-4d3f-4327-a225-62e1f92bae4d"/>
<objectids-entry key="Default zone¤EP¤EP_Standard_C4484572" objectid="29" type="HTTP_PAGE" value="ed1faa35-5a05-48df-b216-2c6664f69641"/>
<objectids-entry key="Default zone¤EP¤EP_Standard_C4484572" objectid="30" type="ACTION" value="73e43a66-3d27-4397-b749-0bd186240b27"/>
<objectids-entry key="Default zone¤EP¤EP_Standard_C4484572" objectid="31" type="BASIC_LOGICAL_CONTAINER" value="19267013-9687-482e-8ffe-5cf838a792c8"/>
<objectids-entry key="Default zone¤EP¤EP_Standard_C4484572" objectid="32" type="HTTP_PAGE" value="b99b8722-bb71-46bd-8d09-5d605df73f91"/>
<objectids-entry key="Default zone¤EP¤EP_Standard_C4484572" objectid="33" type="ACTION" value="76972b63-d39a-4eb8-9729-da69ff76e835"/>
<objectids-entry key="Default zone¤EP¤EP_Standard_C4484572" objectid="34" type="HTTP_PAGE" value="5a2db7c1-8c29-49ec-b726-13c81e559447"/>
<objectids-entry key="Default zone¤EP¤EP_Standard_C4484572" objectid="35" type="ACTION" value="714ac486-711c-48a7-8f5b-17ae41c428fe"/>
<objectids-entry key="Default zone¤EP¤EP_Standard_C4484572" objectid="36" type="ACTION" value="095aac08-f017-4b49-8ac5-9cb5b2916b01"/>
<objectids-entry key="Default zone¤EP¤EP_Standard_C4484572" objectid="37" type="ACTION" value="7c80d76f-2aac-43d3-835b-1ef07c289c56"/>
<objectids-entry key="Default zone¤EP¤EP_Standard_C4484572" objectid="38" type="ACTION" value="af3bbc8d-1d71-4619-a93a-b69d4cdebfba"/>
<objectids-entry key="Default zone¤EP¤EP_Standard_C4484572" objectid="39" type="ACTION" value="a9a4fe21-158e-4226-85bd-1235dd89737b"/>
<objectids-entry key="Default zone¤EP¤EP_Standard_C4484572" objectid="40" type="ACTION" value="47d11d4f-9808-4d74-9117-e0b4ccbe69a0"/>
<objectids-entry key="Default zone¤EP¤EP_Standard_C4484572" objectid="41" type="ACTION" value="4049924b-2faa-493a-8417-9587774168e6"/>
<objectids-entry key="Default zone¤EP¤EP_Standard_C4484572" objectid="42" type="ACTION" value="1cc99d34-d92b-49a4-b9e7-4dea2e8172f8"/>
<objectids-entry key="Default zone¤EP¤EP_Standard_C4484572" objectid="43" type="ACTION" value="254c9560-b46c-468b-8bbe-217a0d10cd78"/>
<objectids-entry key="Default zone¤EP¤EP_Standard_C4484572" objectid="44" type="ACTION" value="0f92ae4c-babe-4a2b-9b66-16653265d6fb"/>
<objectids-entry key="Default zone¤EP¤EP_Standard_C4484572" objectid="45" type="ACTION" value="af565ece-0c54-498b-ba76-933b3f3ba897"/>
<objectids-entry key="Default zone¤EP¤EP_Standard_C4484572" objectid="46" type="ACTION" value="5666630c-4fd3-408a-97a7-a7fb429c1f2b"/>
<objectids-entry key="Default zone¤EP¤EP_Standard_C4484572" objectid="47" type="ACTION" value="8892ae26-5bbd-489c-8477-27f9eb8a01b2"/>
<objectids-entry key="Default zone¤EP¤EP_Standard_C4484572" objectid="48" type="ACTION" value="3ae48689-43c6-463a-b4a9-8b393c044e79"/>
<objectids-entry key="Default zone¤EP¤EP_Standard_C4484572" objectid="49" type="ACTION" value="01f9f590-af68-4726-a7cc-34113064d07f"/>
<objectids-entry key="Default zone¤EP¤EP_Standard_C4484572" objectid="50" type="ACTION" value="e025f1cb-3278-4f17-99a7-7e967fc35e11"/>
<objectids-entry key="Default zone¤EP¤EP_Standard_C4484572" objectid="51" type="ACTION" value="b01561b5-197f-4fa6-9c38-d55864d5da60"/>
<objectids-entry key="Default zone¤EP¤EP_Standard_C4484572" objectid="52" type="ACTION" value="a331da5c-aad4-4872-8570-246015dfc68b"/>
<objectids-entry key="Default zone¤EP¤EP_Standard_C4484572" objectid="53" type="ACTION" value="54b504bc-a064-4ee1-a1d6-1f12c76bc517"/>
<objectids-entry key="Default zone¤EP¤EP_Standard_C4484572" objectid="54" type="ACTION" value="65cb8a98-078b-42b1-82c3-d71753713fd4"/>
<objectids-entry key="Default zone¤EP¤EP_Standard_C4484572" objectid="55" type="ACTION" value="c8f6cbcc-8cbd-4798-b8fd-28dfeb0c3fe3"/>
<objectids-entry key="Default zone¤EP¤EP_Standard_C4484572" objectid="56" type="ACTION" value="7eace9f3-d91e-4f29-b589-76902858ebfb"/>
<objectids-entry key="Default zone¤EP¤EP_Standard_C4484572" objectid="57" type="ACTION" value="ea890d36-d05b-4b47-86e6-982fecc14782"/>
<objectids-entry key="Default zone¤EP¤EP_Standard_C4484572" objectid="58" type="HTTP_PAGE" value="ab128a9c-c67a-4b94-a8d6-2683d5e66cae"/>
<objectids-entry key="Default zone¤EP¤EP_Standard_C4484572" objectid="59" type="ACTION" value="d9b8224c-14b9-4478-b5b1-3a68e42031c5"/>
<objectids-entry key="Default zone¤EP¤EP_Standard_C4484572" objectid="60" type="ACTION" value="7a02cc7a-0e41-4a08-842e-93010b66f263"/>
<objectids-entry key="Default zone¤EP¤EP_Standard_C4484572" objectid="61" type="ACTION" value="d948c6c8-4469-448a-8bd1-216255ff82ef"/>
<objectids-entry key="Default zone¤EP¤EP_Standard_C4484572" objectid="62" type="ACTION" value="405d5d46-a888-455f-bffc-c65667aedd5a"/>
<objectids-entry key="Default zone¤EP¤EP_Standard_C4484572" objectid="63" type="ACTION" value="8b2d74f7-cbda-4b73-9302-78794ad100db"/>
<objectids-entry key="Default zone¤EP¤EP_Standard_C4484572" objectid="64" type="ACTION" value="515e31cd-c201-4dc3-9001-d800bc23a599"/>
<objectids-entry key="Default zone¤EP¤EP_Standard_C4484572" objectid="65" type="ACTION" value="efb3d97a-6c5d-4232-a83c-9b57d8f9ec4b"/>
<objectids-entry key="Default zone¤EP¤EP_Standard_C4484572" objectid="66" type="ACTION" value="f7f00c7a-3067-47a5-a2c6-efa68ef2128b"/>
<objectids-entry key="Default zone¤EP¤EP_Standard_C4484572" objectid="67" type="ACTION" value="51e25412-eb84-4f31-aabb-f89f0efa3d83"/>
<objectids-entry key="Default zone¤EP¤EP_Standard_C4484572" objectid="68" type="ACTION" value="3decc1f3-05d0-4a3b-9a74-bc35d8a9fe3f"/>
<objectids-entry key="Default zone¤EP¤EP_Standard_C4484572" objectid="69" type="ACTION" value="f9307671-2837-483b-9ee6-b944bea27572"/>
<objectids-entry key="Default zone¤EP¤EP_Standard_C4484572" objectid="70" type="ACTION" value="42ce3f80-f76c-441e-b829-53d7d9df1d86"/>
<objectids-entry key="Default zone¤EP¤EP_Standard_C4484572" objectid="71" type="ACTION" value="4c787dfc-5056-4370-811b-c16f26f6d692"/>
<objectids-entry key="Default zone¤EP¤EP_Standard_C4484572" objectid="72" type="ACTION" value="30065dcf-0d19-43f6-90ed-014da9ae82c5"/>
<objectids-entry key="Default zone¤EP¤EP_Standard_C4484572" objectid="73" type="ACTION" value="a7ec07bb-397e-4fb1-9727-31832ff1120a"/>
<objectids-entry key="Default zone¤EP¤EP_Standard_C4484572" objectid="74" type="ACTION" value="5fca55d7-a094-4495-9aad-eedcda33e23a"/>
<objectids-entry key="Default zone¤EP¤EP_Standard_C4484572" objectid="75" type="ACTION" value="05682772-a312-41c5-bbeb-9239afbe4401"/>
<objectids-entry key="Default zone¤EP¤EP_Standard_C4484572" objectid="76" type="ACTION" value="e608e8ab-ecb5-491b-b5d5-7530f3b1d4d0"/>
<objectids-entry key="Default zone¤EP¤EP_Standard_C4484572" objectid="77" type="ACTION" value="aa718603-b10b-4c5c-a85b-00b41c901a83"/>
<objectids-entry key="Default zone¤EP¤EP_Standard_C4484572" objectid="78" type="ACTION" value="073bb19a-5177-48cf-8f89-615e127a8d12"/>
<objectids-entry key="Default zone¤EP¤EP_Standard_C4484572" objectid="79" type="ACTION" value="7f267f6f-45c6-432f-940e-a53d7d821610"/>
<objectids-entry key="Default zone¤EP¤EP_Standard_C4484572" objectid="80" type="ACTION" value="2bcb6b29-1211-4628-b201-9640cabb23c9"/>
<objectids-entry key="Default zone¤EP¤EP_Standard_C4484572" objectid="81" type="ACTION" value="3055372e-78cb-4e62-a118-828f4418d77c"/>
<objectids-entry key="Default zone¤EP¤EP_Standard_C4484572" objectid="82" type="HTTP_PAGE" value="19db5802-813b-4409-acd5-13e52fbc7e1a"/>
<objectids-entry key="Default zone¤EP¤EP_Standard_C4484572" objectid="83" type="ACTION" value="0e297ed1-077e-47b0-8622-b154f1e506db"/>
<objectids-entry key="Default zone¤EP¤EP_Standard_C4484572" objectid="84" type="ACTION" value="9ec7d6b3-7118-4ef0-b8d5-2bf630e50bb5"/>
<objectids-entry key="Default zone¤EP¤EP_Standard_C4484572" objectid="85" type="ACTION" value="79557cdb-a11b-42ff-9ebb-fe42b89ea84a"/>
<objectids-entry key="Default zone¤EP¤EP_Standard_C4484572" objectid="86" type="HTTP_PAGE" value="b136b99f-87ce-4af1-8a2e-5123b9e513b6"/>
<objectids-entry key="Default zone¤EP¤EP_Standard_C4484572" objectid="87" type="ACTION" value="8accadaa-0c29-49c8-94d6-d785a8b5b7ee"/>
<objectids-entry key="Default zone¤EP¤EP_Standard_C4484572" objectid="88" type="HTTP_PAGE" value="d8d23087-e450-4f74-9aba-3243100a0a0d"/>
<objectids-entry key="Default zone¤EP¤EP_Standard_C4484572" objectid="89" type="ACTION" value="b7903a48-6f63-4cdd-90e0-9fb9bdf6cb08"/>
<objectids-entry key="Default zone¤EP¤EP_Standard_C4484572" objectid="90" type="ACTION" value="b6d486c9-138d-491f-8e30-bf628c9580a2"/>
<objectids-entry key="Default zone¤EP¤EP_Standard_C4484572" objectid="91" type="ACTION" value="f5d7da7d-8b51-49d8-89ad-cb2bf3118671"/>
<objectids-entry key="Default zone¤EP¤EP_Standard_C4484572" objectid="92" type="ACTION" value="e6c08128-21e2-42be-a33c-ef300e67868d"/>
<objectids-entry key="Default zone¤EP¤EP_Standard_C4484572" objectid="93" type="ACTION" value="12991f90-e221-4bac-ab34-13c9cbcfe367"/>
<objectids-entry key="Default zone¤EP¤EP_Standard_C4484572" objectid="94" type="ACTION" value="c7bc9241-c76e-457b-ab22-5aaddb133102"/>
<objectids-entry key="Default zone¤EP¤EP_Standard_C4484572" objectid="95" type="ACTION" value="1d016ee9-bf87-45bb-9ba2-edc6119fbe15"/>
<objectids-entry key="Default zone¤EP¤EP_Standard_C4484572" objectid="96" type="HTTP_PAGE" value="bcf35b93-0c40-4299-8683-9e1282b25df1"/>
<objectids-entry key="Default zone¤EP¤EP_Standard_C4484572" objectid="97" type="ACTION" value="0a7fb377-7548-4007-9aa0-8ed150c8745b"/>
<objectids-entry key="Default zone¤EP¤EP_Standard_C4484572" objectid="98" type="HTTP_PAGE" value="b4ec4fc1-189f-4210-b7b8-897be2e4fe68"/>
<objectids-entry key="Default zone¤EP¤EP_Standard_C4484572" objectid="99" type="ACTION" value="05fd92ea-c96f-448e-9a73-28f3b5564958"/>
<objectids-entry key="Default zone¤EP¤EP_Standard_C4484572" objectid="100" type="BASIC_LOGICAL_CONTAINER" value="31871c69-db39-4fb0-be65-386d93ffe401"/>
<objectids-entry key="Default zone¤EP¤EP_Standard_C4484572" objectid="101" type="HTTP_PAGE" value="03f4669a-2a13-4cd4-867f-200b17fc838f"/>
<objectids-entry key="Default zone¤EP¤EP_Standard_C4484572" objectid="102" type="ACTION" value="3694d973-cff2-447b-a25b-caa67a6932b7"/>
<objectids-entry key="Default zone¤EP¤EP_Standard_C4484572" objectid="103" type="ACTION" value="0c7bce6b-cb65-4a3c-860a-eb455e6edec8"/>
<objectids-entry key="Default zone¤EP¤EP_Standard_C4484572" objectid="104" type="ACTION" value="04729f50-9134-436a-8337-dc054a533c1a"/>
<objectids-entry key="Default zone¤EP¤EP_Standard_C4484572" objectid="105" type="ACTION" value="cfc02acc-3b35-4985-a356-239ac876028b"/>
<objectids-entry key="Default zone¤EP¤EP_Standard_C4484572" objectid="106" type="ACTION" value="07f98017-0885-494f-a53b-0a5d2d8261d8"/>
<objectids-entry key="Default zone¤EP¤EP_Standard_C4484572" objectid="107" type="ACTION" value="ef320bd5-3373-47d9-be9c-c6153d26f5c2"/>
<objectids-entry key="Default zone¤EP¤EP_Standard_C4484572" objectid="108" type="BASIC_LOGICAL_CONTAINER" value="f3a14026-d304-4280-adbb-5ca883a571c3"/>
<objectids-entry key="Default zone¤EP¤EP_Standard_C4484572" objectid="109" type="HTTP_PAGE" value="f8e29d5c-3e05-47ee-bd2c-21434e063de6"/>
<objectids-entry key="Default zone¤EP¤EP_Standard_C4484572" objectid="110" type="ACTION" value="31603dff-3fba-4ab5-89e2-e8b4ce294cdd"/>
<objectids-entry key="Default zone¤EP¤EP_Standard_C4484572" objectid="111" type="ACTION" value="8713145f-6d04-4d84-8fad-c04026fbf194"/>
<objectids-entry key="Default zone¤EP¤EP_Standard_C4484572" objectid="112" type="ACTION" value="391ad0c5-d6a8-4bfa-ad88-1df8b111f37b"/>
<objectids-entry key="Default zone¤EP¤EP_Standard_C4484572" objectid="113" type="ACTION" value="0a187d20-03df-4bf7-b9ed-8fbbeb082cd7"/>
<objectids-entry key="Default zone¤EP¤EP_Standard_C4484572" objectid="114" type="HTTP_PAGE" value="1a096374-80b8-4f75-9245-3f48f0bea095"/>
<objectids-entry key="Default zone¤EP¤EP_Standard_C4484572" objectid="115" type="ACTION" value="9278de7f-fbfd-476c-a520-b67d8d1b2867"/>
<objectids-entry key="Default zone¤EP¤EP_Standard_C4484572" objectid="116" type="BASIC_LOGICAL_CONTAINER" value="6176cb5e-ac4a-40d8-b9ce-f3ffaeff58ff"/>
<objectids-entry key="Default zone¤EP¤EP_Standard_C4484572" objectid="117" type="HTTP_PAGE" value="ca171efb-fb50-4c36-b271-255b8bc2a4b5"/>
<objectids-entry key="Default zone¤EP¤EP_Standard_C4484572" objectid="118" type="ACTION" value="e32b88f3-a414-4988-a42a-f5d6be2d72f7"/>
<objectids-entry key="Default zone¤EP¤EP_Standard_C4484572" objectid="119" type="ACTION" value="03a83eb8-093c-4a86-9aee-824291e30763"/>
<objectids-entry key="Default zone¤EP¤EP_Standard_C4484572" objectid="120" type="BASIC_LOGICAL_CONTAINER" value="d6e1f711-5cf6-481c-9967-b85146c674f3"/>
<objectids-entry key="Default zone¤EP¤EP_Standard_C4484572" objectid="121" type="HTTP_PAGE" value="0104a985-665d-40f0-8c76-eeaf7fca6b37"/>
<objectids-entry key="Default zone¤EP¤EP_Standard_C4484572" objectid="122" type="ACTION" value="accd5f22-0aa9-4d73-b8d8-76decc22c4f8"/>
<objectids-entry key="Default zone¤EP¤EP_Standard_C4484572" objectid="123" type="ACTION" value="599f91a0-ba08-4952-bff1-1f4f07bd6839"/>
<objectids-entry key="Default zone¤EP¤EP_Standard_C4484572" objectid="124" type="BASIC_LOGICAL_CONTAINER" value="fc09fb64-5b3d-4557-ac1f-3bde42fc6552"/>
<objectids-entry key="Default zone¤EP¤EP_Standard_C4484572" objectid="125" type="HTTP_PAGE" value="67c46fcc-ad00-4a77-be79-f36e7442aa7f"/>
<objectids-entry key="Default zone¤EP¤EP_Standard_C4484572" objectid="126" type="ACTION" value="c028d621-bc33-435d-b615-6b0ba541bc10"/>
<objectids-entry key="Default zone¤EP¤EP_Standard_C4484572" objectid="127" type="HTTP_PAGE" value="851a70d3-9505-444d-9b7f-33c67187de03"/>
<objectids-entry key="Default zone¤EP¤EP_Standard_C4484572" objectid="128" type="ACTION" value="ecbbf50a-2898-4c7c-a36d-a2caf1fdb2e0"/>
<objectids-entry key="Default zone¤EP¤EP_Standard_C4484572" objectid="129" type="HTTP_PAGE" value="2fb36a7a-a02d-4a9c-9b97-f9afd4dea669"/>
<objectids-entry key="Default zone¤EP¤EP_Standard_C4484572" objectid="130" type="ACTION" value="58a286ba-e8c4-4478-9d4b-a50ced027df4"/>
<objectids-entry key="Default zone¤EP¤EP_Standard_C4484572" objectid="131" type="ACTION" value="e0c5009a-2dbd-4188-8907-2c07a51e62ad"/>
<objectids-entry key="Default zone¤EP¤EP_Standard_C4484572" objectid="132" type="ACTION" value="275e7871-cfe8-48c0-ab80-edb587005567"/>
<objectids-entry key="Default zone¤EP¤EP_Standard_C4484572" objectid="133" type="ACTION" value="fa7a85d8-6197-4544-ba7b-c2b4aa6a7e1c"/>
<objectids-entry key="Default zone¤EP¤EP_Standard_C4484572" objectid="134" type="ACTION" value="6639787a-cb5a-4562-bd48-d6418fcc0fc7"/>
<objectids-entry key="Default zone¤EP¤EP_Standard_C4484572" objectid="135" type="BASIC_LOGICAL_CONTAINER" value="bdcac682-3349-4ee1-8f5e-f070e999e1cc"/>
<objectids-entry key="Default zone¤EP¤EP_Standard_C4484572" objectid="136" type="HTTP_PAGE" value="75951718-9567-46a3-ab11-d863274fa7cf"/>
<objectids-entry key="Default zone¤EP¤EP_Standard_C4484572" objectid="137" type="ACTION" value="027b07bc-a1c9-44b6-90e1-0f7a9bef1462"/>
<objectids-entry key="Default zone¤EP¤EP_Standard_C4484572" objectid="138" type="HTTP_PAGE" value="5733126a-547b-4d55-bc0b-cad14b382426"/>
<objectids-entry key="Default zone¤EP¤EP_Standard_C4484572" objectid="139" type="ACTION" value="aa6d8d19-58f9-4742-a9fa-2501f6ac073b"/>
<objectids-entry key="Default zone¤EP¤EP_Standard_C4484572" objectid="140" type="HTTP_PAGE" value="147d8659-7f28-45a2-bd4a-5b05d3b92e85"/>
<objectids-entry key="Default zone¤EP¤EP_Standard_C4484572" objectid="141" type="ACTION" value="761eacb4-0577-4acb-94d2-4b58544dfc69"/>
<objectids-entry key="Default zone¤EP¤EP_Standard_C4484572" objectid="142" type="ACTION" value="133b7c40-7ece-4fbe-8424-5e4e3d9a9f2b"/>
<objectids-entry key="Default zone¤EP¤EP_Standard_C4484572" objectid="143" type="BASIC_LOGICAL_CONTAINER" value="5397a0f2-f94d-41d0-b63f-53d24873794e"/>
<objectids-entry key="Default zone¤EP¤EP_Standard_C4484572" objectid="144" type="DELAY" value="deaef129-7381-4329-8578-a54079b306c2"/>
<objectids-entry key="Default zone¤EP¤EP_Standard_C4484572" objectid="145" type="BASIC_LOGICAL_CONTAINER" value="$parent=EP_Standard_C4484572;$index=2"/>
<objectids-entry key="Default zone¤EP_1¤" objectid="146" type="POPULATION" value="EP_1"/>
<objectids-entry key="Default zone¤EP_1¤EP_Standard_C4484572_998" objectid="147" type="VIRTUAL_USER" value="EP_Standard_C4484572_998"/>
<objectids-entry key="Default zone¤EP_1¤EP_Standard_C4484572_998" objectid="148" type="BASIC_LOGICAL_CONTAINER" value="$parent=EP_Standard_C4484572_998;$index=0"/>
<objectids-entry key="Default zone¤EP_1¤EP_Standard_C4484572_998" objectid="149" type="BASIC_LOGICAL_CONTAINER" value="$parent=EP_Standard_C4484572_998;$index=1"/>
<objectids-entry key="Default zone¤EP_1¤EP_Standard_C4484572_998" objectid="150" type="BASIC_LOGICAL_CONTAINER" value="a36b46c5-1c0b-443f-afa0-204c0a1a9975"/>
<objectids-entry key="Default zone¤EP_1¤EP_Standard_C4484572_998" objectid="151" type="DELAY" value="63b9b6d5-a244-4d3d-ad1f-62072e77805e"/>
<objectids-entry key="Default zone¤EP_1¤EP_Standard_C4484572_998" objectid="152" type="BASIC_LOGICAL_CONTAINER" value="7f4d3613-0223-4884-ac91-790c38341bdc"/>
<objectids-entry key="Default zone¤EP_1¤EP_Standard_C4484572_998" objectid="153" type="HTTP_PAGE" value="0f925b6b-3dca-4353-81c0-3c36b781adce"/>
<objectids-entry key="Default zone¤EP_1¤EP_Standard_C4484572_998" objectid="154" type="ACTION" value="00df501d-1740-4e67-aeb2-d4169c32f783"/>
<objectids-entry key="Default zone¤EP_1¤EP_Standard_C4484572_998" objectid="155" type="ACTION" value="b32da7bc-8ceb-40c1-889b-d58baab857c2"/>
<objectids-entry key="Default zone¤EP_1¤EP_Standard_C4484572_998" objectid="156" type="ACTION" value="f71deeb9-b8c7-40ec-a774-49d2bcea52d6"/>
<objectids-entry key="Default zone¤EP_1¤EP_Standard_C4484572_998" objectid="157" type="ACTION" value="ca3ba900-fa85-42ed-a149-f142baa6c776"/>
<objectids-entry key="Default zone¤EP_1¤EP_Standard_C4484572_998" objectid="158" type="ACTION" value="891f03c6-385e-4759-bcc6-a0f8fb840529"/>
<objectids-entry key="Default zone¤EP_1¤EP_Standard_C4484572_998" objectid="159" type="ACTION" value="54facf5a-0a14-4de7-836f-9e200d9b4544"/>
<objectids-entry key="Default zone¤EP_1¤EP_Standard_C4484572_998" objectid="160" type="ACTION" value="e2c97152-fa01-4861-b5b9-b4f9453fdcba"/>
<objectids-entry key="Default zone¤EP_1¤EP_Standard_C4484572_998" objectid="161" type="ACTION" value="3b654f13-74d4-475d-9995-ba2016f610a2"/>
<objectids-entry key="Default zone¤EP_1¤EP_Standard_C4484572_998" objectid="162" type="ACTION" value="c0119cf2-4191-461f-a52e-38a9c69b1fa9"/>
<objectids-entry key="Default zone¤EP_1¤EP_Standard_C4484572_998" objectid="163" type="ACTION" value="67749e6c-6acf-48f6-88f6-791d4317bf21"/>
<objectids-entry key="Default zone¤EP_1¤EP_Standard_C4484572_998" objectid="164" type="ACTION" value="bcaaef18-7af7-42d6-9c14-508eceb347db"/>
<objectids-entry key="Default zone¤EP_1¤EP_Standard_C4484572_998" objectid="165" type="ACTION" value="4cea7365-345b-4a7c-b433-1864edc185d0"/>
<objectids-entry key="Default zone¤EP_1¤EP_Standard_C4484572_998" objectid="166" type="HTTP_PAGE" value="f156cbec-d27d-434c-90e9-c2fb7f922a53"/>
<objectids-entry key="Default zone¤EP_1¤EP_Standard_C4484572_998" objectid="167" type="ACTION" value="e82e3319-a22f-4ad5-a890-9e3117560b53"/>
<objectids-entry key="Default zone¤EP_1¤EP_Standard_C4484572_998" objectid="168" type="HTTP_PAGE" value="464907ff-3956-42a8-b2aa-f5331e7efe5c"/>
<objectids-entry key="Default zone¤EP_1¤EP_Standard_C4484572_998" objectid="169" type="ACTION" value="6c026005-b378-42c0-8da1-e641e4508717"/>
<objectids-entry key="Default zone¤EP_1¤EP_Standard_C4484572_998" objectid="170" type="ACTION" value="18a90b9f-5bca-4eae-8523-bc733d6293ed"/>
<objectids-entry key="Default zone¤EP_1¤EP_Standard_C4484572_998" objectid="171" type="ACTION" value="0221f753-9387-4245-80d8-6ff0a78fae67"/>
<objectids-entry key="Default zone¤EP_1¤EP_Standard_C4484572_998" objectid="172" type="ACTION" value="bd47ddcf-96bc-4395-81af-1daaa864fb74"/>
<objectids-entry key="Default zone¤EP_1¤EP_Standard_C4484572_998" objectid="173" type="BASIC_LOGICAL_CONTAINER" value="78308448-6dcf-4dd9-8e0a-feb9a6d25fe2"/>
<objectids-entry key="Default zone¤EP_1¤EP_Standard_C4484572_998" objectid="174" type="HTTP_PAGE" value="94ea9bfe-7ec5-4b48-8087-4b14b3a49c0e"/>
<objectids-entry key="Default zone¤EP_1¤EP_Standard_C4484572_998" objectid="175" type="ACTION" value="2ff8b66c-9c11-47be-bd3b-5bffc00d7d2c"/>
<objectids-entry key="Default zone¤EP_1¤EP_Standard_C4484572_998" objectid="176" type="ACTION" value="876b7f20-55c6-417b-bec6-36256455b5b0"/>
<objectids-entry key="Default zone¤EP_1¤EP_Standard_C4484572_998" objectid="177" type="ACTION" value="ed519507-f707-4760-aee5-f18ae394634f"/>
<objectids-entry key="Default zone¤EP_1¤EP_Standard_C4484572_998" objectid="178" type="ACTION" value="c1aa0764-6519-4a50-aac3-b13f8a9c695a"/>
<objectids-entry key="Default zone¤EP_1¤EP_Standard_C4484572_998" objectid="179" type="ACTION" value="d281b89a-09ee-4e27-9f42-d70f032c5a1d"/>
<objectids-entry key="Default zone¤EP_1¤EP_Standard_C4484572_998" objectid="180" type="ACTION" value="6c6441b6-6cc5-4787-906e-2d99b17b6e64"/>
<objectids-entry key="Default zone¤EP_1¤EP_Standard_C4484572_998" objectid="181" type="ACTION" value="c7c93cf4-3481-4606-a1ed-7a86c92528f8"/>
<objectids-entry key="Default zone¤EP_1¤EP_Standard_C4484572_998" objectid="182" type="ACTION" value="c780a0db-a5ba-4dcb-be48-455fc9bb4b9e"/>
<objectids-entry key="Default zone¤EP_1¤EP_Standard_C4484572_998" objectid="183" type="ACTION" value="078c4993-b866-4fb0-8560-544b9dfaf5f1"/>
<objectids-entry key="Default zone¤EP_1¤EP_Standard_C4484572_998" objectid="184" type="ACTION" value="f7621b90-8c2b-4616-8601-318bd0e07164"/>
<objectids-entry key="Default zone¤EP_1¤EP_Standard_C4484572_998" objectid="185" type="ACTION" value="96fd1e7d-e5d0-4576-a7fa-eed2bd19471f"/>
<objectids-entry key="Default zone¤EP_1¤EP_Standard_C4484572_998" objectid="186" type="ACTION" value="7b37aaa0-14d8-43ac-a095-c17aa50f4907"/>
<objectids-entry key="Default zone¤EP_1¤EP_Standard_C4484572_998" objectid="187" type="ACTION" value="02633329-3a57-4fa2-9fee-5d0450a465ff"/>
<objectids-entry key="Default zone¤EP_1¤EP_Standard_C4484572_998" objectid="188" type="ACTION" value="c7594d40-3b98-4891-b1ee-fa1146d79f84"/>
<objectids-entry key="Default zone¤EP_1¤EP_Standard_C4484572_998" objectid="189" type="ACTION" value="f2cde25a-79e4-4bfa-b3a3-1ff0fda2e9aa"/>
<objectids-entry key="Default zone¤EP_1¤EP_Standard_C4484572_998" objectid="190" type="ACTION" value="c387515c-9c06-477d-b673-eea9cb5e004c"/>
<objectids-entry key="Default zone¤EP_1¤EP_Standard_C4484572_998" objectid="191" type="ACTION" value="86971a55-bacd-4897-909f-856461ee637b"/>
<objectids-entry key="Default zone¤EP_1¤EP_Standard_C4484572_998" objectid="192" type="ACTION" value="8d8c5f91-0dc1-4763-ab3a-a3cc3e9639b6"/>
<objectids-entry key="Default zone¤EP_1¤EP_Standard_C4484572_998" objectid="193" type="ACTION" value="4862b5a1-eedc-4346-9db1-36b6203e675f"/>
<objectids-entry key="Default zone¤EP_1¤EP_Standard_C4484572_998" objectid="194" type="ACTION" value="5c57ea4b-8a24-4e74-a878-44544db038bd"/>
<objectids-entry key="Default zone¤EP_1¤EP_Standard_C4484572_998" objectid="195" type="ACTION" value="8b2b8c0b-6e8f-4bff-b419-ea8acd9df1d6"/>
<objectids-entry key="Default zone¤EP_1¤EP_Standard_C4484572_998" objectid="196" type="ACTION" value="bd02398a-da93-4222-a183-dc51e9b8eab7"/>
<objectids-entry key="Default zone¤EP_1¤EP_Standard_C4484572_998" objectid="197" type="ACTION" value="514240db-5650-4607-9d0f-ce878eb933a5"/>
<objectids-entry key="Default zone¤EP_1¤EP_Standard_C4484572_998" objectid="198" type="ACTION" value="ecd578f0-69ab-4c90-9c83-26c8e8edaaa8"/>
<objectids-entry key="Default zone¤EP_1¤EP_Standard_C4484572_998" objectid="199" type="ACTION" value="a10a11fd-2ba3-44c3-84b5-7d5294f4809f"/>
<objectids-entry key="Default zone¤EP_1¤EP_Standard_C4484572_998" objectid="200" type="ACTION" value="62d4d08e-1c54-4dd3-b574-eced2f9cd641"/>
<objectids-entry key="Default zone¤EP_1¤EP_Standard_C4484572_998" objectid="201" type="ACTION" value="e647852d-2cda-4b1d-b96d-8692cd137ae3"/>
<objectids-entry key="Default zone¤EP_1¤EP_Standard_C4484572_998" objectid="202" type="ACTION" value="d6442277-f6a2-48d1-8b78-a6f4c7e86ba1"/>
<objectids-entry key="Default zone¤EP_1¤EP_Standard_C4484572_998" objectid="203" type="HTTP_PAGE" value="87281971-273d-4d19-bbea-910cff374377"/>
<objectids-entry key="Default zone¤EP_1¤EP_Standard_C4484572_998" objectid="204" type="ACTION" value="04ecfa5c-eb36-42c3-b6f2-20112211f768"/>
<objectids-entry key="Default zone¤EP_1¤EP_Standard_C4484572_998" objectid="205" type="ACTION" value="801e3514-43fe-4a5a-989c-01a92caaa0c3"/>
<objectids-entry key="Default zone¤EP_1¤EP_Standard_C4484572_998" objectid="206" type="ACTION" value="de8a53df-c006-4c8f-a0d7-8f6fd2c62411"/>
<objectids-entry key="Default zone¤EP_1¤EP_Standard_C4484572_998" objectid="207" type="ACTION" value="4025bbe5-a04b-4c78-bddb-d37b4fe13e91"/>
<objectids-entry key="Default zone¤EP_1¤EP_Standard_C4484572_998" objectid="208" type="ACTION" value="d21bb8a2-59f6-42a5-8680-9e51659cf609"/>
<objectids-entry key="Default zone¤EP_1¤EP_Standard_C4484572_998" objectid="209" type="ACTION" value="fd0e929d-b735-440a-8701-708e4be0a517"/>
<objectids-entry key="Default zone¤EP_1¤EP_Standard_C4484572_998" objectid="210" type="ACTION" value="897ce5f8-9aee-4031-bb39-4bd8efc1e9e4"/>
<objectids-entry key="Default zone¤EP_1¤EP_Standard_C4484572_998" objectid="211" type="ACTION" value="2e7a45de-58cc-44b5-8222-ad156378549e"/>
<objectids-entry key="Default zone¤EP_1¤EP_Standard_C4484572_998" objectid="212" type="ACTION" value="44ec8111-c3aa-49a2-a032-2a7e0e895562"/>
<objectids-entry key="Default zone¤EP_1¤EP_Standard_C4484572_998" objectid="213" type="ACTION" value="ae91da08-735a-411a-b3f6-2933263877cf"/>
<objectids-entry key="Default zone¤EP_1¤EP_Standard_C4484572_998" objectid="214" type="ACTION" value="881d36f0-0a7e-413c-8632-5fb8adc55406"/>
<objectids-entry key="Default zone¤EP_1¤EP_Standard_C4484572_998" objectid="215" type="ACTION" value="63221fd2-1c01-4271-bce3-0684c93e7b78"/>
<objectids-entry key="Default zone¤EP_1¤EP_Standard_C4484572_998" objectid="216" type="ACTION" value="794c17b2-7f5a-4ebf-986b-09a5f3e80af9"/>
<objectids-entry key="Default zone¤EP_1¤EP_Standard_C4484572_998" objectid="217" type="ACTION" value="68a13120-a77c-4af9-bffd-862aa8f831ef"/>
<objectids-entry key="Default zone¤EP_1¤EP_Standard_C4484572_998" objectid="218" type="ACTION" value="7ffe6d79-55ab-4b64-bd16-d1d5f64b8a9b"/>
<objectids-entry key="Default zone¤EP_1¤EP_Standard_C4484572_998" objectid="219" type="ACTION" value="2b0bb77c-981a-4530-9dfe-9ce391328c2f"/>
<objectids-entry key="Default zone¤EP_1¤EP_Standard_C4484572_998" objectid="220" type="ACTION" value="18912d5a-531b-4a3b-9763-12f955161bdb"/>
<objectids-entry key="Default zone¤EP_1¤EP_Standard_C4484572_998" objectid="221" type="ACTION" value="b7add518-55e2-4b30-b4bb-00b773aaf2b1"/>
<objectids-entry key="Default zone¤EP_1¤EP_Standard_C4484572_998" objectid="222" type="ACTION" value="754aa552-0d19-493c-ae13-9518f5eed96b"/>
<objectids-entry key="Default zone¤EP_1¤EP_Standard_C4484572_998" objectid="223" type="ACTION" value="2bf5f7cc-fe9a-4d00-bff5-f78d24d9e950"/>
<objectids-entry key="Default zone¤EP_1¤EP_Standard_C4484572_998" objectid="224" type="ACTION" value="958573c1-5268-4c96-931d-3249ae254636"/>
<objectids-entry key="Default zone¤EP_1¤EP_Standard_C4484572_998" objectid="225" type="ACTION" value="885c8d25-a89e-4ad5-ab58-1cf02bcdf740"/>
<objectids-entry key="Default zone¤EP_1¤EP_Standard_C4484572_998" objectid="226" type="ACTION" value="3f292b96-a7c9-4af0-9a98-89efd4d06301"/>
<objectids-entry key="Default zone¤EP_1¤EP_Standard_C4484572_998" objectid="227" type="ACTION" value="dd84c6b7-b44a-46ad-878e-7313c69eff3d"/>
<objectids-entry key="Default zone¤EP_1¤EP_Standard_C4484572_998" objectid="228" type="ACTION" value="e4c151af-b346-4de0-a7ea-e1ea2beb4881"/>
<objectids-entry key="Default zone¤EP_1¤EP_Standard_C4484572_998" objectid="229" type="ACTION" value="ed692faf-fb6e-4a25-a0de-13512e3a546e"/>
<objectids-entry key="Default zone¤EP_1¤EP_Standard_C4484572_998" objectid="230" type="ACTION" value="6630810f-5ab0-46a7-b857-e6398606585d"/>
<objectids-entry key="Default zone¤EP_1¤EP_Standard_C4484572_998" objectid="231" type="ACTION" value="1ec27141-aae1-41e4-8bdd-0638f32f01d7"/>
<objectids-entry key="Default zone¤EP_1¤EP_Standard_C4484572_998" objectid="232" type="HTTP_PAGE" value="223d6236-da8a-4381-b93c-79893b28f140"/>
<objectids-entry key="Default zone¤EP_1¤EP_Standard_C4484572_998" objectid="233" type="ACTION" value="39d997c6-c4fc-4680-8cbc-cbe6aa5adb3f"/>
<objectids-entry key="Default zone¤EP_1¤EP_Standard_C4484572_998" objectid="234" type="HTTP_PAGE" value="e75eb419-ee09-406e-bed9-33bae7ee8e81"/>
<objectids-entry key="Default zone¤EP_1¤EP_Standard_C4484572_998" objectid="235" type="ACTION" value="6de4600b-d5d9-43d7-afe9-3f53e9f59308"/>
<objectids-entry key="Default zone¤EP_1¤EP_Standard_C4484572_998" objectid="236" type="ACTION" value="922de2c1-6c3b-47db-a2fc-4e6519c47b03"/>
<objectids-entry key="Default zone¤EP_1¤EP_Standard_C4484572_998" objectid="237" type="ACTION" value="a4f11297-ebde-41c2-a2d5-a93d8a7b3ed8"/>
<objectids-entry key="Default zone¤EP_1¤EP_Standard_C4484572_998" objectid="238" type="ACTION" value="b6d539a3-9fc4-4f37-97ec-25479c3e2981"/>
<objectids-entry key="Default zone¤EP_1¤EP_Standard_C4484572_998" objectid="239" type="ACTION" value="e4064f23-1759-4ec5-8861-ccdcb77e106c"/>
<objectids-entry key="Default zone¤EP_1¤EP_Standard_C4484572_998" objectid="240" type="ACTION" value="31ff036a-5083-41d9-bfe2-130384846754"/>
<objectids-entry key="Default zone¤EP_1¤EP_Standard_C4484572_998" objectid="241" type="HTTP_PAGE" value="2ef49479-bb8b-4808-b3cc-fbc120de9198"/>
<objectids-entry key="Default zone¤EP_1¤EP_Standard_C4484572_998" objectid="242" type="ACTION" value="0587b52e-1cc6-4339-b42c-e366cd70135a"/>
<objectids-entry key="Default zone¤EP_1¤EP_Standard_C4484572_998" objectid="243" type="HTTP_PAGE" value="8f927615-c100-4633-83ae-e517646f819a"/>
<objectids-entry key="Default zone¤EP_1¤EP_Standard_C4484572_998" objectid="244" type="ACTION" value="954377fb-1eb3-4500-9518-3ce27aa09558"/>
<objectids-entry key="Default zone¤EP_1¤EP_Standard_C4484572_998" objectid="245" type="BASIC_LOGICAL_CONTAINER" value="58cc16c7-845c-4bd7-9f59-241969b4a3ef"/>
<objectids-entry key="Default zone¤EP_1¤EP_Standard_C4484572_998" objectid="246" type="HTTP_PAGE" value="761bc3e3-7718-4c8c-ac17-7eb592d5fb2d"/>
<objectids-entry key="Default zone¤EP_1¤EP_Standard_C4484572_998" objectid="247" type="ACTION" value="c04e030e-6cb3-4bc0-8e48-87730af63e4d"/>
<objectids-entry key="Default zone¤EP_1¤EP_Standard_C4484572_998" objectid="248" type="ACTION" value="31abe499-a8b2-4a94-8b9e-a0c3a1613907"/>
<objectids-entry key="Default zone¤EP_1¤EP_Standard_C4484572_998" objectid="249" type="ACTION" value="65df385f-9e08-47c4-836c-9ee9e65f4252"/>
<objectids-entry key="Default zone¤EP_1¤EP_Standard_C4484572_998" objectid="250" type="ACTION" value="0d5ab770-7b9a-4e4c-8721-1d373cbafa89"/>
<objectids-entry key="Default zone¤EP_1¤EP_Standard_C4484572_998" objectid="251" type="ACTION" value="57b2ce4b-ba0f-4661-993a-29f28c438092"/>
<objectids-entry key="Default zone¤EP_1¤EP_Standard_C4484572_998" objectid="252" type="ACTION" value="b29f3646-9d8f-44cb-87fa-88b6f8d52f10"/>
<objectids-entry key="Default zone¤EP_1¤EP_Standard_C4484572_998" objectid="253" type="BASIC_LOGICAL_CONTAINER" value="a74e5ce2-f66e-4c99-b3c2-01c453cf4f87"/>
<objectids-entry key="Default zone¤EP_1¤EP_Standard_C4484572_998" objectid="254" type="HTTP_PAGE" value="ba39ee0e-d5b1-4100-88dc-95ce6956d634"/>
<objectids-entry key="Default zone¤EP_1¤EP_Standard_C4484572_998" objectid="255" type="ACTION" value="cf309ce6-4644-4ca1-b9dd-74fdf2e9d6f3"/>
<objectids-entry key="Default zone¤EP_1¤EP_Standard_C4484572_998" objectid="256" type="ACTION" value="fbf645a5-9b76-4364-bc8c-6f97b865d72e"/>
<objectids-entry key="Default zone¤EP_1¤EP_Standard_C4484572_998" objectid="257" type="ACTION" value="0b14b7a3-5f1d-4d86-aecf-7833faf592f3"/>
<objectids-entry key="Default zone¤EP_1¤EP_Standard_C4484572_998" objectid="258" type="ACTION" value="b92cfadc-ea6b-40c0-bc96-33dd0007321c"/>
<objectids-entry key="Default zone¤EP_1¤EP_Standard_C4484572_998" objectid="259" type="HTTP_PAGE" value="4a3c0af3-5a8f-4aaf-9b5c-49ad041ca9c3"/>
<objectids-entry key="Default zone¤EP_1¤EP_Standard_C4484572_998" objectid="260" type="ACTION" value="5a2645bc-b17b-4c43-af77-dac33cb87a51"/>
<objectids-entry key="Default zone¤EP_1¤EP_Standard_C4484572_998" objectid="261" type="BASIC_LOGICAL_CONTAINER" value="253c8168-95a5-45fb-81c4-414c7736f693"/>
<objectids-entry key="Default zone¤EP_1¤EP_Standard_C4484572_998" objectid="262" type="HTTP_PAGE" value="23255953-b88d-4662-b562-f7509c0a5b37"/>
<objectids-entry key="Default zone¤EP_1¤EP_Standard_C4484572_998" objectid="263" type="ACTION" value="11c9f4b8-d30e-4ec7-a113-c8d00083c23a"/>
<objectids-entry key="Default zone¤EP_1¤EP_Standard_C4484572_998" objectid="264" type="ACTION" value="3e94fe7a-2da1-4957-a66b-57c42fb687f5"/>
<objectids-entry key="Default zone¤EP_1¤EP_Standard_C4484572_998" objectid="265" type="BASIC_LOGICAL_CONTAINER" value="d7354775-c50b-477b-90c5-20df24d2d16c"/>
<objectids-entry key="Default zone¤EP_1¤EP_Standard_C4484572_998" objectid="266" type="HTTP_PAGE" value="6f80a23d-6e1f-4d91-9c23-f844f2f964b6"/>
<objectids-entry key="Default zone¤EP_1¤EP_Standard_C4484572_998" objectid="267" type="ACTION" value="c441b1a4-886d-4072-a7f4-a6992eea0853"/>
<objectids-entry key="Default zone¤EP_1¤EP_Standard_C4484572_998" objectid="268" type="ACTION" value="44eb8043-7974-4182-a641-aa297d59e37d"/>
<objectids-entry key="Default zone¤EP_1¤EP_Standard_C4484572_998" objectid="269" type="BASIC_LOGICAL_CONTAINER" value="c0118f0a-969a-470b-948c-28d2604e37bf"/>
<objectids-entry key="Default zone¤EP_1¤EP_Standard_C4484572_998" objectid="270" type="HTTP_PAGE" value="c95ce38d-d557-41b8-9c5b-26c3bc2769d1"/>
<objectids-entry key="Default zone¤EP_1¤EP_Standard_C4484572_998" objectid="271" type="ACTION" value="02a12b20-c9c7-49f3-83be-439e17443158"/>
<objectids-entry key="Default zone¤EP_1¤EP_Standard_C4484572_998" objectid="272" type="HTTP_PAGE" value="fc0ea538-eded-4582-bf6c-abd1e4d7265d"/>
<objectids-entry key="Default zone¤EP_1¤EP_Standard_C4484572_998" objectid="273" type="ACTION" value="d3732075-0889-4ce7-9db4-5fb084d4ccec"/>
<objectids-entry key="Default zone¤EP_1¤EP_Standard_C4484572_998" objectid="274" type="HTTP_PAGE" value="b6f8be4e-d34e-4f32-b263-64b8831cd8c6"/>
<objectids-entry key="Default zone¤EP_1¤EP_Standard_C4484572_998" objectid="275" type="ACTION" value="59d6b293-90df-46de-a045-89cc261ad34f"/>
<objectids-entry key="Default zone¤EP_1¤EP_Standard_C4484572_998" objectid="276" type="ACTION" value="bb70648d-8a82-4b3b-8890-166abe53725f"/>
<objectids-entry key="Default zone¤EP_1¤EP_Standard_C4484572_998" objectid="277" type="ACTION" value="e6eb7d49-bf32-4e2f-81fd-6ac011ad3f01"/>
<objectids-entry key="Default zone¤EP_1¤EP_Standard_C4484572_998" objectid="278" type="ACTION" value="e655868c-3319-44eb-83de-ec54bf683fc1"/>
<objectids-entry key="Default zone¤EP_1¤EP_Standard_C4484572_998" objectid="279" type="ACTION" value="3f699ee9-986b-4203-ba8e-fa83cf62a3f6"/>
<objectids-entry key="Default zone¤EP_1¤EP_Standard_C4484572_998" objectid="280" type="BASIC_LOGICAL_CONTAINER" value="35953b7b-4de8-4eed-8420-899bdedcff9c"/>
<objectids-entry key="Default zone¤EP_1¤EP_Standard_C4484572_998" objectid="281" type="HTTP_PAGE" value="4bb2e577-247e-4753-b8e5-666b42fcabab"/>
<objectids-entry key="Default zone¤EP_1¤EP_Standard_C4484572_998" objectid="282" type="ACTION" value="3f072099-4412-4bf2-8a15-443f37ac3442"/>
<objectids-entry key="Default zone¤EP_1¤EP_Standard_C4484572_998" objectid="283" type="HTTP_PAGE" value="cdd1326d-1cab-4aa3-9b47-94c1fcda86e7"/>
<objectids-entry key="Default zone¤EP_1¤EP_Standard_C4484572_998" objectid="284" type="ACTION" value="b66347d0-f31b-4090-a3da-462cc1f89ac6"/>
<objectids-entry key="Default zone¤EP_1¤EP_Standard_C4484572_998" objectid="285" type="HTTP_PAGE" value="993d267e-36b7-4db0-b869-e71e62d2b657"/>
<objectids-entry key="Default zone¤EP_1¤EP_Standard_C4484572_998" objectid="286" type="ACTION" value="29ce366e-2119-44f4-98c4-803a495958ce"/>
<objectids-entry key="Default zone¤EP_1¤EP_Standard_C4484572_998" objectid="287" type="ACTION" value="cd1b2f6e-026a-4f49-8d7b-63d3ba1ab948"/>
<objectids-entry key="Default zone¤EP_1¤EP_Standard_C4484572_998" objectid="288" type="BASIC_LOGICAL_CONTAINER" value="57a5e2e1-2c80-41a4-9376-445f5be095d2"/>
<objectids-entry key="Default zone¤EP_1¤EP_Standard_C4484572_998" objectid="289" type="DELAY" value="f0cfc2b5-d92d-416c-9338-c4a10385c771"/>
<objectids-entry key="Default zone¤EP_1¤EP_Standard_C4484572_998" objectid="290" type="BASIC_LOGICAL_CONTAINER" value="$parent=EP_Standard_C4484572_998;$index=2"/>
<objectids-entry key="¤¤" objectid="291" type="MONITORED_HOST" value="NeoLoad"/>
<objectids-entry key="¤¤" objectid="292" type="MONITORCONNECTION" value="NeoLoad$NeoLoad"/>
<objectids-entry key="¤¤" objectid="293" type="MONITOR" value="NeoLoad$NeoLoad$UserLoad"/>
<objectids-entry key="¤¤" objectid="294" type="MONITOR" value="NeoLoad$NeoLoad$throughput"/>
<objectids-entry key="¤¤" objectid="295" type="MONITOR" value="NeoLoad$NeoLoad$Alerts"/>
<objectids-entry key="¤¤" objectid="296" type="MONITOR" value="NeoLoad$NeoLoad$CriticalAlerts"/>
<objectids-entry key="¤¤" objectid="297" type="MONITOR" value="NeoLoad$NeoLoad$WarningAlerts"/>
<objectids-entry key="¤¤" objectid="298" type="MONITOR" value="NeoLoad$NeoLoad$cpu"/>
<objectids-entry key="¤¤" objectid="299" type="THRESHOLD" value="NeoLoad$NeoLoad$4c5ea3c2-9e3f-4aa3-9ff0-cf8ae059b67c"/>
<objectids-entry key="¤¤" objectid="300" type="MONITOR" value="NeoLoad$NeoLoad$memory"/>
<objectids-entry key="¤¤" objectid="301" type="THRESHOLD" value="NeoLoad$NeoLoad$2b899a69-9c70-451d-826b-3dcc5200834e"/>
<objectids-entry key="¤¤" objectid="302" type="MONITOR" value="NeoLoad$NeoLoad$threadcount"/>
<objectids-entry key="¤¤" objectid="303" type="MONITOR" value="NeoLoad$NeoLoad$memoryos"/>
<objectids-entry key="¤¤" objectid="304" type="THRESHOLD" value="NeoLoad$NeoLoad$a41ae050-01ca-45b7-9a84-6076db6f56a6"/>
<objectids-entry key="¤¤" objectid="305" type="MONITOR" value="NeoLoad$NeoLoad$connectedlg"/>
<objectids-entry key="¤¤" objectid="306" type="MONITOR" value="NeoLoad$NeoLoad$totallgdisconnections"/>
<objectids-entry key="¤¤" objectid="307" type="THRESHOLD" value="NeoLoad$NeoLoad$b37ece79-9599-4cf7-add9-36ac451e4426"/>
<objectids-entry key="¤¤" objectid="308" type="MONITOR" value="NeoLoad$NeoLoad$totallgreconnections"/>
<objectids-entry key="¤¤" objectid="309" type="MONITOR" value="NeoLoad$NeoLoad$otcp.NeoLoad"/>
<objectids-entry key="¤¤" objectid="310" type="MONITOR" value="NeoLoad$NeoLoad$tcp.NeoLoad"/>
<objectids-entry key="¤¤" objectid="311" type="MONITOR" value="NeoLoad$NeoLoad$ibytesperinterface~NeoLoad~eth11"/>
<objectids-entry key="¤¤" objectid="312" type="MONITOR" value="NeoLoad$NeoLoad$obytesperinterface~NeoLoad~eth11"/>
<objectids-entry key="¤¤" objectid="313" type="MONITOR" value="NeoLoad$NeoLoad$ibytesperinterface~NeoLoad~eth13"/>
<objectids-entry key="¤¤" objectid="314" type="MONITOR" value="NeoLoad$NeoLoad$obytesperinterface~NeoLoad~eth13"/>
<objectids-entry key="¤¤" objectid="315" type="MONITOR" value="NeoLoad$NeoLoad$SapUserLoad"/>
<objectids-entry key="¤¤" objectid="316" type="MONITOR" value="NeoLoad$NeoLoad$zoneuserload~Default zone"/>
<objectids-entry key="¤¤" objectid="317" type="MONITOR" value="NeoLoad$NeoLoad$zoneuserloadperpopulation~Default zone~EP"/>
<objectids-entry key="¤¤" objectid="318" type="MONITOR" value="NeoLoad$NeoLoad$zoneuserloadperpopulation~Default zone~EP~EP_Standard_C4484572"/>
<objectids-entry key="¤¤" objectid="319" type="MONITOR" value="NeoLoad$NeoLoad$zoneuserloadperpopulation~Default zone~EP_1"/>
<objectids-entry key="¤¤" objectid="320" type="MONITOR" value="NeoLoad$NeoLoad$zoneuserloadperpopulation~Default zone~EP_1~EP_Standard_C4484572_998"/>
<objectids-entry key="¤¤" objectid="321" type="MONITORED_HOST" value="LG 10.149.80.138:7100"/>
<objectids-entry key="¤¤" objectid="322" type="MONITORCONNECTION" value="LG 10.149.80.138:7100$NeoLoad"/>
<objectids-entry key="¤¤" objectid="323" type="MONITOR" value="LG 10.149.80.138:7100$NeoLoad$lgcpu.10.149.80.138:7100"/>
<objectids-entry key="¤¤" objectid="324" type="THRESHOLD" value="LG 10.149.80.138:7100$NeoLoad$470413be-8cf3-45e1-86dd-8c28d6adda38"/>
<objectids-entry key="¤¤" objectid="325" type="MONITOR" value="LG 10.149.80.138:7100$NeoLoad$lgmemory.10.149.80.138:7100"/>
<objectids-entry key="¤¤" objectid="326" type="THRESHOLD" value="LG 10.149.80.138:7100$NeoLoad$6463f5ff-11c5-498b-81ad-3b084c9e5d19"/>
<objectids-entry key="¤¤" objectid="327" type="MONITOR" value="LG 10.149.80.138:7100$NeoLoad$lgthroughput.10.149.80.138:7100"/>
<objectids-entry key="¤¤" objectid="328" type="MONITOR" value="LG 10.149.80.138:7100$NeoLoad$lgosmemory.10.149.80.138:7100"/>
<objectids-entry key="¤¤" objectid="329" type="THRESHOLD" value="LG 10.149.80.138:7100$NeoLoad$480f981c-19d3-4c04-a6b2-4812938b786c"/>
<objectids-entry key="¤¤" objectid="330" type="MONITOR" value="LG 10.149.80.138:7100$NeoLoad$lguserloadperpopulation~10.149.80.138:7100"/>
<objectids-entry key="¤¤" objectid="331" type="MONITOR" value="LG 10.149.80.138:7100$NeoLoad$lgthreadcount.10.149.80.138:7100"/>
<objectids-entry key="¤¤" objectid="332" type="MONITOR" value="LG 10.149.80.138:7100$NeoLoad$lg.jetty.httpclient.threadpool.used.10.149.80.138:7100"/>
<objectids-entry key="¤¤" objectid="333" type="MONITOR" value="LG 10.149.80.138:7100$NeoLoad$lg.jetty.httpclient.taskpool.used.10.149.80.138:7100"/>
<objectids-entry key="¤¤" objectid="334" type="THRESHOLD" value="LG 10.149.80.138:7100$NeoLoad$63861cee-ca15-4ffa-a2d8-d249e93a3ed2"/>
<objectids-entry key="¤¤" objectid="335" type="MONITOR" value="LG 10.149.80.138:7100$NeoLoad$lgdisconnections.10.149.80.138:7100"/>
<objectids-entry key="¤¤" objectid="336" type="MONITOR" value="LG 10.149.80.138:7100$NeoLoad$lgreconnections.10.149.80.138:7100"/>
<objectids-entry key="¤¤" objectid="337" type="MONITOR" value="LG 10.149.80.138:7100$NeoLoad$lgping.10.149.80.138:7100"/>
<objectids-entry key="¤¤" objectid="338" type="MONITOR" value="LG 10.149.80.138:7100$NeoLoad$lgotcp.10.149.80.138:7100"/>
<objectids-entry key="¤¤" objectid="339" type="MONITOR" value="LG 10.149.80.138:7100$NeoLoad$lgtcp.10.149.80.138:7100"/>
<objectids-entry key="¤¤" objectid="340" type="MONITOR" value="LG 10.149.80.138:7100$NeoLoad$lgibytesperinterface~10.149.80.138:7100~eth5"/>
<objectids-entry key="¤¤" objectid="341" type="MONITOR" value="LG 10.149.80.138:7100$NeoLoad$lgobytesperinterface~10.149.80.138:7100~eth5"/>
<objectids-entry key="¤¤" objectid="342" type="MONITOR" value="LG 10.149.80.138:7100$NeoLoad$lgibytesperinterface~10.149.80.138:7100~eth4"/>
<objectids-entry key="¤¤" objectid="343" type="MONITOR" value="LG 10.149.80.138:7100$NeoLoad$lgobytesperinterface~10.149.80.138:7100~eth4"/>
</objectids-table>
<!--****** DURATION ******-->
<duration value="0"/>
<!--****** AGGREGATION PERIOD ******-->
<aggregation-period value="1000"/>
<!--****** EXTENDED STATISTICS ******-->
<truncated-mean centered-interval="true" percentage="90"/>
<percentile percentage="50"/>
</project>
