
	<!DOCTYPE project [
		<!ELEMENT project (objectids-table | current-scenario | duration | aggregation-period | truncated-mean | percentile)* >
	
		<!ELEMENT objectids-table (objectids-entry)* >
		<!ELEMENT objectids-entry (#PCDATA)>
		<!ELEMENT duration (#PCDATA)>
		<!ELEMENT truncated-mean (#PCDATA)>
		<!ELEMENT percentile (#PCDATA)>
		<!ELEMENT aggregation-period (#PCDATA)>
		<!ELEMENT current-scenario (#PCDATA)>
		<!ATTLIST duration
		    value CDATA #REQUIRED>
	    <!ATTLIST aggregation-period
		    value CDATA #REQUIRED>
		<!ATTLIST objectids-entry
		    objectid CDATA #REQUIRED
		    type CDATA #REQUIRED
		    value CDATA #REQUIRED
		    key CDATA #REQUIRED>
		<!ATTLIST truncated-mean
		    centered-interval CDATA #REQUIRED
		    percentage CDATA #REQUIRED>
		 <!ATTLIST percentile
		    percentage CDATA #REQUIRED>
	]>


<!--****** RUNTIME PROJECT ******--><project>
<!--****** CURRENT SCENARIO ******-->
<current-scenario>BE_QR_001_C5241574</current-scenario>
<!--****** OBJECTIDS ******-->
<objectids-table>
<objectids-entry key="" objectid="0" type="LG_HOST" value="10.149.80.138:7100"/>
<objectids-entry key="" objectid="1" type="ZONE" value="Default zone"/>
<objectids-entry key="Default zone¤BE¤" objectid="2" type="POPULATION" value="BE"/>
<objectids-entry key="Default zone¤BE¤BE_Standard_C4484573" objectid="3" type="VIRTUAL_USER" value="BE_Standard_C4484573"/>
<objectids-entry key="Default zone¤BE¤BE_Standard_C4484573" objectid="4" type="BASIC_LOGICAL_CONTAINER" value="$parent=BE_Standard_C4484573;$index=0"/>
<objectids-entry key="Default zone¤BE¤BE_Standard_C4484573" objectid="5" type="BASIC_LOGICAL_CONTAINER" value="$parent=BE_Standard_C4484573;$index=1"/>
<objectids-entry key="Default zone¤BE¤BE_Standard_C4484573" objectid="6" type="BASIC_LOGICAL_CONTAINER" value="b3d96387-2449-4d95-84f0-b3ae666d1aeb"/>
<objectids-entry key="Default zone¤BE¤BE_Standard_C4484573" objectid="7" type="DELAY" value="0906c4d7-251b-4e8d-97e5-88748a92b351"/>
<objectids-entry key="Default zone¤BE¤BE_Standard_C4484573" objectid="8" type="BASIC_LOGICAL_CONTAINER" value="b89d54b2-7171-4539-931a-96f2b8f96cdb"/>
<objectids-entry key="Default zone¤BE¤BE_Standard_C4484573" objectid="9" type="HTTP_PAGE" value="8d2c9ca2-d2f9-4fb4-8cf0-e500ebf35164"/>
<objectids-entry key="Default zone¤BE¤BE_Standard_C4484573" objectid="10" type="ACTION" value="0a620e22-6066-4273-a9db-a5cd4f5b623e"/>
<objectids-entry key="Default zone¤BE¤BE_Standard_C4484573" objectid="11" type="ACTION" value="ef1915d9-736d-4ba5-b637-c32be900ac4c"/>
<objectids-entry key="Default zone¤BE¤BE_Standard_C4484573" objectid="12" type="ACTION" value="f6868b2f-eebf-4f00-9fa8-a3eaa40dbd96"/>
<objectids-entry key="Default zone¤BE¤BE_Standard_C4484573" objectid="13" type="ACTION" value="f50a50a4-9d4c-48d9-b8e4-9493a1eac389"/>
<objectids-entry key="Default zone¤BE¤BE_Standard_C4484573" objectid="14" type="ACTION" value="caf0c8e3-fef7-4a38-872e-33a4a113577b"/>
<objectids-entry key="Default zone¤BE¤BE_Standard_C4484573" objectid="15" type="HTTP_PAGE" value="625a1996-3974-44b5-bd27-242f4e77d23d"/>
<objectids-entry key="Default zone¤BE¤BE_Standard_C4484573" objectid="16" type="ACTION" value="3b7e8523-8082-4036-ab00-df11b3403e75"/>
<objectids-entry key="Default zone¤BE¤BE_Standard_C4484573" objectid="17" type="ACTION" value="50a38a2f-7b59-469b-bfe5-d030e95a8483"/>
<objectids-entry key="Default zone¤BE¤BE_Standard_C4484573" objectid="18" type="ACTION" value="b4119fa3-aa83-41e2-84a1-3e21eb1ea143"/>
<objectids-entry key="Default zone¤BE¤BE_Standard_C4484573" objectid="19" type="ACTION" value="21e4a7f7-f1a7-492e-a3f4-1c74ed66740e"/>
<objectids-entry key="Default zone¤BE¤BE_Standard_C4484573" objectid="20" type="ACTION" value="2ec902f4-2505-42ab-9ee8-0c25b3926cd8"/>
<objectids-entry key="Default zone¤BE¤BE_Standard_C4484573" objectid="21" type="ACTION" value="71cb038a-a75e-40ad-b4e4-ba8e5033c689"/>
<objectids-entry key="Default zone¤BE¤BE_Standard_C4484573" objectid="22" type="ACTION" value="2106a90b-a062-402c-8118-e6a6aad7d688"/>
<objectids-entry key="Default zone¤BE¤BE_Standard_C4484573" objectid="23" type="HTTP_PAGE" value="549df4cd-94a2-46bb-a892-56df53164019"/>
<objectids-entry key="Default zone¤BE¤BE_Standard_C4484573" objectid="24" type="ACTION" value="ab64fae8-a90e-44c4-ad2d-21fa3723d1a6"/>
<objectids-entry key="Default zone¤BE¤BE_Standard_C4484573" objectid="25" type="HTTP_PAGE" value="ad18029e-a637-419a-b0d5-09a57b922c84"/>
<objectids-entry key="Default zone¤BE¤BE_Standard_C4484573" objectid="26" type="ACTION" value="260007a5-8928-411a-afeb-f397db5d1f54"/>
<objectids-entry key="Default zone¤BE¤BE_Standard_C4484573" objectid="27" type="ACTION" value="c18e2525-733a-4743-b025-65c167e4954b"/>
<objectids-entry key="Default zone¤BE¤BE_Standard_C4484573" objectid="28" type="ACTION" value="24284153-c8e2-4683-a29d-d3325d2fe86b"/>
<objectids-entry key="Default zone¤BE¤BE_Standard_C4484573" objectid="29" type="ACTION" value="a7d8ef2e-75d8-4c24-8331-92bec3ef6756"/>
<objectids-entry key="Default zone¤BE¤BE_Standard_C4484573" objectid="30" type="BASIC_LOGICAL_CONTAINER" value="1ec147d9-b73c-4aa8-8bfb-5a550a7ae1cc"/>
<objectids-entry key="Default zone¤BE¤BE_Standard_C4484573" objectid="31" type="HTTP_PAGE" value="9392be1b-62d8-4f10-a127-825575f9ff46"/>
<objectids-entry key="Default zone¤BE¤BE_Standard_C4484573" objectid="32" type="ACTION" value="11e6c022-3744-4edc-b95b-d2705a771c4f"/>
<objectids-entry key="Default zone¤BE¤BE_Standard_C4484573" objectid="33" type="ACTION" value="0a4e1be9-c23a-4692-acda-f81ed8f044e4"/>
<objectids-entry key="Default zone¤BE¤BE_Standard_C4484573" objectid="34" type="ACTION" value="4f9ef7d6-6bef-4787-91a1-47b74ffd892b"/>
<objectids-entry key="Default zone¤BE¤BE_Standard_C4484573" objectid="35" type="ACTION" value="5fea20da-315f-4a88-a16b-665eff6fd020"/>
<objectids-entry key="Default zone¤BE¤BE_Standard_C4484573" objectid="36" type="ACTION" value="d9ea6695-7fc4-4591-9c02-341f0dccd9aa"/>
<objectids-entry key="Default zone¤BE¤BE_Standard_C4484573" objectid="37" type="ACTION" value="c9d675e6-f8db-4970-8ed3-a109902c0383"/>
<objectids-entry key="Default zone¤BE¤BE_Standard_C4484573" objectid="38" type="ACTION" value="3b8fb5bb-6eb9-40ee-bd7d-c4ce0f5e9a53"/>
<objectids-entry key="Default zone¤BE¤BE_Standard_C4484573" objectid="39" type="ACTION" value="1c26395a-7295-4a5a-92e9-fca2e577c02c"/>
<objectids-entry key="Default zone¤BE¤BE_Standard_C4484573" objectid="40" type="ACTION" value="b9051996-f697-45ca-9bf1-a61a61587bba"/>
<objectids-entry key="Default zone¤BE¤BE_Standard_C4484573" objectid="41" type="ACTION" value="a5e16b3b-edcc-4527-9e45-01235582d950"/>
<objectids-entry key="Default zone¤BE¤BE_Standard_C4484573" objectid="42" type="ACTION" value="5c348fcf-cc56-49b3-b8bc-1f262365f6ff"/>
<objectids-entry key="Default zone¤BE¤BE_Standard_C4484573" objectid="43" type="ACTION" value="493df1b9-2417-41ec-a390-f228eb680ebe"/>
<objectids-entry key="Default zone¤BE¤BE_Standard_C4484573" objectid="44" type="ACTION" value="7cf6a786-fb31-4b54-b18a-0ef1bc05c743"/>
<objectids-entry key="Default zone¤BE¤BE_Standard_C4484573" objectid="45" type="ACTION" value="5aaf22e6-863a-477b-8b4c-67132d236e87"/>
<objectids-entry key="Default zone¤BE¤BE_Standard_C4484573" objectid="46" type="ACTION" value="966e0dab-947e-46e5-b913-d636748e355f"/>
<objectids-entry key="Default zone¤BE¤BE_Standard_C4484573" objectid="47" type="ACTION" value="277f8f0f-3d69-4afb-98e0-0a8ae3afb5df"/>
<objectids-entry key="Default zone¤BE¤BE_Standard_C4484573" objectid="48" type="ACTION" value="a285a411-b358-4c86-b0c7-b4432a9e0b2a"/>
<objectids-entry key="Default zone¤BE¤BE_Standard_C4484573" objectid="49" type="ACTION" value="aed0b3ff-7d00-41db-9061-3044caa9e8fb"/>
<objectids-entry key="Default zone¤BE¤BE_Standard_C4484573" objectid="50" type="ACTION" value="3731d522-6dd6-459a-ae31-8b85bcb0d666"/>
<objectids-entry key="Default zone¤BE¤BE_Standard_C4484573" objectid="51" type="ACTION" value="d53738f6-a9a5-4d35-8c0b-532c7d0d4d0f"/>
<objectids-entry key="Default zone¤BE¤BE_Standard_C4484573" objectid="52" type="ACTION" value="c7539c46-5676-46cf-9886-3df8b32eb85d"/>
<objectids-entry key="Default zone¤BE¤BE_Standard_C4484573" objectid="53" type="ACTION" value="5985f0f3-fded-44c9-9775-f1c72539af8d"/>
<objectids-entry key="Default zone¤BE¤BE_Standard_C4484573" objectid="54" type="ACTION" value="a8acd2e8-6ef6-44a4-8fb4-0a3037312858"/>
<objectids-entry key="Default zone¤BE¤BE_Standard_C4484573" objectid="55" type="ACTION" value="7c66b202-cce3-4420-8a77-5abfa191bf2d"/>
<objectids-entry key="Default zone¤BE¤BE_Standard_C4484573" objectid="56" type="ACTION" value="ec22da56-5ee8-4fda-ae21-51115de67ea0"/>
<objectids-entry key="Default zone¤BE¤BE_Standard_C4484573" objectid="57" type="ACTION" value="adcb5480-a677-4213-900e-d50cf7b17c07"/>
<objectids-entry key="Default zone¤BE¤BE_Standard_C4484573" objectid="58" type="ACTION" value="8d85466b-1f7c-455e-9cc5-c628352f85ac"/>
<objectids-entry key="Default zone¤BE¤BE_Standard_C4484573" objectid="59" type="ACTION" value="c05d3f4e-f553-472d-bde5-2df956fa41f0"/>
<objectids-entry key="Default zone¤BE¤BE_Standard_C4484573" objectid="60" type="ACTION" value="cbab3df0-8247-4691-badf-5d908f1d3fe8"/>
<objectids-entry key="Default zone¤BE¤BE_Standard_C4484573" objectid="61" type="ACTION" value="699187da-4fe5-4375-8180-e101265be060"/>
<objectids-entry key="Default zone¤BE¤BE_Standard_C4484573" objectid="62" type="HTTP_PAGE" value="8e47da97-8436-48e9-8438-d6693d5b1726"/>
<objectids-entry key="Default zone¤BE¤BE_Standard_C4484573" objectid="63" type="ACTION" value="102c17ed-05f0-4cee-83dd-7b7319d1cba9"/>
<objectids-entry key="Default zone¤BE¤BE_Standard_C4484573" objectid="64" type="ACTION" value="18bac9ab-3453-43b4-9ce4-b26e70c65788"/>
<objectids-entry key="Default zone¤BE¤BE_Standard_C4484573" objectid="65" type="ACTION" value="c9dd76e4-26e5-48c0-9d58-286737dada26"/>
<objectids-entry key="Default zone¤BE¤BE_Standard_C4484573" objectid="66" type="ACTION" value="9bfc3c65-3f7f-478b-9bce-61ef0eb11761"/>
<objectids-entry key="Default zone¤BE¤BE_Standard_C4484573" objectid="67" type="ACTION" value="fba03ac8-4248-49f3-b0c2-b3af3e637d71"/>
<objectids-entry key="Default zone¤BE¤BE_Standard_C4484573" objectid="68" type="ACTION" value="ed307163-596d-47bb-abea-8c18df2644d2"/>
<objectids-entry key="Default zone¤BE¤BE_Standard_C4484573" objectid="69" type="ACTION" value="c7afc52a-8efa-4513-87e0-cca89939d7b8"/>
<objectids-entry key="Default zone¤BE¤BE_Standard_C4484573" objectid="70" type="ACTION" value="667c8e78-3d00-442a-b03a-3d818f10aea2"/>
<objectids-entry key="Default zone¤BE¤BE_Standard_C4484573" objectid="71" type="ACTION" value="a4851280-636e-4069-99c1-24c2d90f8578"/>
<objectids-entry key="Default zone¤BE¤BE_Standard_C4484573" objectid="72" type="ACTION" value="597e157c-991c-474b-8fdc-ebe00f12d58d"/>
<objectids-entry key="Default zone¤BE¤BE_Standard_C4484573" objectid="73" type="ACTION" value="f23e6fae-2cc2-438c-9b76-a25bc1d36a0d"/>
<objectids-entry key="Default zone¤BE¤BE_Standard_C4484573" objectid="74" type="ACTION" value="4aad50fd-eb3d-4f70-9124-c64eef94c9bb"/>
<objectids-entry key="Default zone¤BE¤BE_Standard_C4484573" objectid="75" type="ACTION" value="f9992df9-5c72-4767-a830-9f9c242ac64b"/>
<objectids-entry key="Default zone¤BE¤BE_Standard_C4484573" objectid="76" type="ACTION" value="1d572aaf-4db5-476e-90dd-97f0b347e547"/>
<objectids-entry key="Default zone¤BE¤BE_Standard_C4484573" objectid="77" type="ACTION" value="a7e91d5e-85df-4fd6-8c0b-0def38f7aa84"/>
<objectids-entry key="Default zone¤BE¤BE_Standard_C4484573" objectid="78" type="ACTION" value="3615ab23-8d4f-4ab2-b894-4931b48c8dab"/>
<objectids-entry key="Default zone¤BE¤BE_Standard_C4484573" objectid="79" type="ACTION" value="0efa74f2-7907-41a0-8bac-66970f6ec01f"/>
<objectids-entry key="Default zone¤BE¤BE_Standard_C4484573" objectid="80" type="ACTION" value="e39cae98-f442-4c3d-9483-689f0c2b7e7f"/>
<objectids-entry key="Default zone¤BE¤BE_Standard_C4484573" objectid="81" type="ACTION" value="65947c51-503a-4493-8175-8a2b70cbbd4f"/>
<objectids-entry key="Default zone¤BE¤BE_Standard_C4484573" objectid="82" type="ACTION" value="4fe905d1-7c44-477d-ac38-389f5b89a264"/>
<objectids-entry key="Default zone¤BE¤BE_Standard_C4484573" objectid="83" type="ACTION" value="daec79d5-22a8-4c83-8b89-71d26c407bb1"/>
<objectids-entry key="Default zone¤BE¤BE_Standard_C4484573" objectid="84" type="ACTION" value="e30b825d-9a40-4a48-9158-14efccecc0ec"/>
<objectids-entry key="Default zone¤BE¤BE_Standard_C4484573" objectid="85" type="ACTION" value="4b8b8383-90bb-4e02-a170-9e8d35c7b6d0"/>
<objectids-entry key="Default zone¤BE¤BE_Standard_C4484573" objectid="86" type="ACTION" value="e801cf15-ee35-4f2c-9aa6-6958b414febf"/>
<objectids-entry key="Default zone¤BE¤BE_Standard_C4484573" objectid="87" type="ACTION" value="f094f814-ba79-4991-bf23-28338a38734c"/>
<objectids-entry key="Default zone¤BE¤BE_Standard_C4484573" objectid="88" type="ACTION" value="5e74a16a-81d2-42fb-8ce3-e4b5e8817e54"/>
<objectids-entry key="Default zone¤BE¤BE_Standard_C4484573" objectid="89" type="ACTION" value="88dd49c4-a007-4715-9d3b-d5b5ecef92f1"/>
<objectids-entry key="Default zone¤BE¤BE_Standard_C4484573" objectid="90" type="ACTION" value="56e2634a-18b8-4ffa-bf94-f215bee065e8"/>
<objectids-entry key="Default zone¤BE¤BE_Standard_C4484573" objectid="91" type="ACTION" value="8292d672-35e6-42ac-83d8-6f3b30e9b962"/>
<objectids-entry key="Default zone¤BE¤BE_Standard_C4484573" objectid="92" type="ACTION" value="19e53e26-f140-454d-9e50-36d463348755"/>
<objectids-entry key="Default zone¤BE¤BE_Standard_C4484573" objectid="93" type="HTTP_PAGE" value="65d844c2-faf6-4905-a244-3136ad7b708a"/>
<objectids-entry key="Default zone¤BE¤BE_Standard_C4484573" objectid="94" type="ACTION" value="3c6aa137-247c-49b8-ac2b-4e6093e38bee"/>
<objectids-entry key="Default zone¤BE¤BE_Standard_C4484573" objectid="95" type="HTTP_PAGE" value="c9965dbd-61e9-4713-84b2-527e635a35e7"/>
<objectids-entry key="Default zone¤BE¤BE_Standard_C4484573" objectid="96" type="ACTION" value="9186b8d2-acde-4356-93f1-a5ed851d7cdf"/>
<objectids-entry key="Default zone¤BE¤BE_Standard_C4484573" objectid="97" type="ACTION" value="95788e16-06ae-4e2d-9fca-b2807f294397"/>
<objectids-entry key="Default zone¤BE¤BE_Standard_C4484573" objectid="98" type="ACTION" value="5a598a66-2acb-47ce-a224-222cc038c96a"/>
<objectids-entry key="Default zone¤BE¤BE_Standard_C4484573" objectid="99" type="ACTION" value="6a7d2199-0b01-485e-8de0-ae56e05e2143"/>
<objectids-entry key="Default zone¤BE¤BE_Standard_C4484573" objectid="100" type="HTTP_PAGE" value="17b35729-7ef7-4710-a099-ccb27232b4ad"/>
<objectids-entry key="Default zone¤BE¤BE_Standard_C4484573" objectid="101" type="ACTION" value="acd4a8cc-57d2-464f-a030-ee3fb1b126f3"/>
<objectids-entry key="Default zone¤BE¤BE_Standard_C4484573" objectid="102" type="BASIC_LOGICAL_CONTAINER" value="fa9e3d48-24e3-4e3f-8ddd-b1240f40283c"/>
<objectids-entry key="Default zone¤BE¤BE_Standard_C4484573" objectid="103" type="HTTP_PAGE" value="3a122563-3e84-4a0b-86d8-5474aa251e27"/>
<objectids-entry key="Default zone¤BE¤BE_Standard_C4484573" objectid="104" type="ACTION" value="25d05ada-22ed-4a69-bb5c-4f0d39b677ae"/>
<objectids-entry key="Default zone¤BE¤BE_Standard_C4484573" objectid="105" type="HTTP_PAGE" value="52e4da79-72fa-4f3d-9bdb-1c0159c1d88e"/>
<objectids-entry key="Default zone¤BE¤BE_Standard_C4484573" objectid="106" type="ACTION" value="f3ae9645-859b-42ce-adfd-3eb3b543806b"/>
<objectids-entry key="Default zone¤BE¤BE_Standard_C4484573" objectid="107" type="ACTION" value="33186f6d-0ea7-456b-b756-053e45c655fb"/>
<objectids-entry key="Default zone¤BE¤BE_Standard_C4484573" objectid="108" type="ACTION" value="e2ee1bc8-27d1-4071-82db-bf220a09725a"/>
<objectids-entry key="Default zone¤BE¤BE_Standard_C4484573" objectid="109" type="ACTION" value="9bee42bc-ee31-491a-a236-d29add7ee666"/>
<objectids-entry key="Default zone¤BE¤BE_Standard_C4484573" objectid="110" type="ACTION" value="e781205b-abc4-4446-8f42-e7e5893d4cc2"/>
<objectids-entry key="Default zone¤BE¤BE_Standard_C4484573" objectid="111" type="ACTION" value="1be1b788-53aa-4128-9a8c-e90707f18b21"/>
<objectids-entry key="Default zone¤BE¤BE_Standard_C4484573" objectid="112" type="ACTION" value="770116ec-00ad-40dd-aa08-ffdebce3b6c5"/>
<objectids-entry key="Default zone¤BE¤BE_Standard_C4484573" objectid="113" type="ACTION" value="e29dff84-3920-4a06-918b-269e3e353045"/>
<objectids-entry key="Default zone¤BE¤BE_Standard_C4484573" objectid="114" type="ACTION" value="01092a16-355b-4b59-a3cb-0ea1e10b15e1"/>
<objectids-entry key="Default zone¤BE¤BE_Standard_C4484573" objectid="115" type="ACTION" value="275747a5-a991-48e9-b590-dfca7ba42fdf"/>
<objectids-entry key="Default zone¤BE¤BE_Standard_C4484573" objectid="116" type="ACTION" value="a165672a-dfd0-462e-866a-ce5125ff1285"/>
<objectids-entry key="Default zone¤BE¤BE_Standard_C4484573" objectid="117" type="ACTION" value="8d99fada-432d-4753-904d-63e830a870b8"/>
<objectids-entry key="Default zone¤BE¤BE_Standard_C4484573" objectid="118" type="ACTION" value="81734370-c2a9-4433-8240-530a884df4d3"/>
<objectids-entry key="Default zone¤BE¤BE_Standard_C4484573" objectid="119" type="ACTION" value="90bde273-98c2-49fd-bc1c-af8c7b477abe"/>
<objectids-entry key="Default zone¤BE¤BE_Standard_C4484573" objectid="120" type="ACTION" value="3affd7eb-0c20-4ad3-993a-2b93a602d255"/>
<objectids-entry key="Default zone¤BE¤BE_Standard_C4484573" objectid="121" type="ACTION" value="d88403b3-a646-4d24-a202-d9750c5a274b"/>
<objectids-entry key="Default zone¤BE¤BE_Standard_C4484573" objectid="122" type="ACTION" value="02b07cac-9db9-4542-986e-db28fe5ba7d0"/>
<objectids-entry key="Default zone¤BE¤BE_Standard_C4484573" objectid="123" type="ACTION" value="a3033007-6931-4782-827d-6d7f72fe4b39"/>
<objectids-entry key="Default zone¤BE¤BE_Standard_C4484573" objectid="124" type="ACTION" value="78d8b07c-d74c-4535-80f6-a48fce10877a"/>
<objectids-entry key="Default zone¤BE¤BE_Standard_C4484573" objectid="125" type="ACTION" value="878ddeab-73a3-4868-9d5c-a048c4a95f48"/>
<objectids-entry key="Default zone¤BE¤BE_Standard_C4484573" objectid="126" type="ACTION" value="c677bfd3-9701-43eb-bcb6-d76a63b3fd13"/>
<objectids-entry key="Default zone¤BE¤BE_Standard_C4484573" objectid="127" type="ACTION" value="b0936698-4e3b-471e-b133-0228056b2552"/>
<objectids-entry key="Default zone¤BE¤BE_Standard_C4484573" objectid="128" type="ACTION" value="59a582f6-2f94-466c-b9b4-733181970a3a"/>
<objectids-entry key="Default zone¤BE¤BE_Standard_C4484573" objectid="129" type="ACTION" value="89606a22-7a49-4a73-baf8-0c724c8bd54f"/>
<objectids-entry key="Default zone¤BE¤BE_Standard_C4484573" objectid="130" type="ACTION" value="5bcec430-f7bb-4bd5-bdcc-33ec3e9cdf60"/>
<objectids-entry key="Default zone¤BE¤BE_Standard_C4484573" objectid="131" type="ACTION" value="f82ccceb-d848-48a2-95bc-15931dc50da4"/>
<objectids-entry key="Default zone¤BE¤BE_Standard_C4484573" objectid="132" type="ACTION" value="9b73c7ee-0a60-4aa4-a24d-ad877e36c819"/>
<objectids-entry key="Default zone¤BE¤BE_Standard_C4484573" objectid="133" type="ACTION" value="9ae6c2e4-813e-40ef-a806-bc69d27309e4"/>
<objectids-entry key="Default zone¤BE¤BE_Standard_C4484573" objectid="134" type="HTTP_PAGE" value="1568aa29-d813-4d56-8b30-b0cb5950ce78"/>
<objectids-entry key="Default zone¤BE¤BE_Standard_C4484573" objectid="135" type="ACTION" value="c9a35a1c-a5b9-4cec-af84-92c00b3acc3c"/>
<objectids-entry key="Default zone¤BE¤BE_Standard_C4484573" objectid="136" type="ACTION" value="604f8b93-5d57-4b2c-ba67-050cd06db78a"/>
<objectids-entry key="Default zone¤BE¤BE_Standard_C4484573" objectid="137" type="ACTION" value="a3fc61e8-842d-4cd9-899b-73f0e826ab43"/>
<objectids-entry key="Default zone¤BE¤BE_Standard_C4484573" objectid="138" type="ACTION" value="10ee03b9-c364-44ea-8f8e-e072dfc890fc"/>
<objectids-entry key="Default zone¤BE¤BE_Standard_C4484573" objectid="139" type="ACTION" value="7003e002-9e17-496e-900c-f5d46515ce4e"/>
<objectids-entry key="Default zone¤BE¤BE_Standard_C4484573" objectid="140" type="ACTION" value="ab3bc7c7-825b-4176-b778-ce7471f49166"/>
<objectids-entry key="Default zone¤BE¤BE_Standard_C4484573" objectid="141" type="ACTION" value="d233f081-738b-4b65-878d-4c5ace2123e7"/>
<objectids-entry key="Default zone¤BE¤BE_Standard_C4484573" objectid="142" type="HTTP_PAGE" value="082020a1-af6c-41a4-a305-39f63c880ea2"/>
<objectids-entry key="Default zone¤BE¤BE_Standard_C4484573" objectid="143" type="ACTION" value="c09dedbf-c048-4e0b-a6f0-5aeea0d02e3b"/>
<objectids-entry key="Default zone¤BE¤BE_Standard_C4484573" objectid="144" type="ACTION" value="da91aae2-17b2-44b8-be66-e5a40e24c515"/>
<objectids-entry key="Default zone¤BE¤BE_Standard_C4484573" objectid="145" type="ACTION" value="59692f5e-d0e2-4b6d-9f35-9b8874fe0ffb"/>
<objectids-entry key="Default zone¤BE¤BE_Standard_C4484573" objectid="146" type="ACTION" value="776894ac-a1b1-4323-ab0e-c5ceec13b174"/>
<objectids-entry key="Default zone¤BE¤BE_Standard_C4484573" objectid="147" type="ACTION" value="1a8c5f95-f3c7-4f90-bbfe-8629c9acd9ed"/>
<objectids-entry key="Default zone¤BE¤BE_Standard_C4484573" objectid="148" type="HTTP_PAGE" value="201a0814-ccdc-48ae-a3f4-f5ebb4db6b2d"/>
<objectids-entry key="Default zone¤BE¤BE_Standard_C4484573" objectid="149" type="ACTION" value="f62ddfd0-3dc9-40a5-86be-42234bb6d12b"/>
<objectids-entry key="Default zone¤BE¤BE_Standard_C4484573" objectid="150" type="BASIC_LOGICAL_CONTAINER" value="e87c0bb2-a277-460b-81fc-15a4b6b99bf4"/>
<objectids-entry key="Default zone¤BE¤BE_Standard_C4484573" objectid="151" type="HTTP_PAGE" value="0ff605ba-5e0f-41ca-8aec-ce26adcd1e62"/>
<objectids-entry key="Default zone¤BE¤BE_Standard_C4484573" objectid="152" type="ACTION" value="3fb0ab59-fca7-41a5-bb2c-f665c21abb73"/>
<objectids-entry key="Default zone¤BE¤BE_Standard_C4484573" objectid="153" type="ACTION" value="ea55f132-53f4-4122-b072-b64671e7190a"/>
<objectids-entry key="Default zone¤BE¤BE_Standard_C4484573" objectid="154" type="ACTION" value="83670bdb-7af7-4100-8c4d-98f1c276cd37"/>
<objectids-entry key="Default zone¤BE¤BE_Standard_C4484573" objectid="155" type="ACTION" value="cbfe761c-38ad-4ad6-aebf-0ef139390d4c"/>
<objectids-entry key="Default zone¤BE¤BE_Standard_C4484573" objectid="156" type="BASIC_LOGICAL_CONTAINER" value="83964a00-e69c-4d68-a962-81a796dd153e"/>
<objectids-entry key="Default zone¤BE¤BE_Standard_C4484573" objectid="157" type="HTTP_PAGE" value="665f1a17-9f25-4fee-a184-bac281aeae4c"/>
<objectids-entry key="Default zone¤BE¤BE_Standard_C4484573" objectid="158" type="ACTION" value="9c73094f-bab9-46ca-9785-714f27ea0d93"/>
<objectids-entry key="Default zone¤BE¤BE_Standard_C4484573" objectid="159" type="ACTION" value="59891158-169c-4cb9-a857-2faa8fc90315"/>
<objectids-entry key="Default zone¤BE¤BE_Standard_C4484573" objectid="160" type="ACTION" value="37d0e9fd-a6e5-4df6-8ae9-4bb0399e0489"/>
<objectids-entry key="Default zone¤BE¤BE_Standard_C4484573" objectid="161" type="ACTION" value="9eaa824f-e257-4a68-aa70-d21c2c11a35e"/>
<objectids-entry key="Default zone¤BE¤BE_Standard_C4484573" objectid="162" type="ACTION" value="c405fa3e-bb37-40d0-ac9b-b63d95627f8e"/>
<objectids-entry key="Default zone¤BE¤BE_Standard_C4484573" objectid="163" type="ACTION" value="3dd8f1ca-7a0e-4125-bc11-b72e801e65d0"/>
<objectids-entry key="Default zone¤BE¤BE_Standard_C4484573" objectid="164" type="ACTION" value="53cf3e9e-b243-445c-bdd1-20b97731d631"/>
<objectids-entry key="Default zone¤BE¤BE_Standard_C4484573" objectid="165" type="BASIC_LOGICAL_CONTAINER" value="1b163f7e-1a24-42ab-9d1a-bbda87cd81b9"/>
<objectids-entry key="Default zone¤BE¤BE_Standard_C4484573" objectid="166" type="HTTP_PAGE" value="7fc21241-ffb4-444a-a27d-9e514d4fc3b1"/>
<objectids-entry key="Default zone¤BE¤BE_Standard_C4484573" objectid="167" type="ACTION" value="5c9005f9-dec1-48a1-af3b-8adef25479fb"/>
<objectids-entry key="Default zone¤BE¤BE_Standard_C4484573" objectid="168" type="ACTION" value="d4ccfe04-7193-4bac-ab53-06d77dd981c0"/>
<objectids-entry key="Default zone¤BE¤BE_Standard_C4484573" objectid="169" type="ACTION" value="f310f92b-0e79-42dd-b35a-f9bec76d74b2"/>
<objectids-entry key="Default zone¤BE¤BE_Standard_C4484573" objectid="170" type="ACTION" value="c391a56c-ea0d-488a-9d68-a3bd310166c4"/>
<objectids-entry key="Default zone¤BE¤BE_Standard_C4484573" objectid="171" type="ACTION" value="c144784e-0eb6-4d41-b510-2dfd9d4d2044"/>
<objectids-entry key="Default zone¤BE¤BE_Standard_C4484573" objectid="172" type="BASIC_LOGICAL_CONTAINER" value="e7eb7d1a-f24b-41c3-a73a-54491d5b74de"/>
<objectids-entry key="Default zone¤BE¤BE_Standard_C4484573" objectid="173" type="HTTP_PAGE" value="657ab405-49d9-4b7f-b7de-24cc010a35b5"/>
<objectids-entry key="Default zone¤BE¤BE_Standard_C4484573" objectid="174" type="ACTION" value="eaa8006a-da15-4291-87d2-de8652086c1f"/>
<objectids-entry key="Default zone¤BE¤BE_Standard_C4484573" objectid="175" type="ACTION" value="69aaff77-81e1-4093-95de-f97f66bfc2b1"/>
<objectids-entry key="Default zone¤BE¤BE_Standard_C4484573" objectid="176" type="ACTION" value="4f75ce79-662d-472f-8a78-b6c1c3dc30a7"/>
<objectids-entry key="Default zone¤BE¤BE_Standard_C4484573" objectid="177" type="ACTION" value="1ed044f4-7b2d-481b-853e-bdc1d65aebff"/>
<objectids-entry key="Default zone¤BE¤BE_Standard_C4484573" objectid="178" type="BASIC_LOGICAL_CONTAINER" value="dd432e27-651a-4b9c-94c5-cd10a3c689dc"/>
<objectids-entry key="Default zone¤BE¤BE_Standard_C4484573" objectid="179" type="HTTP_PAGE" value="3e273f51-cc46-4c19-9af2-52dd0dfe92ae"/>
<objectids-entry key="Default zone¤BE¤BE_Standard_C4484573" objectid="180" type="ACTION" value="17849cc7-f15e-4538-a5ac-456050cb41f8"/>
<objectids-entry key="Default zone¤BE¤BE_Standard_C4484573" objectid="181" type="HTTP_PAGE" value="675ba10c-1c27-46c4-9015-8b152ec39bc9"/>
<objectids-entry key="Default zone¤BE¤BE_Standard_C4484573" objectid="182" type="ACTION" value="ab0ba195-d7fb-40e3-89d0-1a136ff3db57"/>
<objectids-entry key="Default zone¤BE¤BE_Standard_C4484573" objectid="183" type="ACTION" value="f76d6712-e14f-4e5a-97b9-cd248cd9e73c"/>
<objectids-entry key="Default zone¤BE¤BE_Standard_C4484573" objectid="184" type="ACTION" value="1983188d-be0d-47a7-bab8-e9b8831cab60"/>
<objectids-entry key="Default zone¤BE¤BE_Standard_C4484573" objectid="185" type="ACTION" value="cfc7c43f-76d0-44d8-ae75-70b4d10c1226"/>
<objectids-entry key="Default zone¤BE¤BE_Standard_C4484573" objectid="186" type="BASIC_LOGICAL_CONTAINER" value="1c9e3a3d-3e7f-4a18-9a36-ef8d24aec699"/>
<objectids-entry key="Default zone¤BE¤BE_Standard_C4484573" objectid="187" type="HTTP_PAGE" value="d455b055-edcb-4d4c-931b-7d24cf3e39bc"/>
<objectids-entry key="Default zone¤BE¤BE_Standard_C4484573" objectid="188" type="ACTION" value="74b60603-12e3-4abd-86bd-0db477bde681"/>
<objectids-entry key="Default zone¤BE¤BE_Standard_C4484573" objectid="189" type="HTTP_PAGE" value="a709ce1c-c723-424f-ae48-52906be07a7b"/>
<objectids-entry key="Default zone¤BE¤BE_Standard_C4484573" objectid="190" type="ACTION" value="386ae580-da3a-4aed-954e-5affea07d809"/>
<objectids-entry key="Default zone¤BE¤BE_Standard_C4484573" objectid="191" type="ACTION" value="4f23e8c5-074e-4475-924a-b7c221a259e0"/>
<objectids-entry key="Default zone¤BE¤BE_Standard_C4484573" objectid="192" type="ACTION" value="af8d2387-6f6c-4df2-9c73-9dce6d9dacc1"/>
<objectids-entry key="Default zone¤BE¤BE_Standard_C4484573" objectid="193" type="ACTION" value="4b881e36-43f8-471b-af17-d290f371013e"/>
<objectids-entry key="Default zone¤BE¤BE_Standard_C4484573" objectid="194" type="ACTION" value="4a3e82c4-5c90-48cb-812c-c4e5506e3a67"/>
<objectids-entry key="Default zone¤BE¤BE_Standard_C4484573" objectid="195" type="BASIC_LOGICAL_CONTAINER" value="d9b1d5d6-ae77-482c-95c2-562763251f05"/>
<objectids-entry key="Default zone¤BE¤BE_Standard_C4484573" objectid="196" type="HTTP_PAGE" value="48de2b92-dbed-45f7-9c5e-4cd9d601b463"/>
<objectids-entry key="Default zone¤BE¤BE_Standard_C4484573" objectid="197" type="ACTION" value="15913afa-6907-4e90-8602-8041824f0604"/>
<objectids-entry key="Default zone¤BE¤BE_Standard_C4484573" objectid="198" type="ACTION" value="05487c28-9e93-4cc6-b728-a76283babc18"/>
<objectids-entry key="Default zone¤BE¤BE_Standard_C4484573" objectid="199" type="BASIC_LOGICAL_CONTAINER" value="3af33fcd-7163-4ead-a585-8b45135bf7e8"/>
<objectids-entry key="Default zone¤BE¤BE_Standard_C4484573" objectid="200" type="HTTP_PAGE" value="a7acd99b-cde3-4032-adc8-9b815da9e877"/>
<objectids-entry key="Default zone¤BE¤BE_Standard_C4484573" objectid="201" type="ACTION" value="73ed89a5-37fe-4189-a4d5-576e5a74b31d"/>
<objectids-entry key="Default zone¤BE¤BE_Standard_C4484573" objectid="202" type="ACTION" value="c33ee51c-f4f4-47d4-a80e-3199ce878b6f"/>
<objectids-entry key="Default zone¤BE¤BE_Standard_C4484573" objectid="203" type="ACTION" value="aac1ae7f-ba4a-4243-9591-70ebc316edae"/>
<objectids-entry key="Default zone¤BE¤BE_Standard_C4484573" objectid="204" type="ACTION" value="a6cae5ab-0062-4887-a8b2-2dcfc78f25c3"/>
<objectids-entry key="Default zone¤BE¤BE_Standard_C4484573" objectid="205" type="ACTION" value="f9faf831-322e-4e65-a886-8f61db087678"/>
<objectids-entry key="Default zone¤BE¤BE_Standard_C4484573" objectid="206" type="ACTION" value="f3aa70e8-d763-414e-a6fd-926596932706"/>
<objectids-entry key="Default zone¤BE¤BE_Standard_C4484573" objectid="207" type="BASIC_LOGICAL_CONTAINER" value="deb077e0-8e33-4c90-b435-021a09ba2b12"/>
<objectids-entry key="Default zone¤BE¤BE_Standard_C4484573" objectid="208" type="HTTP_PAGE" value="07e200c0-6f09-4259-916a-e6722a6e8fce"/>
<objectids-entry key="Default zone¤BE¤BE_Standard_C4484573" objectid="209" type="ACTION" value="b1951c6c-df67-4460-9b0e-d3c790fbd6a8"/>
<objectids-entry key="Default zone¤BE¤BE_Standard_C4484573" objectid="210" type="HTTP_PAGE" value="724c08c3-f3ed-41c3-8666-f9d7eb11b6ef"/>
<objectids-entry key="Default zone¤BE¤BE_Standard_C4484573" objectid="211" type="ACTION" value="f33843ee-7cbc-4446-bdad-ab0571bc1b76"/>
<objectids-entry key="Default zone¤BE¤BE_Standard_C4484573" objectid="212" type="ACTION" value="815305ef-2983-4120-9a64-bcef6c8781ed"/>
<objectids-entry key="Default zone¤BE¤BE_Standard_C4484573" objectid="213" type="HTTP_PAGE" value="31b7651f-f197-4e0a-b209-604bc175722a"/>
<objectids-entry key="Default zone¤BE¤BE_Standard_C4484573" objectid="214" type="ACTION" value="0f323f68-b948-4551-bf6e-d07a19095f69"/>
<objectids-entry key="Default zone¤BE¤BE_Standard_C4484573" objectid="215" type="HTTP_PAGE" value="2f569d1a-6588-4b90-9edb-a700cf1c142a"/>
<objectids-entry key="Default zone¤BE¤BE_Standard_C4484573" objectid="216" type="ACTION" value="5c532fd7-2dc8-4c4e-b69f-3c5436bf6d91"/>
<objectids-entry key="Default zone¤BE¤BE_Standard_C4484573" objectid="217" type="ACTION" value="2440d97a-452b-4133-8598-43344da07672"/>
<objectids-entry key="Default zone¤BE¤BE_Standard_C4484573" objectid="218" type="ACTION" value="8f360eac-76eb-4b18-a212-7ed5bc2c30c1"/>
<objectids-entry key="Default zone¤BE¤BE_Standard_C4484573" objectid="219" type="BASIC_LOGICAL_CONTAINER" value="9dc28d54-d028-4899-946e-7f66cf0ecb68"/>
<objectids-entry key="Default zone¤BE¤BE_Standard_C4484573" objectid="220" type="DELAY" value="66bf0137-adda-402b-8c58-7805823956d1"/>
<objectids-entry key="Default zone¤BE¤BE_Standard_C4484573" objectid="221" type="BASIC_LOGICAL_CONTAINER" value="$parent=BE_Standard_C4484573;$index=2"/>
<objectids-entry key="¤¤" objectid="222" type="MONITORED_HOST" value="NeoLoad"/>
<objectids-entry key="¤¤" objectid="223" type="MONITORCONNECTION" value="NeoLoad$NeoLoad"/>
<objectids-entry key="¤¤" objectid="224" type="MONITOR" value="NeoLoad$NeoLoad$UserLoad"/>
<objectids-entry key="¤¤" objectid="225" type="MONITOR" value="NeoLoad$NeoLoad$throughput"/>
<objectids-entry key="¤¤" objectid="226" type="MONITOR" value="NeoLoad$NeoLoad$Alerts"/>
<objectids-entry key="¤¤" objectid="227" type="MONITOR" value="NeoLoad$NeoLoad$CriticalAlerts"/>
<objectids-entry key="¤¤" objectid="228" type="MONITOR" value="NeoLoad$NeoLoad$WarningAlerts"/>
<objectids-entry key="¤¤" objectid="229" type="MONITOR" value="NeoLoad$NeoLoad$cpu"/>
<objectids-entry key="¤¤" objectid="230" type="THRESHOLD" value="NeoLoad$NeoLoad$e9319bcd-e566-41e1-b2f3-b0a2f10e5615"/>
<objectids-entry key="¤¤" objectid="231" type="MONITOR" value="NeoLoad$NeoLoad$memory"/>
<objectids-entry key="¤¤" objectid="232" type="THRESHOLD" value="NeoLoad$NeoLoad$d7b6ab11-36ca-4e9d-b4c2-97c214418111"/>
<objectids-entry key="¤¤" objectid="233" type="MONITOR" value="NeoLoad$NeoLoad$threadcount"/>
<objectids-entry key="¤¤" objectid="234" type="MONITOR" value="NeoLoad$NeoLoad$memoryos"/>
<objectids-entry key="¤¤" objectid="235" type="THRESHOLD" value="NeoLoad$NeoLoad$2dd5ada4-a24b-485e-87cc-f3a501148044"/>
<objectids-entry key="¤¤" objectid="236" type="MONITOR" value="NeoLoad$NeoLoad$connectedlg"/>
<objectids-entry key="¤¤" objectid="237" type="MONITOR" value="NeoLoad$NeoLoad$totallgdisconnections"/>
<objectids-entry key="¤¤" objectid="238" type="THRESHOLD" value="NeoLoad$NeoLoad$8c7532c4-53c9-49e0-b833-1bb16c8376bb"/>
<objectids-entry key="¤¤" objectid="239" type="MONITOR" value="NeoLoad$NeoLoad$totallgreconnections"/>
<objectids-entry key="¤¤" objectid="240" type="MONITOR" value="NeoLoad$NeoLoad$otcp.NeoLoad"/>
<objectids-entry key="¤¤" objectid="241" type="MONITOR" value="NeoLoad$NeoLoad$tcp.NeoLoad"/>
<objectids-entry key="¤¤" objectid="242" type="MONITOR" value="NeoLoad$NeoLoad$ibytesperinterface~NeoLoad~eth11"/>
<objectids-entry key="¤¤" objectid="243" type="MONITOR" value="NeoLoad$NeoLoad$obytesperinterface~NeoLoad~eth11"/>
<objectids-entry key="¤¤" objectid="244" type="MONITOR" value="NeoLoad$NeoLoad$ibytesperinterface~NeoLoad~eth13"/>
<objectids-entry key="¤¤" objectid="245" type="MONITOR" value="NeoLoad$NeoLoad$obytesperinterface~NeoLoad~eth13"/>
<objectids-entry key="¤¤" objectid="246" type="MONITOR" value="NeoLoad$NeoLoad$SapUserLoad"/>
<objectids-entry key="¤¤" objectid="247" type="MONITOR" value="NeoLoad$NeoLoad$zoneuserload~Default zone"/>
<objectids-entry key="¤¤" objectid="248" type="MONITOR" value="NeoLoad$NeoLoad$zoneuserloadperpopulation~Default zone~BE"/>
<objectids-entry key="¤¤" objectid="249" type="MONITOR" value="NeoLoad$NeoLoad$zoneuserloadperpopulation~Default zone~BE~BE_Standard_C4484573"/>
<objectids-entry key="¤¤" objectid="250" type="MONITORED_HOST" value="LG 10.149.80.138:7100"/>
<objectids-entry key="¤¤" objectid="251" type="MONITORCONNECTION" value="LG 10.149.80.138:7100$NeoLoad"/>
<objectids-entry key="¤¤" objectid="252" type="MONITOR" value="LG 10.149.80.138:7100$NeoLoad$lgcpu.10.149.80.138:7100"/>
<objectids-entry key="¤¤" objectid="253" type="THRESHOLD" value="LG 10.149.80.138:7100$NeoLoad$b523ebb6-971b-4816-84a0-a6356a3546d7"/>
<objectids-entry key="¤¤" objectid="254" type="MONITOR" value="LG 10.149.80.138:7100$NeoLoad$lgmemory.10.149.80.138:7100"/>
<objectids-entry key="¤¤" objectid="255" type="THRESHOLD" value="LG 10.149.80.138:7100$NeoLoad$c82304fc-8f48-439e-bbdc-06a81f59a7f2"/>
<objectids-entry key="¤¤" objectid="256" type="MONITOR" value="LG 10.149.80.138:7100$NeoLoad$lgthroughput.10.149.80.138:7100"/>
<objectids-entry key="¤¤" objectid="257" type="MONITOR" value="LG 10.149.80.138:7100$NeoLoad$lgosmemory.10.149.80.138:7100"/>
<objectids-entry key="¤¤" objectid="258" type="THRESHOLD" value="LG 10.149.80.138:7100$NeoLoad$159c182f-5f64-4add-9f1f-6f69c98fe7bf"/>
<objectids-entry key="¤¤" objectid="259" type="MONITOR" value="LG 10.149.80.138:7100$NeoLoad$lguserloadperpopulation~10.149.80.138:7100"/>
<objectids-entry key="¤¤" objectid="260" type="MONITOR" value="LG 10.149.80.138:7100$NeoLoad$lgthreadcount.10.149.80.138:7100"/>
<objectids-entry key="¤¤" objectid="261" type="MONITOR" value="LG 10.149.80.138:7100$NeoLoad$lg.jetty.httpclient.threadpool.used.10.149.80.138:7100"/>
<objectids-entry key="¤¤" objectid="262" type="MONITOR" value="LG 10.149.80.138:7100$NeoLoad$lg.jetty.httpclient.taskpool.used.10.149.80.138:7100"/>
<objectids-entry key="¤¤" objectid="263" type="THRESHOLD" value="LG 10.149.80.138:7100$NeoLoad$2741ca98-32e4-4ecb-bef8-e20a456ad3f7"/>
<objectids-entry key="¤¤" objectid="264" type="MONITOR" value="LG 10.149.80.138:7100$NeoLoad$lgdisconnections.10.149.80.138:7100"/>
<objectids-entry key="¤¤" objectid="265" type="MONITOR" value="LG 10.149.80.138:7100$NeoLoad$lgreconnections.10.149.80.138:7100"/>
<objectids-entry key="¤¤" objectid="266" type="MONITOR" value="LG 10.149.80.138:7100$NeoLoad$lgping.10.149.80.138:7100"/>
<objectids-entry key="¤¤" objectid="267" type="MONITOR" value="LG 10.149.80.138:7100$NeoLoad$lgotcp.10.149.80.138:7100"/>
<objectids-entry key="¤¤" objectid="268" type="MONITOR" value="LG 10.149.80.138:7100$NeoLoad$lgtcp.10.149.80.138:7100"/>
<objectids-entry key="¤¤" objectid="269" type="MONITOR" value="LG 10.149.80.138:7100$NeoLoad$lgibytesperinterface~10.149.80.138:7100~eth5"/>
<objectids-entry key="¤¤" objectid="270" type="MONITOR" value="LG 10.149.80.138:7100$NeoLoad$lgobytesperinterface~10.149.80.138:7100~eth5"/>
<objectids-entry key="¤¤" objectid="271" type="MONITOR" value="LG 10.149.80.138:7100$NeoLoad$lgibytesperinterface~10.149.80.138:7100~eth4"/>
<objectids-entry key="¤¤" objectid="272" type="MONITOR" value="LG 10.149.80.138:7100$NeoLoad$lgobytesperinterface~10.149.80.138:7100~eth4"/>
</objectids-table>
<!--****** DURATION ******-->
<duration value="0"/>
<!--****** AGGREGATION PERIOD ******-->
<aggregation-period value="1000"/>
<!--****** EXTENDED STATISTICS ******-->
<truncated-mean centered-interval="true" percentage="90"/>
<percentile percentage="50"/>
</project>
