
	<!DOCTYPE project [
		<!ELEMENT project (objectids-table | current-scenario | duration | aggregation-period | truncated-mean | percentile)* >
	
		<!ELEMENT objectids-table (objectids-entry)* >
		<!ELEMENT objectids-entry (#PCDATA)>
		<!ELEMENT duration (#PCDATA)>
		<!ELEMENT truncated-mean (#PCDATA)>
		<!ELEMENT percentile (#PCDATA)>
		<!ELEMENT aggregation-period (#PCDATA)>
		<!ELEMENT current-scenario (#PCDATA)>
		<!ATTLIST duration
		    value CDATA #REQUIRED>
	    <!ATTLIST aggregation-period
		    value CDATA #REQUIRED>
		<!ATTLIST objectids-entry
		    objectid CDATA #REQUIRED
		    type CDATA #REQUIRED
		    value CDATA #REQUIRED
		    key CDATA #REQUIRED>
		<!ATTLIST truncated-mean
		    centered-interval CDATA #REQUIRED
		    percentage CDATA #REQUIRED>
		 <!ATTLIST percentile
		    percentage CDATA #REQUIRED>
	]>


<!--****** RUNTIME PROJECT ******--><project>
<!--****** CURRENT SCENARIO ******-->
<current-scenario>EP_C5241575</current-scenario>
<!--****** OBJECTIDS ******-->
<objectids-table>
<objectids-entry key="" objectid="0" type="LG_HOST" value="887357-1RDPT002.davison.local:7100"/>
<objectids-entry key="" objectid="1" type="ZONE" value="Default zone"/>
<objectids-entry key="Default zone¤EP¤" objectid="2" type="POPULATION" value="EP"/>
<objectids-entry key="Default zone¤EP¤EP_Standard_C4484572" objectid="3" type="VIRTUAL_USER" value="EP_Standard_C4484572"/>
<objectids-entry key="Default zone¤EP¤EP_Standard_C4484572" objectid="4" type="BASIC_LOGICAL_CONTAINER" value="$parent=EP_Standard_C4484572;$index=0"/>
<objectids-entry key="Default zone¤EP¤EP_Standard_C4484572" objectid="5" type="BASIC_LOGICAL_CONTAINER" value="$parent=EP_Standard_C4484572;$index=1"/>
<objectids-entry key="Default zone¤EP¤EP_Standard_C4484572" objectid="6" type="BASIC_LOGICAL_CONTAINER" value="c197f947-4603-4319-9a7f-0dc63528e47c"/>
<objectids-entry key="Default zone¤EP¤EP_Standard_C4484572" objectid="7" type="DELAY" value="94eb490f-5adb-43a4-bc2e-9f4acff0b8e9"/>
<objectids-entry key="Default zone¤EP¤EP_Standard_C4484572" objectid="8" type="BASIC_LOGICAL_CONTAINER" value="cefa2e28-9c71-45d0-a710-9bc4ae55c807"/>
<objectids-entry key="Default zone¤EP¤EP_Standard_C4484572" objectid="9" type="HTTP_PAGE" value="2d0b5be0-5f03-478d-b916-ad6de7e4b336"/>
<objectids-entry key="Default zone¤EP¤EP_Standard_C4484572" objectid="10" type="ACTION" value="e14052d9-c3ac-43b7-9682-74569848f9dc"/>
<objectids-entry key="Default zone¤EP¤EP_Standard_C4484572" objectid="11" type="ACTION" value="4ce337be-0908-4a0e-805d-919b3688bc66"/>
<objectids-entry key="Default zone¤EP¤EP_Standard_C4484572" objectid="12" type="HTTP_PAGE" value="fa6ad39a-5709-4f41-9930-2f889ee24471"/>
<objectids-entry key="Default zone¤EP¤EP_Standard_C4484572" objectid="13" type="ACTION" value="237b97a1-01f4-4a71-b4d0-597792a8d313"/>
<objectids-entry key="Default zone¤EP¤EP_Standard_C4484572" objectid="14" type="HTTP_PAGE" value="b9972fbd-ea66-431e-af2a-09140eb2d81c"/>
<objectids-entry key="Default zone¤EP¤EP_Standard_C4484572" objectid="15" type="ACTION" value="3d6b5e40-88b4-48a8-ac93-6497ca28537d"/>
<objectids-entry key="Default zone¤EP¤EP_Standard_C4484572" objectid="16" type="ACTION" value="59f1a42d-47c3-4bc4-bb59-4ce5bdef9533"/>
<objectids-entry key="Default zone¤EP¤EP_Standard_C4484572" objectid="17" type="ACTION" value="fdf40b47-0aa6-43c8-bcc5-9e2e6d8e5acb"/>
<objectids-entry key="Default zone¤EP¤EP_Standard_C4484572" objectid="18" type="ACTION" value="c7a9e7ae-17e6-4099-91c1-2b78d5bd856d"/>
<objectids-entry key="Default zone¤EP¤EP_Standard_C4484572" objectid="19" type="BASIC_LOGICAL_CONTAINER" value="29028688-bb2b-4e5c-bb0d-2be2a96bf957"/>
<objectids-entry key="Default zone¤EP¤EP_Standard_C4484572" objectid="20" type="HTTP_PAGE" value="c9a6120b-b107-4b56-8f3d-5a9baac0c554"/>
<objectids-entry key="Default zone¤EP¤EP_Standard_C4484572" objectid="21" type="ACTION" value="472a9e9e-589f-4fcb-92a3-08313f0a2c1c"/>
<objectids-entry key="Default zone¤EP¤EP_Standard_C4484572" objectid="22" type="HTTP_PAGE" value="17f44b87-34d9-4c1d-9805-2b6d261e590a"/>
<objectids-entry key="Default zone¤EP¤EP_Standard_C4484572" objectid="23" type="ACTION" value="2aafe680-508c-4b17-8b53-e1850e26218a"/>
<objectids-entry key="Default zone¤EP¤EP_Standard_C4484572" objectid="24" type="ACTION" value="b94afb05-9fcb-4039-8555-780d71ca0a03"/>
<objectids-entry key="Default zone¤EP¤EP_Standard_C4484572" objectid="25" type="ACTION" value="bd502826-193b-4675-967f-989f7c99d4a2"/>
<objectids-entry key="Default zone¤EP¤EP_Standard_C4484572" objectid="26" type="ACTION" value="b2dd9546-109f-4584-a02c-865421c39af1"/>
<objectids-entry key="Default zone¤EP¤EP_Standard_C4484572" objectid="27" type="ACTION" value="d8df4584-85bd-4f8b-a77b-de37389d4de5"/>
<objectids-entry key="Default zone¤EP¤EP_Standard_C4484572" objectid="28" type="ACTION" value="df506fe2-0802-4a4a-be10-26e808fa2128"/>
<objectids-entry key="Default zone¤EP¤EP_Standard_C4484572" objectid="29" type="ACTION" value="e063ea5e-ea5c-4278-a2e8-2c772dd219cf"/>
<objectids-entry key="Default zone¤EP¤EP_Standard_C4484572" objectid="30" type="ACTION" value="7391b18b-baff-4c47-8334-ea6e536dd1a1"/>
<objectids-entry key="Default zone¤EP¤EP_Standard_C4484572" objectid="31" type="ACTION" value="4b64f036-075e-4590-8181-64ffd82e8244"/>
<objectids-entry key="Default zone¤EP¤EP_Standard_C4484572" objectid="32" type="ACTION" value="52bb64de-dfca-46f7-a969-163a9bb8b713"/>
<objectids-entry key="Default zone¤EP¤EP_Standard_C4484572" objectid="33" type="ACTION" value="7088231a-6719-44ae-bd14-3b595e64fb59"/>
<objectids-entry key="Default zone¤EP¤EP_Standard_C4484572" objectid="34" type="ACTION" value="fac2a877-7277-4b42-b425-1ed673116275"/>
<objectids-entry key="Default zone¤EP¤EP_Standard_C4484572" objectid="35" type="ACTION" value="ff410fa8-0a4c-4afb-a024-eaf1ffecbc9b"/>
<objectids-entry key="Default zone¤EP¤EP_Standard_C4484572" objectid="36" type="ACTION" value="2f852a66-a3da-4ac2-b144-714cc36fa850"/>
<objectids-entry key="Default zone¤EP¤EP_Standard_C4484572" objectid="37" type="ACTION" value="2f110a3a-69cd-4e18-a18b-bc8c09f3b54a"/>
<objectids-entry key="Default zone¤EP¤EP_Standard_C4484572" objectid="38" type="ACTION" value="5663e370-3e3e-41bd-8ad5-6fc186a1a110"/>
<objectids-entry key="Default zone¤EP¤EP_Standard_C4484572" objectid="39" type="ACTION" value="8ca0b90b-62b3-486f-b386-59cd931ae5e8"/>
<objectids-entry key="Default zone¤EP¤EP_Standard_C4484572" objectid="40" type="ACTION" value="b604d7af-dc35-4677-9116-0cb46a68d094"/>
<objectids-entry key="Default zone¤EP¤EP_Standard_C4484572" objectid="41" type="ACTION" value="c29a19a5-48db-409b-b699-50b1554df556"/>
<objectids-entry key="Default zone¤EP¤EP_Standard_C4484572" objectid="42" type="ACTION" value="7cfb01bc-c817-46f3-a050-33d3fcbde4a1"/>
<objectids-entry key="Default zone¤EP¤EP_Standard_C4484572" objectid="43" type="ACTION" value="78ee447a-c40b-4944-b15c-494a85796c40"/>
<objectids-entry key="Default zone¤EP¤EP_Standard_C4484572" objectid="44" type="ACTION" value="3a206c19-8dc2-46fc-ba0a-2c79f7b61d2e"/>
<objectids-entry key="Default zone¤EP¤EP_Standard_C4484572" objectid="45" type="ACTION" value="c0b03c73-ab96-4c5c-be24-433c1e0cdd91"/>
<objectids-entry key="Default zone¤EP¤EP_Standard_C4484572" objectid="46" type="ACTION" value="0f65b8e6-044c-4c4b-852b-671dd8a3af76"/>
<objectids-entry key="Default zone¤EP¤EP_Standard_C4484572" objectid="47" type="ACTION" value="bace7b8b-25e7-4ecb-add1-924583628f09"/>
<objectids-entry key="Default zone¤EP¤EP_Standard_C4484572" objectid="48" type="ACTION" value="190fbfca-6ce8-4736-94b5-ee4b6521f8cd"/>
<objectids-entry key="Default zone¤EP¤EP_Standard_C4484572" objectid="49" type="HTTP_PAGE" value="24b56e61-1d54-4435-9beb-86b98b1d38f8"/>
<objectids-entry key="Default zone¤EP¤EP_Standard_C4484572" objectid="50" type="ACTION" value="d3357ac0-0d0a-4512-8c95-ef95b790d224"/>
<objectids-entry key="Default zone¤EP¤EP_Standard_C4484572" objectid="51" type="ACTION" value="c28cac11-0f7b-41b3-9a1a-13703ae7f9be"/>
<objectids-entry key="Default zone¤EP¤EP_Standard_C4484572" objectid="52" type="ACTION" value="b3810490-bcdb-4cd6-9eb6-38fce1cef5c0"/>
<objectids-entry key="Default zone¤EP¤EP_Standard_C4484572" objectid="53" type="ACTION" value="e8425f7f-1119-44dd-a243-650a31bd7367"/>
<objectids-entry key="Default zone¤EP¤EP_Standard_C4484572" objectid="54" type="ACTION" value="2ac09e51-4aa4-4b1f-9942-35b5540a4f64"/>
<objectids-entry key="Default zone¤EP¤EP_Standard_C4484572" objectid="55" type="ACTION" value="f4a8e6f5-4542-4723-9541-e71bf46c8b53"/>
<objectids-entry key="Default zone¤EP¤EP_Standard_C4484572" objectid="56" type="ACTION" value="7292acda-0c6f-45e7-824d-b910897963e2"/>
<objectids-entry key="Default zone¤EP¤EP_Standard_C4484572" objectid="57" type="ACTION" value="aa87b704-977c-4bb0-ba76-e79e66a5bb13"/>
<objectids-entry key="Default zone¤EP¤EP_Standard_C4484572" objectid="58" type="ACTION" value="18467ed1-dae9-4eaf-aaee-9b782061d61f"/>
<objectids-entry key="Default zone¤EP¤EP_Standard_C4484572" objectid="59" type="ACTION" value="28444feb-7c3e-43ba-90b0-3ad324f59261"/>
<objectids-entry key="Default zone¤EP¤EP_Standard_C4484572" objectid="60" type="ACTION" value="be4c8268-fdb9-4153-a779-9f1374dd2b90"/>
<objectids-entry key="Default zone¤EP¤EP_Standard_C4484572" objectid="61" type="ACTION" value="a991738e-29b6-4180-8b1b-eaf52c786087"/>
<objectids-entry key="Default zone¤EP¤EP_Standard_C4484572" objectid="62" type="ACTION" value="d3fc28ce-9446-4de9-b8ee-10629898dc63"/>
<objectids-entry key="Default zone¤EP¤EP_Standard_C4484572" objectid="63" type="ACTION" value="56811638-0e36-484d-bc70-817bc7fd5781"/>
<objectids-entry key="Default zone¤EP¤EP_Standard_C4484572" objectid="64" type="ACTION" value="a247be98-ffa5-4399-b1c6-7ba2790203a3"/>
<objectids-entry key="Default zone¤EP¤EP_Standard_C4484572" objectid="65" type="ACTION" value="3721a5da-fe9b-4ef7-8424-2bd9932f83a9"/>
<objectids-entry key="Default zone¤EP¤EP_Standard_C4484572" objectid="66" type="ACTION" value="edf6a5e5-e129-4dd7-9e2e-aae6112aef0c"/>
<objectids-entry key="Default zone¤EP¤EP_Standard_C4484572" objectid="67" type="ACTION" value="4cb410c3-52ce-47b7-a414-eab8a3194ed8"/>
<objectids-entry key="Default zone¤EP¤EP_Standard_C4484572" objectid="68" type="ACTION" value="fe2ada68-55fd-46cc-a878-68985d251767"/>
<objectids-entry key="Default zone¤EP¤EP_Standard_C4484572" objectid="69" type="ACTION" value="da83c1a0-9547-4117-a670-cf5d2f5a39c5"/>
<objectids-entry key="Default zone¤EP¤EP_Standard_C4484572" objectid="70" type="ACTION" value="7761a25e-55ef-4a29-8e3a-2ac9615a30d0"/>
<objectids-entry key="Default zone¤EP¤EP_Standard_C4484572" objectid="71" type="ACTION" value="ef577793-de38-4769-aec6-9f7fc85aae57"/>
<objectids-entry key="Default zone¤EP¤EP_Standard_C4484572" objectid="72" type="ACTION" value="f62ea472-e54e-422f-bc0e-9f01d37e7bee"/>
<objectids-entry key="Default zone¤EP¤EP_Standard_C4484572" objectid="73" type="ACTION" value="da0d8972-cb9b-479c-b0a1-172dd1864ec4"/>
<objectids-entry key="Default zone¤EP¤EP_Standard_C4484572" objectid="74" type="ACTION" value="7572b00d-a578-44c8-92e2-6106192e4f86"/>
<objectids-entry key="Default zone¤EP¤EP_Standard_C4484572" objectid="75" type="ACTION" value="f3896378-0fb4-4629-b741-ca8e9d3b04a4"/>
<objectids-entry key="Default zone¤EP¤EP_Standard_C4484572" objectid="76" type="HTTP_PAGE" value="f07cb809-c8c8-48a2-94f3-92dbc4867c5f"/>
<objectids-entry key="Default zone¤EP¤EP_Standard_C4484572" objectid="77" type="ACTION" value="233dfe32-a3ed-4db6-bb0e-e259e9962e27"/>
<objectids-entry key="Default zone¤EP¤EP_Standard_C4484572" objectid="78" type="HTTP_PAGE" value="ed37d35a-6d38-4a79-bfd7-81c21781122d"/>
<objectids-entry key="Default zone¤EP¤EP_Standard_C4484572" objectid="79" type="ACTION" value="3f2f8121-e256-4c2a-8d35-ad2176b73d6a"/>
<objectids-entry key="Default zone¤EP¤EP_Standard_C4484572" objectid="80" type="ACTION" value="4258e3f2-a489-42b5-9821-6cf2813d7876"/>
<objectids-entry key="Default zone¤EP¤EP_Standard_C4484572" objectid="81" type="ACTION" value="236396a9-8766-4ea5-9039-42039eb24315"/>
<objectids-entry key="Default zone¤EP¤EP_Standard_C4484572" objectid="82" type="ACTION" value="253b26a5-3e24-41bc-a8fe-5de47d08f634"/>
<objectids-entry key="Default zone¤EP¤EP_Standard_C4484572" objectid="83" type="ACTION" value="3298ed76-167b-4c7f-8e24-0f2746f80470"/>
<objectids-entry key="Default zone¤EP¤EP_Standard_C4484572" objectid="84" type="ACTION" value="857faf85-e0ef-490e-9c71-7e33abfcd19c"/>
<objectids-entry key="Default zone¤EP¤EP_Standard_C4484572" objectid="85" type="ACTION" value="a5bb931a-aa66-4b2b-8e1d-fb4bb3dbc362"/>
<objectids-entry key="Default zone¤EP¤EP_Standard_C4484572" objectid="86" type="HTTP_PAGE" value="2a69f967-0f1d-4394-8933-492eff5c731b"/>
<objectids-entry key="Default zone¤EP¤EP_Standard_C4484572" objectid="87" type="ACTION" value="3f7ac719-4a48-4f3a-abb7-16e4de5367ac"/>
<objectids-entry key="Default zone¤EP¤EP_Standard_C4484572" objectid="88" type="HTTP_PAGE" value="0429648e-a98b-45d2-9913-0dc688ccb174"/>
<objectids-entry key="Default zone¤EP¤EP_Standard_C4484572" objectid="89" type="ACTION" value="61f8d971-8781-45c9-bbd7-38cfee90f1e6"/>
<objectids-entry key="Default zone¤EP¤EP_Standard_C4484572" objectid="90" type="BASIC_LOGICAL_CONTAINER" value="855ee270-6372-424e-a7f7-709c96fc0dcd"/>
<objectids-entry key="Default zone¤EP¤EP_Standard_C4484572" objectid="91" type="HTTP_PAGE" value="bcb4adaf-9693-404f-99a7-c2fa9009cea3"/>
<objectids-entry key="Default zone¤EP¤EP_Standard_C4484572" objectid="92" type="ACTION" value="c0c3d439-7dd7-4aa8-9467-ea86533c2891"/>
<objectids-entry key="Default zone¤EP¤EP_Standard_C4484572" objectid="93" type="ACTION" value="cd73bff3-5567-414a-bcdf-751af92ad5fe"/>
<objectids-entry key="Default zone¤EP¤EP_Standard_C4484572" objectid="94" type="ACTION" value="a979700c-ac8d-43c9-9f2c-6bf0f1751e33"/>
<objectids-entry key="Default zone¤EP¤EP_Standard_C4484572" objectid="95" type="ACTION" value="1f961ffb-237f-4efd-9a4b-fa8f12bc3893"/>
<objectids-entry key="Default zone¤EP¤EP_Standard_C4484572" objectid="96" type="ACTION" value="32825bcf-4bbe-4fe8-a68b-f0b4f1f9e000"/>
<objectids-entry key="Default zone¤EP¤EP_Standard_C4484572" objectid="97" type="ACTION" value="3b785469-1827-4a8c-a767-85398b2c07a7"/>
<objectids-entry key="Default zone¤EP¤EP_Standard_C4484572" objectid="98" type="BASIC_LOGICAL_CONTAINER" value="4c47a936-6d90-4da7-af6b-5a1311207cec"/>
<objectids-entry key="Default zone¤EP¤EP_Standard_C4484572" objectid="99" type="HTTP_PAGE" value="8a1b12d7-48b4-40f6-a210-31c6a6014e55"/>
<objectids-entry key="Default zone¤EP¤EP_Standard_C4484572" objectid="100" type="ACTION" value="b0b685b8-280d-4624-9612-ae5e3c696492"/>
<objectids-entry key="Default zone¤EP¤EP_Standard_C4484572" objectid="101" type="ACTION" value="9ba8b3a5-6fee-4fe4-97c8-4a05cc43af65"/>
<objectids-entry key="Default zone¤EP¤EP_Standard_C4484572" objectid="102" type="ACTION" value="394121a3-31f1-47c2-99b2-ee72d16eb5c2"/>
<objectids-entry key="Default zone¤EP¤EP_Standard_C4484572" objectid="103" type="ACTION" value="dc94c91b-38b8-4c04-8e35-a22348bcc6ee"/>
<objectids-entry key="Default zone¤EP¤EP_Standard_C4484572" objectid="104" type="HTTP_PAGE" value="464f3cee-acc1-436f-bdfd-73cb80bc7be4"/>
<objectids-entry key="Default zone¤EP¤EP_Standard_C4484572" objectid="105" type="ACTION" value="30149d08-1199-4f40-aa16-4317803af549"/>
<objectids-entry key="Default zone¤EP¤EP_Standard_C4484572" objectid="106" type="BASIC_LOGICAL_CONTAINER" value="7cf13077-33a6-45ae-8c57-e6c6926d8361"/>
<objectids-entry key="Default zone¤EP¤EP_Standard_C4484572" objectid="107" type="HTTP_PAGE" value="d2b3f64e-4237-4333-ae44-59a87986c9db"/>
<objectids-entry key="Default zone¤EP¤EP_Standard_C4484572" objectid="108" type="ACTION" value="3b9f8de6-3cc8-4044-bb01-c90aea11dba4"/>
<objectids-entry key="Default zone¤EP¤EP_Standard_C4484572" objectid="109" type="ACTION" value="7ff4bb1a-cdc8-4f1b-937e-909b605053bf"/>
<objectids-entry key="Default zone¤EP¤EP_Standard_C4484572" objectid="110" type="BASIC_LOGICAL_CONTAINER" value="81ad9253-cde7-491b-b0b4-e271f3b5000d"/>
<objectids-entry key="Default zone¤EP¤EP_Standard_C4484572" objectid="111" type="HTTP_PAGE" value="68d65ade-7d74-45ee-96e6-f963e685e5fa"/>
<objectids-entry key="Default zone¤EP¤EP_Standard_C4484572" objectid="112" type="ACTION" value="a9cd6a8c-d8a2-474f-ae71-038ad77ca58f"/>
<objectids-entry key="Default zone¤EP¤EP_Standard_C4484572" objectid="113" type="ACTION" value="a5622b67-9ad4-4b05-9e1f-e888dea683ce"/>
<objectids-entry key="Default zone¤EP¤EP_Standard_C4484572" objectid="114" type="BASIC_LOGICAL_CONTAINER" value="bd0a2171-da91-497b-94d3-a29d10b3ed67"/>
<objectids-entry key="Default zone¤EP¤EP_Standard_C4484572" objectid="115" type="HTTP_PAGE" value="5a135ab4-2163-4981-aa98-88f24e886478"/>
<objectids-entry key="Default zone¤EP¤EP_Standard_C4484572" objectid="116" type="ACTION" value="e6cca750-fb61-430f-9589-ff6c2a54f5ed"/>
<objectids-entry key="Default zone¤EP¤EP_Standard_C4484572" objectid="117" type="HTTP_PAGE" value="b5c03d65-4b70-4f2c-b700-42efd7417f34"/>
<objectids-entry key="Default zone¤EP¤EP_Standard_C4484572" objectid="118" type="ACTION" value="2dff8106-5496-435a-9189-5f432d25c976"/>
<objectids-entry key="Default zone¤EP¤EP_Standard_C4484572" objectid="119" type="HTTP_PAGE" value="0efaeff9-0530-4cc6-8bca-4ced3e87fa94"/>
<objectids-entry key="Default zone¤EP¤EP_Standard_C4484572" objectid="120" type="ACTION" value="1cf7ca39-0842-496c-95ef-dffec21f132e"/>
<objectids-entry key="Default zone¤EP¤EP_Standard_C4484572" objectid="121" type="ACTION" value="41b282cd-c8ca-467f-b576-e68e2dc2f8f0"/>
<objectids-entry key="Default zone¤EP¤EP_Standard_C4484572" objectid="122" type="ACTION" value="3a53f5b2-3d06-4c80-a816-514f2d9b1f1b"/>
<objectids-entry key="Default zone¤EP¤EP_Standard_C4484572" objectid="123" type="ACTION" value="8027a717-dc82-4c98-a6e4-aa374eab18c7"/>
<objectids-entry key="Default zone¤EP¤EP_Standard_C4484572" objectid="124" type="ACTION" value="a05fd5c8-54f0-4ad7-92b1-7882e06dd9c4"/>
<objectids-entry key="Default zone¤EP¤EP_Standard_C4484572" objectid="125" type="BASIC_LOGICAL_CONTAINER" value="dc0e9832-5627-458c-b467-c1ade2afa816"/>
<objectids-entry key="Default zone¤EP¤EP_Standard_C4484572" objectid="126" type="HTTP_PAGE" value="6add9b0c-eada-4d32-80ec-148a8a0d09ed"/>
<objectids-entry key="Default zone¤EP¤EP_Standard_C4484572" objectid="127" type="ACTION" value="e59a175a-8dfa-4d88-b442-d2f176193111"/>
<objectids-entry key="Default zone¤EP¤EP_Standard_C4484572" objectid="128" type="HTTP_PAGE" value="6ec6a81c-c9dd-489f-ab37-9fb018cdc4a4"/>
<objectids-entry key="Default zone¤EP¤EP_Standard_C4484572" objectid="129" type="ACTION" value="4f8a23a7-5e07-4bba-b9f8-29ba79cea0e7"/>
<objectids-entry key="Default zone¤EP¤EP_Standard_C4484572" objectid="130" type="HTTP_PAGE" value="f0b17b56-0e9d-4cea-b974-7c646873cebb"/>
<objectids-entry key="Default zone¤EP¤EP_Standard_C4484572" objectid="131" type="ACTION" value="e8dfbdfd-8776-404c-8fc5-02849141d257"/>
<objectids-entry key="Default zone¤EP¤EP_Standard_C4484572" objectid="132" type="ACTION" value="a97de180-6452-4a35-9103-ec40a0bf1341"/>
<objectids-entry key="Default zone¤EP¤EP_Standard_C4484572" objectid="133" type="BASIC_LOGICAL_CONTAINER" value="f7ed6a46-536d-4134-8d5f-21b59fbccba3"/>
<objectids-entry key="Default zone¤EP¤EP_Standard_C4484572" objectid="134" type="DELAY" value="9d144d19-7bd0-4ac7-ae0e-49759fcefb54"/>
<objectids-entry key="Default zone¤EP¤EP_Standard_C4484572" objectid="135" type="BASIC_LOGICAL_CONTAINER" value="$parent=EP_Standard_C4484572;$index=2"/>
<objectids-entry key="¤¤" objectid="136" type="MONITORED_HOST" value="NeoLoad"/>
<objectids-entry key="¤¤" objectid="137" type="MONITORCONNECTION" value="NeoLoad$NeoLoad"/>
<objectids-entry key="¤¤" objectid="138" type="MONITOR" value="NeoLoad$NeoLoad$UserLoad"/>
<objectids-entry key="¤¤" objectid="139" type="MONITOR" value="NeoLoad$NeoLoad$throughput"/>
<objectids-entry key="¤¤" objectid="140" type="MONITOR" value="NeoLoad$NeoLoad$Alerts"/>
<objectids-entry key="¤¤" objectid="141" type="MONITOR" value="NeoLoad$NeoLoad$CriticalAlerts"/>
<objectids-entry key="¤¤" objectid="142" type="MONITOR" value="NeoLoad$NeoLoad$WarningAlerts"/>
<objectids-entry key="¤¤" objectid="143" type="MONITOR" value="NeoLoad$NeoLoad$cpu"/>
<objectids-entry key="¤¤" objectid="144" type="THRESHOLD" value="NeoLoad$NeoLoad$52757704-4b0e-422f-be9a-58a43071922b"/>
<objectids-entry key="¤¤" objectid="145" type="MONITOR" value="NeoLoad$NeoLoad$memory"/>
<objectids-entry key="¤¤" objectid="146" type="THRESHOLD" value="NeoLoad$NeoLoad$3e744e29-a9e7-4179-8de1-4c3e584cf359"/>
<objectids-entry key="¤¤" objectid="147" type="MONITOR" value="NeoLoad$NeoLoad$threadcount"/>
<objectids-entry key="¤¤" objectid="148" type="MONITOR" value="NeoLoad$NeoLoad$memoryos"/>
<objectids-entry key="¤¤" objectid="149" type="THRESHOLD" value="NeoLoad$NeoLoad$399cf4b7-0f33-4206-b2a0-a082c95c29a4"/>
<objectids-entry key="¤¤" objectid="150" type="MONITOR" value="NeoLoad$NeoLoad$connectedlg"/>
<objectids-entry key="¤¤" objectid="151" type="MONITOR" value="NeoLoad$NeoLoad$totallgdisconnections"/>
<objectids-entry key="¤¤" objectid="152" type="THRESHOLD" value="NeoLoad$NeoLoad$893bcfde-2067-4463-9292-16bb62f63669"/>
<objectids-entry key="¤¤" objectid="153" type="MONITOR" value="NeoLoad$NeoLoad$totallgreconnections"/>
<objectids-entry key="¤¤" objectid="154" type="MONITOR" value="NeoLoad$NeoLoad$otcp.NeoLoad"/>
<objectids-entry key="¤¤" objectid="155" type="MONITOR" value="NeoLoad$NeoLoad$tcp.NeoLoad"/>
<objectids-entry key="¤¤" objectid="156" type="MONITOR" value="NeoLoad$NeoLoad$ibytesperinterface~NeoLoad~eth11"/>
<objectids-entry key="¤¤" objectid="157" type="MONITOR" value="NeoLoad$NeoLoad$obytesperinterface~NeoLoad~eth11"/>
<objectids-entry key="¤¤" objectid="158" type="MONITOR" value="NeoLoad$NeoLoad$ibytesperinterface~NeoLoad~eth13"/>
<objectids-entry key="¤¤" objectid="159" type="MONITOR" value="NeoLoad$NeoLoad$obytesperinterface~NeoLoad~eth13"/>
<objectids-entry key="¤¤" objectid="160" type="MONITOR" value="NeoLoad$NeoLoad$SapUserLoad"/>
<objectids-entry key="¤¤" objectid="161" type="MONITOR" value="NeoLoad$NeoLoad$zoneuserload~Default zone"/>
<objectids-entry key="¤¤" objectid="162" type="MONITOR" value="NeoLoad$NeoLoad$zoneuserloadperpopulation~Default zone~EP"/>
<objectids-entry key="¤¤" objectid="163" type="MONITOR" value="NeoLoad$NeoLoad$zoneuserloadperpopulation~Default zone~EP~EP_Standard_C4484572"/>
<objectids-entry key="¤¤" objectid="164" type="MONITORED_HOST" value="LG 887357-1RDPT002.davison.local:7100"/>
<objectids-entry key="¤¤" objectid="165" type="MONITORCONNECTION" value="LG 887357-1RDPT002.davison.local:7100$NeoLoad"/>
<objectids-entry key="¤¤" objectid="166" type="MONITOR" value="LG 887357-1RDPT002.davison.local:7100$NeoLoad$lgcpu.887357-1RDPT002.davison.local:7100"/>
<objectids-entry key="¤¤" objectid="167" type="THRESHOLD" value="LG 887357-1RDPT002.davison.local:7100$NeoLoad$4b3c2cdf-75b1-45d2-8b45-3c098b8143fc"/>
<objectids-entry key="¤¤" objectid="168" type="MONITOR" value="LG 887357-1RDPT002.davison.local:7100$NeoLoad$lgmemory.887357-1RDPT002.davison.local:7100"/>
<objectids-entry key="¤¤" objectid="169" type="THRESHOLD" value="LG 887357-1RDPT002.davison.local:7100$NeoLoad$14cfad98-f466-40d5-acb2-4a76ceb5c19a"/>
<objectids-entry key="¤¤" objectid="170" type="MONITOR" value="LG 887357-1RDPT002.davison.local:7100$NeoLoad$lgthroughput.887357-1RDPT002.davison.local:7100"/>
<objectids-entry key="¤¤" objectid="171" type="MONITOR" value="LG 887357-1RDPT002.davison.local:7100$NeoLoad$lgosmemory.887357-1RDPT002.davison.local:7100"/>
<objectids-entry key="¤¤" objectid="172" type="THRESHOLD" value="LG 887357-1RDPT002.davison.local:7100$NeoLoad$8daf0477-1de1-4018-8d08-4b51115918b4"/>
<objectids-entry key="¤¤" objectid="173" type="MONITOR" value="LG 887357-1RDPT002.davison.local:7100$NeoLoad$lguserloadperpopulation~887357-1RDPT002.davison.local:7100"/>
<objectids-entry key="¤¤" objectid="174" type="MONITOR" value="LG 887357-1RDPT002.davison.local:7100$NeoLoad$lgthreadcount.887357-1RDPT002.davison.local:7100"/>
<objectids-entry key="¤¤" objectid="175" type="MONITOR" value="LG 887357-1RDPT002.davison.local:7100$NeoLoad$lg.jetty.httpclient.threadpool.used.887357-1RDPT002.davison.local:7100"/>
<objectids-entry key="¤¤" objectid="176" type="MONITOR" value="LG 887357-1RDPT002.davison.local:7100$NeoLoad$lg.jetty.httpclient.taskpool.used.887357-1RDPT002.davison.local:7100"/>
<objectids-entry key="¤¤" objectid="177" type="THRESHOLD" value="LG 887357-1RDPT002.davison.local:7100$NeoLoad$9ed6028d-b554-4d09-854b-94157226e115"/>
<objectids-entry key="¤¤" objectid="178" type="MONITOR" value="LG 887357-1RDPT002.davison.local:7100$NeoLoad$lgdisconnections.887357-1RDPT002.davison.local:7100"/>
<objectids-entry key="¤¤" objectid="179" type="MONITOR" value="LG 887357-1RDPT002.davison.local:7100$NeoLoad$lgreconnections.887357-1RDPT002.davison.local:7100"/>
<objectids-entry key="¤¤" objectid="180" type="MONITOR" value="LG 887357-1RDPT002.davison.local:7100$NeoLoad$lgping.887357-1RDPT002.davison.local:7100"/>
<objectids-entry key="¤¤" objectid="181" type="MONITOR" value="LG 887357-1RDPT002.davison.local:7100$NeoLoad$lgotcp.887357-1RDPT002.davison.local:7100"/>
<objectids-entry key="¤¤" objectid="182" type="MONITOR" value="LG 887357-1RDPT002.davison.local:7100$NeoLoad$lgtcp.887357-1RDPT002.davison.local:7100"/>
<objectids-entry key="¤¤" objectid="183" type="MONITOR" value="LG 887357-1RDPT002.davison.local:7100$NeoLoad$lgibytesperinterface~887357-1RDPT002.davison.local:7100~eth5"/>
<objectids-entry key="¤¤" objectid="184" type="MONITOR" value="LG 887357-1RDPT002.davison.local:7100$NeoLoad$lgobytesperinterface~887357-1RDPT002.davison.local:7100~eth5"/>
<objectids-entry key="¤¤" objectid="185" type="MONITOR" value="LG 887357-1RDPT002.davison.local:7100$NeoLoad$lgibytesperinterface~887357-1RDPT002.davison.local:7100~eth4"/>
<objectids-entry key="¤¤" objectid="186" type="MONITOR" value="LG 887357-1RDPT002.davison.local:7100$NeoLoad$lgobytesperinterface~887357-1RDPT002.davison.local:7100~eth4"/>
</objectids-table>
<!--****** DURATION ******-->
<duration value="0"/>
<!--****** AGGREGATION PERIOD ******-->
<aggregation-period value="1000"/>
<!--****** EXTENDED STATISTICS ******-->
<truncated-mean centered-interval="true" percentage="90"/>
<percentile percentage="50"/>
</project>
