
	<!DOCTYPE project [
		<!ELEMENT project (objectids-table | current-scenario | duration | aggregation-period | truncated-mean | percentile)* >
	
		<!ELEMENT objectids-table (objectids-entry)* >
		<!ELEMENT objectids-entry (#PCDATA)>
		<!ELEMENT duration (#PCDATA)>
		<!ELEMENT truncated-mean (#PCDATA)>
		<!ELEMENT percentile (#PCDATA)>
		<!ELEMENT aggregation-period (#PCDATA)>
		<!ELEMENT current-scenario (#PCDATA)>
		<!ATTLIST duration
		    value CDATA #REQUIRED>
	    <!ATTLIST aggregation-period
		    value CDATA #REQUIRED>
		<!ATTLIST objectids-entry
		    objectid CDATA #REQUIRED
		    type CDATA #REQUIRED
		    value CDATA #REQUIRED
		    key CDATA #REQUIRED>
		<!ATTLIST truncated-mean
		    centered-interval CDATA #REQUIRED
		    percentage CDATA #REQUIRED>
		 <!ATTLIST percentile
		    percentage CDATA #REQUIRED>
	]>


<!--****** RUNTIME PROJECT ******--><project>
<!--****** CURRENT SCENARIO ******-->
<current-scenario>OB_QR_001_C5241577</current-scenario>
<!--****** OBJECTIDS ******-->
<objectids-table>
<objectids-entry key="" objectid="0" type="LG_HOST" value="10.149.80.138:7100"/>
<objectids-entry key="" objectid="1" type="ZONE" value="Default zone"/>
<objectids-entry key="Default zone¤OB¤" objectid="2" type="POPULATION" value="OB"/>
<objectids-entry key="Default zone¤OB¤OB_Standard_C4484603" objectid="3" type="VIRTUAL_USER" value="OB_Standard_C4484603"/>
<objectids-entry key="Default zone¤OB¤OB_Standard_C4484603" objectid="4" type="BASIC_LOGICAL_CONTAINER" value="$parent=OB_Standard_C4484603;$index=0"/>
<objectids-entry key="Default zone¤OB¤OB_Standard_C4484603" objectid="5" type="BASIC_LOGICAL_CONTAINER" value="$parent=OB_Standard_C4484603;$index=1"/>
<objectids-entry key="Default zone¤OB¤OB_Standard_C4484603" objectid="6" type="BASIC_LOGICAL_CONTAINER" value="e89eb6da-ad07-40f7-844d-72b5316bcc9d"/>
<objectids-entry key="Default zone¤OB¤OB_Standard_C4484603" objectid="7" type="DELAY" value="683a3598-b340-45b9-a50c-d67c197fc2fd"/>
<objectids-entry key="Default zone¤OB¤OB_Standard_C4484603" objectid="8" type="BASIC_LOGICAL_CONTAINER" value="1e495dfa-d36b-4758-928b-904fd6579944"/>
<objectids-entry key="Default zone¤OB¤OB_Standard_C4484603" objectid="9" type="HTTP_PAGE" value="28bbe328-0711-4e67-bc95-784641a5d84e"/>
<objectids-entry key="Default zone¤OB¤OB_Standard_C4484603" objectid="10" type="ACTION" value="bbbcc450-7815-40ff-8343-e13f1c702b7e"/>
<objectids-entry key="Default zone¤OB¤OB_Standard_C4484603" objectid="11" type="ACTION" value="bcacdb12-8ec2-48d3-bc43-da85cc27476d"/>
<objectids-entry key="Default zone¤OB¤OB_Standard_C4484603" objectid="12" type="ACTION" value="2c24db95-6af5-4d72-930a-72bb8bab3736"/>
<objectids-entry key="Default zone¤OB¤OB_Standard_C4484603" objectid="13" type="ACTION" value="fb5fff0b-299b-4ce1-9bbd-d4d3ea3e201a"/>
<objectids-entry key="Default zone¤OB¤OB_Standard_C4484603" objectid="14" type="ACTION" value="8892018d-be40-4145-a856-de103322f961"/>
<objectids-entry key="Default zone¤OB¤OB_Standard_C4484603" objectid="15" type="HTTP_PAGE" value="c6e5a53c-a7c4-4a33-9614-553b751dc278"/>
<objectids-entry key="Default zone¤OB¤OB_Standard_C4484603" objectid="16" type="ACTION" value="ec25fe34-0c03-4146-8975-7211742281c8"/>
<objectids-entry key="Default zone¤OB¤OB_Standard_C4484603" objectid="17" type="ACTION" value="8868268a-0a1b-4931-b31c-4aefec7fdb21"/>
<objectids-entry key="Default zone¤OB¤OB_Standard_C4484603" objectid="18" type="ACTION" value="01de6c5a-b3f5-469f-a89c-fef3e5ed4ae2"/>
<objectids-entry key="Default zone¤OB¤OB_Standard_C4484603" objectid="19" type="ACTION" value="8e8c1c9f-837d-4780-83c8-2001628b6c0a"/>
<objectids-entry key="Default zone¤OB¤OB_Standard_C4484603" objectid="20" type="ACTION" value="2a67295d-ce99-4d28-b5c0-360f25ebdd9e"/>
<objectids-entry key="Default zone¤OB¤OB_Standard_C4484603" objectid="21" type="ACTION" value="52aee25c-7ee0-4bac-a0dc-776227171714"/>
<objectids-entry key="Default zone¤OB¤OB_Standard_C4484603" objectid="22" type="ACTION" value="1eea9055-0758-46ef-a58b-894e2aa1e175"/>
<objectids-entry key="Default zone¤OB¤OB_Standard_C4484603" objectid="23" type="HTTP_PAGE" value="b9be9d77-8830-4463-af78-6ef8c3266622"/>
<objectids-entry key="Default zone¤OB¤OB_Standard_C4484603" objectid="24" type="ACTION" value="c41d6ff6-7e82-4a3e-abf3-cce85d556bfc"/>
<objectids-entry key="Default zone¤OB¤OB_Standard_C4484603" objectid="25" type="HTTP_PAGE" value="3a32b1fa-5638-4ce9-b546-3c4a88e96e54"/>
<objectids-entry key="Default zone¤OB¤OB_Standard_C4484603" objectid="26" type="ACTION" value="93525e41-3c51-46bf-be8c-69d5c73b9409"/>
<objectids-entry key="Default zone¤OB¤OB_Standard_C4484603" objectid="27" type="ACTION" value="2ac831ce-787f-431d-9875-b15a3714bb07"/>
<objectids-entry key="Default zone¤OB¤OB_Standard_C4484603" objectid="28" type="ACTION" value="a0b8c510-e869-4b84-a9e9-4a7e3e2b93b6"/>
<objectids-entry key="Default zone¤OB¤OB_Standard_C4484603" objectid="29" type="ACTION" value="9582e280-c19d-4e89-bafa-3b6050b58875"/>
<objectids-entry key="Default zone¤OB¤OB_Standard_C4484603" objectid="30" type="BASIC_LOGICAL_CONTAINER" value="932cf503-82e4-472d-a6ce-474f2f283b20"/>
<objectids-entry key="Default zone¤OB¤OB_Standard_C4484603" objectid="31" type="HTTP_PAGE" value="e2f1af28-5880-4635-b792-e57a1767a5fa"/>
<objectids-entry key="Default zone¤OB¤OB_Standard_C4484603" objectid="32" type="ACTION" value="4976ac6a-8dc9-4566-96b1-1247ef41d667"/>
<objectids-entry key="Default zone¤OB¤OB_Standard_C4484603" objectid="33" type="ACTION" value="94e51a37-7934-484e-bb43-99ca6c0262e5"/>
<objectids-entry key="Default zone¤OB¤OB_Standard_C4484603" objectid="34" type="ACTION" value="bb021ef3-60e0-4d3d-ac47-aeabd8924353"/>
<objectids-entry key="Default zone¤OB¤OB_Standard_C4484603" objectid="35" type="ACTION" value="3d99cbf7-289a-4cf6-9443-9a5f36456333"/>
<objectids-entry key="Default zone¤OB¤OB_Standard_C4484603" objectid="36" type="ACTION" value="1317a8f4-94b0-4e3c-aada-da57514453d1"/>
<objectids-entry key="Default zone¤OB¤OB_Standard_C4484603" objectid="37" type="HTTP_PAGE" value="82128538-b64e-43a3-9c71-3983482a14d6"/>
<objectids-entry key="Default zone¤OB¤OB_Standard_C4484603" objectid="38" type="ACTION" value="f19bd0e1-2294-487b-8ab6-ffea5e0db785"/>
<objectids-entry key="Default zone¤OB¤OB_Standard_C4484603" objectid="39" type="ACTION" value="599a7164-1f25-43b3-bad7-bebc23ad15e6"/>
<objectids-entry key="Default zone¤OB¤OB_Standard_C4484603" objectid="40" type="ACTION" value="69a8f1eb-a7bc-4cfe-bb3e-eb48776fa2be"/>
<objectids-entry key="Default zone¤OB¤OB_Standard_C4484603" objectid="41" type="ACTION" value="3a24c0b8-5e76-4db4-a956-933a06c6235b"/>
<objectids-entry key="Default zone¤OB¤OB_Standard_C4484603" objectid="42" type="ACTION" value="cc0887b2-6c71-42d2-9a6c-9e6d9ffa21c5"/>
<objectids-entry key="Default zone¤OB¤OB_Standard_C4484603" objectid="43" type="ACTION" value="fb81a095-8e25-4b8d-b955-564968bd62d6"/>
<objectids-entry key="Default zone¤OB¤OB_Standard_C4484603" objectid="44" type="ACTION" value="437cff9e-a2fe-48bd-8d0c-828959530fca"/>
<objectids-entry key="Default zone¤OB¤OB_Standard_C4484603" objectid="45" type="ACTION" value="14d91cbe-d3fa-4d75-a24e-38ed0fc387f6"/>
<objectids-entry key="Default zone¤OB¤OB_Standard_C4484603" objectid="46" type="ACTION" value="880b00f1-be3c-4aa7-a4da-f6588e5d4cdd"/>
<objectids-entry key="Default zone¤OB¤OB_Standard_C4484603" objectid="47" type="ACTION" value="0fb8b768-1638-40e5-ba08-941cbcf40823"/>
<objectids-entry key="Default zone¤OB¤OB_Standard_C4484603" objectid="48" type="ACTION" value="f89b32f7-4978-40ec-be73-3a44479c786a"/>
<objectids-entry key="Default zone¤OB¤OB_Standard_C4484603" objectid="49" type="ACTION" value="dd92e28d-d661-4604-ad5e-2a419457a529"/>
<objectids-entry key="Default zone¤OB¤OB_Standard_C4484603" objectid="50" type="ACTION" value="868638a3-bb33-430d-a777-6eea7751fc33"/>
<objectids-entry key="Default zone¤OB¤OB_Standard_C4484603" objectid="51" type="ACTION" value="2be5eb51-0c20-4a50-a730-632bb06f2d03"/>
<objectids-entry key="Default zone¤OB¤OB_Standard_C4484603" objectid="52" type="ACTION" value="1b3b0a70-0f55-4a03-9f37-d16432fd92f7"/>
<objectids-entry key="Default zone¤OB¤OB_Standard_C4484603" objectid="53" type="ACTION" value="0dbfb6d7-5cad-4b97-a83f-aed25bd8548d"/>
<objectids-entry key="Default zone¤OB¤OB_Standard_C4484603" objectid="54" type="ACTION" value="d8531654-0944-48a5-9dac-4585899f8421"/>
<objectids-entry key="Default zone¤OB¤OB_Standard_C4484603" objectid="55" type="ACTION" value="014d3eb9-3b69-451e-831a-3541d2b8f4c2"/>
<objectids-entry key="Default zone¤OB¤OB_Standard_C4484603" objectid="56" type="ACTION" value="7c1c0c54-779f-46a4-80fa-dfb10a22da6f"/>
<objectids-entry key="Default zone¤OB¤OB_Standard_C4484603" objectid="57" type="ACTION" value="e25dae51-dd4e-41eb-82d3-a39f25041a94"/>
<objectids-entry key="Default zone¤OB¤OB_Standard_C4484603" objectid="58" type="ACTION" value="cf4b13ce-6f2f-4d10-a4b2-e83a96838a5d"/>
<objectids-entry key="Default zone¤OB¤OB_Standard_C4484603" objectid="59" type="ACTION" value="525b24bf-0e5b-47cc-89b0-4da8db6da15d"/>
<objectids-entry key="Default zone¤OB¤OB_Standard_C4484603" objectid="60" type="ACTION" value="b5452912-20b3-4867-929b-8ca04938b0e7"/>
<objectids-entry key="Default zone¤OB¤OB_Standard_C4484603" objectid="61" type="ACTION" value="dfbc5fae-4154-45cf-bf81-10477555d2ea"/>
<objectids-entry key="Default zone¤OB¤OB_Standard_C4484603" objectid="62" type="ACTION" value="aeb1ab9a-6854-4b41-9c7f-978d7b9146af"/>
<objectids-entry key="Default zone¤OB¤OB_Standard_C4484603" objectid="63" type="ACTION" value="09ad8824-c20a-40a4-b665-65fda1da5d1b"/>
<objectids-entry key="Default zone¤OB¤OB_Standard_C4484603" objectid="64" type="ACTION" value="e11e8082-6241-4d0d-a7b2-715790710d8a"/>
<objectids-entry key="Default zone¤OB¤OB_Standard_C4484603" objectid="65" type="ACTION" value="31c6bb75-4b17-4a7d-9bd4-7f937f152690"/>
<objectids-entry key="Default zone¤OB¤OB_Standard_C4484603" objectid="66" type="HTTP_PAGE" value="e29eb797-174d-409d-990c-1eca87f03bc0"/>
<objectids-entry key="Default zone¤OB¤OB_Standard_C4484603" objectid="67" type="ACTION" value="7bbe07fe-7f10-4313-9c2f-f805cbeaf94a"/>
<objectids-entry key="Default zone¤OB¤OB_Standard_C4484603" objectid="68" type="ACTION" value="2568aaf9-d4c9-49c8-85f5-12077401087a"/>
<objectids-entry key="Default zone¤OB¤OB_Standard_C4484603" objectid="69" type="ACTION" value="3f5294b6-2b9e-44be-879b-ce7551a8fbe5"/>
<objectids-entry key="Default zone¤OB¤OB_Standard_C4484603" objectid="70" type="ACTION" value="dbe1e53b-a063-4393-9b49-9db6e9cfa533"/>
<objectids-entry key="Default zone¤OB¤OB_Standard_C4484603" objectid="71" type="ACTION" value="74582f8e-4f5e-4c09-bca8-b142c68f5ce9"/>
<objectids-entry key="Default zone¤OB¤OB_Standard_C4484603" objectid="72" type="ACTION" value="2234bbaf-436b-43e2-bc79-3afd41dd7621"/>
<objectids-entry key="Default zone¤OB¤OB_Standard_C4484603" objectid="73" type="ACTION" value="eb2dc4c1-cd22-4a34-89e7-a21b663c4341"/>
<objectids-entry key="Default zone¤OB¤OB_Standard_C4484603" objectid="74" type="ACTION" value="b52108db-893c-46e8-b607-6cc76c091643"/>
<objectids-entry key="Default zone¤OB¤OB_Standard_C4484603" objectid="75" type="ACTION" value="f8500793-2a74-43de-9d57-503c3a6d3927"/>
<objectids-entry key="Default zone¤OB¤OB_Standard_C4484603" objectid="76" type="ACTION" value="f336e07e-8ee4-44d1-ad0d-90138c4cfcd1"/>
<objectids-entry key="Default zone¤OB¤OB_Standard_C4484603" objectid="77" type="ACTION" value="35ad8de9-903b-4abd-80b6-8c637bed3a4b"/>
<objectids-entry key="Default zone¤OB¤OB_Standard_C4484603" objectid="78" type="BASIC_LOGICAL_CONTAINER" value="3494dd42-e79b-427d-84c4-f07822318725"/>
<objectids-entry key="Default zone¤OB¤OB_Standard_C4484603" objectid="79" type="HTTP_PAGE" value="e4be9767-6756-47ce-904b-99218fa4e7c8"/>
<objectids-entry key="Default zone¤OB¤OB_Standard_C4484603" objectid="80" type="ACTION" value="5592f277-587b-42b7-9f4c-d713c9214dde"/>
<objectids-entry key="Default zone¤OB¤OB_Standard_C4484603" objectid="81" type="ACTION" value="9f8d2ef2-89c7-4a49-b7b7-252773036cd0"/>
<objectids-entry key="Default zone¤OB¤OB_Standard_C4484603" objectid="82" type="BASIC_LOGICAL_CONTAINER" value="9bac338d-293d-423a-8f25-1daccd4bffce"/>
<objectids-entry key="Default zone¤OB¤OB_Standard_C4484603" objectid="83" type="HTTP_PAGE" value="9951ed64-afb3-4a86-8d63-b59c0fc6fd8c"/>
<objectids-entry key="Default zone¤OB¤OB_Standard_C4484603" objectid="84" type="ACTION" value="d259752b-5422-4c1e-8f24-b569c697afef"/>
<objectids-entry key="Default zone¤OB¤OB_Standard_C4484603" objectid="85" type="BASIC_LOGICAL_CONTAINER" value="879fc940-9d29-41b8-97d2-24f8e18c72b8"/>
<objectids-entry key="Default zone¤OB¤OB_Standard_C4484603" objectid="86" type="HTTP_PAGE" value="a6555964-d26e-454c-aecc-91511de9b152"/>
<objectids-entry key="Default zone¤OB¤OB_Standard_C4484603" objectid="87" type="ACTION" value="139faf2d-4f19-41a9-9c03-4d071ba340e3"/>
<objectids-entry key="Default zone¤OB¤OB_Standard_C4484603" objectid="88" type="ACTION" value="d2c59964-df94-4134-b811-de2c858cb782"/>
<objectids-entry key="Default zone¤OB¤OB_Standard_C4484603" objectid="89" type="ACTION" value="a61c38a7-9356-4384-8d82-bc80397e9e96"/>
<objectids-entry key="Default zone¤OB¤OB_Standard_C4484603" objectid="90" type="BASIC_LOGICAL_CONTAINER" value="72b47fc0-c7dd-4f7f-9694-f11be4c9ca39"/>
<objectids-entry key="Default zone¤OB¤OB_Standard_C4484603" objectid="91" type="HTTP_PAGE" value="9f943326-3a30-4154-ab8a-2c68a47806da"/>
<objectids-entry key="Default zone¤OB¤OB_Standard_C4484603" objectid="92" type="ACTION" value="bb15daf9-7a84-4e16-8ab0-5bcd23fe0b54"/>
<objectids-entry key="Default zone¤OB¤OB_Standard_C4484603" objectid="93" type="ACTION" value="fa9846e1-9239-40b7-8256-73e71aa190e5"/>
<objectids-entry key="Default zone¤OB¤OB_Standard_C4484603" objectid="94" type="ACTION" value="b37a7b96-58e6-4f4f-ba7b-50ff3db5952b"/>
<objectids-entry key="Default zone¤OB¤OB_Standard_C4484603" objectid="95" type="ACTION" value="ffc0e4b9-1ec2-4e04-8a77-b7f68a55d1f5"/>
<objectids-entry key="Default zone¤OB¤OB_Standard_C4484603" objectid="96" type="BASIC_LOGICAL_CONTAINER" value="534593ad-d01d-4b2c-b595-bdc4412ca870"/>
<objectids-entry key="Default zone¤OB¤OB_Standard_C4484603" objectid="97" type="HTTP_PAGE" value="9564f7cc-659c-4a7f-93b8-a9da9091d976"/>
<objectids-entry key="Default zone¤OB¤OB_Standard_C4484603" objectid="98" type="ACTION" value="9138b67e-3ca8-4bf0-90a3-f268c4fdaa47"/>
<objectids-entry key="Default zone¤OB¤OB_Standard_C4484603" objectid="99" type="HTTP_PAGE" value="7da45448-98e1-44ca-95d2-78e96a015eb4"/>
<objectids-entry key="Default zone¤OB¤OB_Standard_C4484603" objectid="100" type="ACTION" value="26108b37-233c-4459-9101-ba06365ebe98"/>
<objectids-entry key="Default zone¤OB¤OB_Standard_C4484603" objectid="101" type="ACTION" value="f94add62-f385-464e-9f05-29a7b1768dde"/>
<objectids-entry key="Default zone¤OB¤OB_Standard_C4484603" objectid="102" type="BASIC_LOGICAL_CONTAINER" value="63220309-ab97-4493-aebf-a231b6a2dab4"/>
<objectids-entry key="Default zone¤OB¤OB_Standard_C4484603" objectid="103" type="HTTP_PAGE" value="9e6c8723-4a29-4ec3-8f10-22ce2dffb266"/>
<objectids-entry key="Default zone¤OB¤OB_Standard_C4484603" objectid="104" type="ACTION" value="043455de-8131-4c7b-80c2-70cc1bb1581e"/>
<objectids-entry key="Default zone¤OB¤OB_Standard_C4484603" objectid="105" type="ACTION" value="12b537fe-e46f-4739-b7c2-2210a2e4208d"/>
<objectids-entry key="Default zone¤OB¤OB_Standard_C4484603" objectid="106" type="ACTION" value="c08372a0-b738-49ab-819d-b411cc1e30b7"/>
<objectids-entry key="Default zone¤OB¤OB_Standard_C4484603" objectid="107" type="ACTION" value="ecab6652-e6a0-454e-9586-0f76cc3ebd2f"/>
<objectids-entry key="Default zone¤OB¤OB_Standard_C4484603" objectid="108" type="ACTION" value="cfcce60f-e864-4f50-962d-9a25b4aa7f21"/>
<objectids-entry key="Default zone¤OB¤OB_Standard_C4484603" objectid="109" type="ACTION" value="d5ffb911-b684-4b9c-9647-20a835808570"/>
<objectids-entry key="Default zone¤OB¤OB_Standard_C4484603" objectid="110" type="BASIC_LOGICAL_CONTAINER" value="636fbd2e-531f-4a67-8599-8ffb61cda271"/>
<objectids-entry key="Default zone¤OB¤OB_Standard_C4484603" objectid="111" type="HTTP_PAGE" value="45858bc4-0946-4150-9769-10182d266088"/>
<objectids-entry key="Default zone¤OB¤OB_Standard_C4484603" objectid="112" type="ACTION" value="7973e669-2940-46ec-ae8a-6671f6fa369a"/>
<objectids-entry key="Default zone¤OB¤OB_Standard_C4484603" objectid="113" type="ACTION" value="e1ec4f7f-4667-4521-956a-463ae6d17d4e"/>
<objectids-entry key="Default zone¤OB¤OB_Standard_C4484603" objectid="114" type="ACTION" value="eae719ba-af5a-49fb-aada-24041e50a4ee"/>
<objectids-entry key="Default zone¤OB¤OB_Standard_C4484603" objectid="115" type="ACTION" value="7c94c869-5f89-4cd2-ad0b-0997be1c223b"/>
<objectids-entry key="Default zone¤OB¤OB_Standard_C4484603" objectid="116" type="ACTION" value="986b709a-1c89-4708-b231-cb6f9699ec70"/>
<objectids-entry key="Default zone¤OB¤OB_Standard_C4484603" objectid="117" type="ACTION" value="0cb95d99-8d1f-41d6-952e-ce704901f20e"/>
<objectids-entry key="Default zone¤OB¤OB_Standard_C4484603" objectid="118" type="ACTION" value="02985d9f-e534-4ade-90b9-1df718c621bf"/>
<objectids-entry key="Default zone¤OB¤OB_Standard_C4484603" objectid="119" type="BASIC_LOGICAL_CONTAINER" value="35f91a2a-ee12-4f74-aea0-a2d919d7e937"/>
<objectids-entry key="Default zone¤OB¤OB_Standard_C4484603" objectid="120" type="HTTP_PAGE" value="65a482db-d95c-4ae0-8120-dade2140bcf5"/>
<objectids-entry key="Default zone¤OB¤OB_Standard_C4484603" objectid="121" type="ACTION" value="a1d076d3-2b49-44fc-b5e9-efc10fc596d6"/>
<objectids-entry key="Default zone¤OB¤OB_Standard_C4484603" objectid="122" type="ACTION" value="35e83307-8f6f-4ace-86ca-0dc2c00c70b0"/>
<objectids-entry key="Default zone¤OB¤OB_Standard_C4484603" objectid="123" type="ACTION" value="13a5dff7-e601-4a5e-8989-5c38d9072ac4"/>
<objectids-entry key="Default zone¤OB¤OB_Standard_C4484603" objectid="124" type="ACTION" value="54507b05-57dd-468e-85d3-fccfe1a0fccd"/>
<objectids-entry key="Default zone¤OB¤OB_Standard_C4484603" objectid="125" type="ACTION" value="d5e1a8c3-7f28-46d6-98b7-e984ad7036e1"/>
<objectids-entry key="Default zone¤OB¤OB_Standard_C4484603" objectid="126" type="BASIC_LOGICAL_CONTAINER" value="3a2132d1-592d-44ab-a7c4-9742273696c8"/>
<objectids-entry key="Default zone¤OB¤OB_Standard_C4484603" objectid="127" type="HTTP_PAGE" value="bee90dd9-4d65-46a2-94fc-3cc548039e11"/>
<objectids-entry key="Default zone¤OB¤OB_Standard_C4484603" objectid="128" type="ACTION" value="63108f81-197c-4de1-aabe-16c7bc1cfe72"/>
<objectids-entry key="Default zone¤OB¤OB_Standard_C4484603" objectid="129" type="ACTION" value="76e6235b-b4b5-47ae-96d0-e609c92326f8"/>
<objectids-entry key="Default zone¤OB¤OB_Standard_C4484603" objectid="130" type="ACTION" value="265ccd62-ac10-4bc8-989a-6329b0f224dc"/>
<objectids-entry key="Default zone¤OB¤OB_Standard_C4484603" objectid="131" type="BASIC_LOGICAL_CONTAINER" value="6a61003b-7934-43ab-a1cc-fa76bdd169d9"/>
<objectids-entry key="Default zone¤OB¤OB_Standard_C4484603" objectid="132" type="HTTP_PAGE" value="6102b587-98fb-47f3-bfca-0862b32b8e44"/>
<objectids-entry key="Default zone¤OB¤OB_Standard_C4484603" objectid="133" type="ACTION" value="9d7bb3f3-ae42-4ac8-ad41-d99eb6786169"/>
<objectids-entry key="Default zone¤OB¤OB_Standard_C4484603" objectid="134" type="ACTION" value="e7dfeba8-c8c5-4804-8a54-81c558afc148"/>
<objectids-entry key="Default zone¤OB¤OB_Standard_C4484603" objectid="135" type="BASIC_LOGICAL_CONTAINER" value="a1a3e314-0d0c-4c7d-abd2-3352866c4190"/>
<objectids-entry key="Default zone¤OB¤OB_Standard_C4484603" objectid="136" type="HTTP_PAGE" value="8569b523-e18f-46d3-bd47-e66b50230b61"/>
<objectids-entry key="Default zone¤OB¤OB_Standard_C4484603" objectid="137" type="ACTION" value="29681bbe-7d90-416c-a163-d28e99291f94"/>
<objectids-entry key="Default zone¤OB¤OB_Standard_C4484603" objectid="138" type="ACTION" value="0e7b3f8c-3c82-4105-ae5a-2984623ab1c4"/>
<objectids-entry key="Default zone¤OB¤OB_Standard_C4484603" objectid="139" type="ACTION" value="6ce9fe33-be19-491a-b377-bb9b8f252ce9"/>
<objectids-entry key="Default zone¤OB¤OB_Standard_C4484603" objectid="140" type="ACTION" value="2b9f8d82-6e4e-415e-ae1f-d8f77b3f2100"/>
<objectids-entry key="Default zone¤OB¤OB_Standard_C4484603" objectid="141" type="ACTION" value="e0f1f645-b686-4010-8001-1750ba66ebee"/>
<objectids-entry key="Default zone¤OB¤OB_Standard_C4484603" objectid="142" type="ACTION" value="d8136896-8d5f-4a5c-9bc1-812362f0d8da"/>
<objectids-entry key="Default zone¤OB¤OB_Standard_C4484603" objectid="143" type="ACTION" value="05452e5a-214e-4345-aec7-1f29fe119367"/>
<objectids-entry key="Default zone¤OB¤OB_Standard_C4484603" objectid="144" type="BASIC_LOGICAL_CONTAINER" value="8622bfd0-510c-4fec-9072-fd427c146bf6"/>
<objectids-entry key="Default zone¤OB¤OB_Standard_C4484603" objectid="145" type="HTTP_PAGE" value="911f68b2-372f-42f9-8a1a-b43d791a0f8e"/>
<objectids-entry key="Default zone¤OB¤OB_Standard_C4484603" objectid="146" type="ACTION" value="efd4f03e-f3ca-499b-b71a-85d2c797e9c5"/>
<objectids-entry key="Default zone¤OB¤OB_Standard_C4484603" objectid="147" type="ACTION" value="eb9d7ddd-0c91-4376-b6f9-f7f66215d603"/>
<objectids-entry key="Default zone¤OB¤OB_Standard_C4484603" objectid="148" type="BASIC_LOGICAL_CONTAINER" value="487cac22-1c18-4d75-ae14-24a6d19e4273"/>
<objectids-entry key="Default zone¤OB¤OB_Standard_C4484603" objectid="149" type="HTTP_PAGE" value="752065a9-83e4-4772-81a6-508e2707e8fc"/>
<objectids-entry key="Default zone¤OB¤OB_Standard_C4484603" objectid="150" type="ACTION" value="9bd3f8e9-3a8d-483c-8f7c-a5902066c294"/>
<objectids-entry key="Default zone¤OB¤OB_Standard_C4484603" objectid="151" type="ACTION" value="ad0d76ee-9c43-4e8c-95fe-2545a8d6874e"/>
<objectids-entry key="Default zone¤OB¤OB_Standard_C4484603" objectid="152" type="HTTP_PAGE" value="a65c373f-6681-4bb1-9367-a808b79e60f5"/>
<objectids-entry key="Default zone¤OB¤OB_Standard_C4484603" objectid="153" type="ACTION" value="e2c95ae1-90cf-4465-953c-4ca91170b3f1"/>
<objectids-entry key="Default zone¤OB¤OB_Standard_C4484603" objectid="154" type="HTTP_PAGE" value="774a8da8-c64d-44bc-bda8-5a4bf01d2fc6"/>
<objectids-entry key="Default zone¤OB¤OB_Standard_C4484603" objectid="155" type="ACTION" value="061cf667-23d2-4974-b940-012f335eb901"/>
<objectids-entry key="Default zone¤OB¤OB_Standard_C4484603" objectid="156" type="BASIC_LOGICAL_CONTAINER" value="b0701517-a0a8-47f0-a873-03d918ee56fe"/>
<objectids-entry key="Default zone¤OB¤OB_Standard_C4484603" objectid="157" type="HTTP_PAGE" value="5daca12d-fb5f-4419-9ca0-a92e51aad29a"/>
<objectids-entry key="Default zone¤OB¤OB_Standard_C4484603" objectid="158" type="ACTION" value="b8b315ed-c4ca-4e68-943a-4409818a3469"/>
<objectids-entry key="Default zone¤OB¤OB_Standard_C4484603" objectid="159" type="ACTION" value="d379a086-26f6-410f-92cd-891c5e9e9dd3"/>
<objectids-entry key="Default zone¤OB¤OB_Standard_C4484603" objectid="160" type="ACTION" value="4de18994-681f-4ca3-a0fa-5336b91a9905"/>
<objectids-entry key="Default zone¤OB¤OB_Standard_C4484603" objectid="161" type="ACTION" value="3035de10-b5e4-490d-9961-8daa3fb4d07b"/>
<objectids-entry key="Default zone¤OB¤OB_Standard_C4484603" objectid="162" type="ACTION" value="1c2597c9-9558-423b-a6b3-57bb0be60b12"/>
<objectids-entry key="Default zone¤OB¤OB_Standard_C4484603" objectid="163" type="ACTION" value="d6bde495-4b14-417f-be49-bffe0c4bc88c"/>
<objectids-entry key="Default zone¤OB¤OB_Standard_C4484603" objectid="164" type="ACTION" value="6dd108b4-c861-480a-968e-8df3f8b11716"/>
<objectids-entry key="Default zone¤OB¤OB_Standard_C4484603" objectid="165" type="BASIC_LOGICAL_CONTAINER" value="a31c19ce-0d54-4ce0-b0c7-33c4688d53d0"/>
<objectids-entry key="Default zone¤OB¤OB_Standard_C4484603" objectid="166" type="HTTP_PAGE" value="1c7e2c10-e6d8-484e-bce8-fc16b87824af"/>
<objectids-entry key="Default zone¤OB¤OB_Standard_C4484603" objectid="167" type="ACTION" value="7da8dfea-e5d1-43fc-b51c-5301f4eca2b2"/>
<objectids-entry key="Default zone¤OB¤OB_Standard_C4484603" objectid="168" type="ACTION" value="999ffd9a-1dce-4c29-b8d5-3594847e1b70"/>
<objectids-entry key="Default zone¤OB¤OB_Standard_C4484603" objectid="169" type="ACTION" value="7d804385-fc8f-40c7-9d8c-04aa3cac9198"/>
<objectids-entry key="Default zone¤OB¤OB_Standard_C4484603" objectid="170" type="ACTION" value="0a7bee0c-32a6-4815-a026-505dd7b54615"/>
<objectids-entry key="Default zone¤OB¤OB_Standard_C4484603" objectid="171" type="ACTION" value="49693209-86ed-4735-b190-228df12ec320"/>
<objectids-entry key="Default zone¤OB¤OB_Standard_C4484603" objectid="172" type="ACTION" value="65cc0653-70e4-49d6-980c-5f566fb517c5"/>
<objectids-entry key="Default zone¤OB¤OB_Standard_C4484603" objectid="173" type="BASIC_LOGICAL_CONTAINER" value="def04f6e-68cb-406a-8739-3ab9d16ede2b"/>
<objectids-entry key="Default zone¤OB¤OB_Standard_C4484603" objectid="174" type="HTTP_PAGE" value="3fbdd28f-1d12-4782-ab45-b2858529e29d"/>
<objectids-entry key="Default zone¤OB¤OB_Standard_C4484603" objectid="175" type="ACTION" value="14d8315d-5604-4d7a-8b56-f43ccbad116b"/>
<objectids-entry key="Default zone¤OB¤OB_Standard_C4484603" objectid="176" type="ACTION" value="be17901c-60a7-480a-8f15-40daa23deb94"/>
<objectids-entry key="Default zone¤OB¤OB_Standard_C4484603" objectid="177" type="HTTP_PAGE" value="3604fabd-b91f-4718-8479-0dc12f69417a"/>
<objectids-entry key="Default zone¤OB¤OB_Standard_C4484603" objectid="178" type="ACTION" value="c4b2c299-54e9-45b1-9960-d7250c5fd319"/>
<objectids-entry key="Default zone¤OB¤OB_Standard_C4484603" objectid="179" type="ACTION" value="3be3439a-b3f1-4f16-bf20-575749ceb102"/>
<objectids-entry key="Default zone¤OB¤OB_Standard_C4484603" objectid="180" type="ACTION" value="2caa91f5-1d67-41d8-b091-7436b5a5b59f"/>
<objectids-entry key="Default zone¤OB¤OB_Standard_C4484603" objectid="181" type="BASIC_LOGICAL_CONTAINER" value="820b2275-7d66-466f-868c-b016b40acbc4"/>
<objectids-entry key="Default zone¤OB¤OB_Standard_C4484603" objectid="182" type="HTTP_PAGE" value="9ec573ab-3a1d-4ec8-b874-d1be3dc99316"/>
<objectids-entry key="Default zone¤OB¤OB_Standard_C4484603" objectid="183" type="ACTION" value="f6429f87-a1e3-4f95-b7ca-ca15bf0897db"/>
<objectids-entry key="Default zone¤OB¤OB_Standard_C4484603" objectid="184" type="ACTION" value="bdba26c2-6c95-4462-9501-66946c0bcee4"/>
<objectids-entry key="Default zone¤OB¤OB_Standard_C4484603" objectid="185" type="ACTION" value="de6b1d07-68b5-4c7c-aab3-18ed8f481050"/>
<objectids-entry key="Default zone¤OB¤OB_Standard_C4484603" objectid="186" type="ACTION" value="8c161865-0238-4db1-a6ef-96c2ed14b515"/>
<objectids-entry key="Default zone¤OB¤OB_Standard_C4484603" objectid="187" type="ACTION" value="9b72fac6-895a-42d1-a169-dd77c232a1ac"/>
<objectids-entry key="Default zone¤OB¤OB_Standard_C4484603" objectid="188" type="BASIC_LOGICAL_CONTAINER" value="5fdd34a8-9462-4e2b-a3f8-a472c4e31dd4"/>
<objectids-entry key="Default zone¤OB¤OB_Standard_C4484603" objectid="189" type="HTTP_PAGE" value="ea996d44-9440-4dcd-a6bb-aefa99987018"/>
<objectids-entry key="Default zone¤OB¤OB_Standard_C4484603" objectid="190" type="ACTION" value="4b3862be-b2f7-4917-b3c3-74c1493c4a02"/>
<objectids-entry key="Default zone¤OB¤OB_Standard_C4484603" objectid="191" type="BASIC_LOGICAL_CONTAINER" value="dfd49b67-0401-494e-b962-a206de89b592"/>
<objectids-entry key="Default zone¤OB¤OB_Standard_C4484603" objectid="192" type="HTTP_PAGE" value="b209b1b5-7860-4894-b75d-151e71cf1eac"/>
<objectids-entry key="Default zone¤OB¤OB_Standard_C4484603" objectid="193" type="ACTION" value="9c2d8a46-1117-4c44-b784-6493068072ca"/>
<objectids-entry key="Default zone¤OB¤OB_Standard_C4484603" objectid="194" type="ACTION" value="42bb655f-94e7-4267-bab2-a0301641aa45"/>
<objectids-entry key="Default zone¤OB¤OB_Standard_C4484603" objectid="195" type="ACTION" value="23b02820-6374-4853-8463-e15f04adf3ed"/>
<objectids-entry key="Default zone¤OB¤OB_Standard_C4484603" objectid="196" type="ACTION" value="110a7df9-6392-4695-a990-daa4b6713204"/>
<objectids-entry key="Default zone¤OB¤OB_Standard_C4484603" objectid="197" type="ACTION" value="2c3996e4-5ead-40b6-aa89-d54e706fb617"/>
<objectids-entry key="Default zone¤OB¤OB_Standard_C4484603" objectid="198" type="ACTION" value="119f6466-7c57-4da9-a544-e7ba348a0af0"/>
<objectids-entry key="Default zone¤OB¤OB_Standard_C4484603" objectid="199" type="ACTION" value="6e099f45-1da6-455f-8358-4411391843a3"/>
<objectids-entry key="Default zone¤OB¤OB_Standard_C4484603" objectid="200" type="ACTION" value="f543c073-c322-4045-bb3d-53205dd72775"/>
<objectids-entry key="Default zone¤OB¤OB_Standard_C4484603" objectid="201" type="ACTION" value="0c5c7af5-690c-4253-b104-4ebe1f07fe94"/>
<objectids-entry key="Default zone¤OB¤OB_Standard_C4484603" objectid="202" type="ACTION" value="aa6eb157-4fb2-4168-8e50-4f9f76805763"/>
<objectids-entry key="Default zone¤OB¤OB_Standard_C4484603" objectid="203" type="BASIC_LOGICAL_CONTAINER" value="1cb1e132-3966-49c1-9913-1c66e244fea9"/>
<objectids-entry key="Default zone¤OB¤OB_Standard_C4484603" objectid="204" type="HTTP_PAGE" value="5d353f12-97c8-49df-980b-ef20c132b98a"/>
<objectids-entry key="Default zone¤OB¤OB_Standard_C4484603" objectid="205" type="ACTION" value="3ac2098b-911b-4000-8fec-f7eb24e7a0b6"/>
<objectids-entry key="Default zone¤OB¤OB_Standard_C4484603" objectid="206" type="HTTP_PAGE" value="2d2725fe-a729-4264-ba20-d06e2f158b19"/>
<objectids-entry key="Default zone¤OB¤OB_Standard_C4484603" objectid="207" type="ACTION" value="afda9ab8-6cc4-4a84-a893-7fbbf165baa1"/>
<objectids-entry key="Default zone¤OB¤OB_Standard_C4484603" objectid="208" type="ACTION" value="7d673e0f-0fee-4061-979e-967aaef2bfa3"/>
<objectids-entry key="Default zone¤OB¤OB_Standard_C4484603" objectid="209" type="HTTP_PAGE" value="cbf57dbc-fc38-4e18-b7e0-8c0082fe6267"/>
<objectids-entry key="Default zone¤OB¤OB_Standard_C4484603" objectid="210" type="ACTION" value="c4a96679-4460-4cc9-83fb-20d2e6fba93d"/>
<objectids-entry key="Default zone¤OB¤OB_Standard_C4484603" objectid="211" type="HTTP_PAGE" value="fdcb094e-0171-43b3-af3a-7e81165be95d"/>
<objectids-entry key="Default zone¤OB¤OB_Standard_C4484603" objectid="212" type="ACTION" value="3ad1214a-4018-4f78-9172-ce7179a4f332"/>
<objectids-entry key="Default zone¤OB¤OB_Standard_C4484603" objectid="213" type="ACTION" value="eb22e1b1-107e-4e79-a23d-6c342c741607"/>
<objectids-entry key="Default zone¤OB¤OB_Standard_C4484603" objectid="214" type="ACTION" value="f45b939b-86cb-4163-8203-1b0f6acdb4cc"/>
<objectids-entry key="Default zone¤OB¤OB_Standard_C4484603" objectid="215" type="BASIC_LOGICAL_CONTAINER" value="10e7b275-0de1-4b8e-8b31-35b3f020c4cf"/>
<objectids-entry key="Default zone¤OB¤OB_Standard_C4484603" objectid="216" type="DELAY" value="242ae5b0-92b8-46c5-92bd-289b72b6d0e3"/>
<objectids-entry key="Default zone¤OB¤OB_Standard_C4484603" objectid="217" type="BASIC_LOGICAL_CONTAINER" value="$parent=OB_Standard_C4484603;$index=2"/>
<objectids-entry key="¤¤" objectid="218" type="MONITORED_HOST" value="NeoLoad"/>
<objectids-entry key="¤¤" objectid="219" type="MONITORCONNECTION" value="NeoLoad$NeoLoad"/>
<objectids-entry key="¤¤" objectid="220" type="MONITOR" value="NeoLoad$NeoLoad$UserLoad"/>
<objectids-entry key="¤¤" objectid="221" type="MONITOR" value="NeoLoad$NeoLoad$throughput"/>
<objectids-entry key="¤¤" objectid="222" type="MONITOR" value="NeoLoad$NeoLoad$Alerts"/>
<objectids-entry key="¤¤" objectid="223" type="MONITOR" value="NeoLoad$NeoLoad$CriticalAlerts"/>
<objectids-entry key="¤¤" objectid="224" type="MONITOR" value="NeoLoad$NeoLoad$WarningAlerts"/>
<objectids-entry key="¤¤" objectid="225" type="MONITOR" value="NeoLoad$NeoLoad$cpu"/>
<objectids-entry key="¤¤" objectid="226" type="THRESHOLD" value="NeoLoad$NeoLoad$443e38a5-665a-4ac4-a3fa-088df4fa20da"/>
<objectids-entry key="¤¤" objectid="227" type="MONITOR" value="NeoLoad$NeoLoad$memory"/>
<objectids-entry key="¤¤" objectid="228" type="THRESHOLD" value="NeoLoad$NeoLoad$86b367dd-bb04-45cb-ae5e-e9df5eb5978a"/>
<objectids-entry key="¤¤" objectid="229" type="MONITOR" value="NeoLoad$NeoLoad$threadcount"/>
<objectids-entry key="¤¤" objectid="230" type="MONITOR" value="NeoLoad$NeoLoad$memoryos"/>
<objectids-entry key="¤¤" objectid="231" type="THRESHOLD" value="NeoLoad$NeoLoad$853f5923-8bbf-4b49-995b-7da1fa2c67bb"/>
<objectids-entry key="¤¤" objectid="232" type="MONITOR" value="NeoLoad$NeoLoad$connectedlg"/>
<objectids-entry key="¤¤" objectid="233" type="MONITOR" value="NeoLoad$NeoLoad$totallgdisconnections"/>
<objectids-entry key="¤¤" objectid="234" type="THRESHOLD" value="NeoLoad$NeoLoad$c2d2a0ee-a903-4de3-9817-2598e33b2cdd"/>
<objectids-entry key="¤¤" objectid="235" type="MONITOR" value="NeoLoad$NeoLoad$totallgreconnections"/>
<objectids-entry key="¤¤" objectid="236" type="MONITOR" value="NeoLoad$NeoLoad$otcp.NeoLoad"/>
<objectids-entry key="¤¤" objectid="237" type="MONITOR" value="NeoLoad$NeoLoad$tcp.NeoLoad"/>
<objectids-entry key="¤¤" objectid="238" type="MONITOR" value="NeoLoad$NeoLoad$ibytesperinterface~NeoLoad~eth11"/>
<objectids-entry key="¤¤" objectid="239" type="MONITOR" value="NeoLoad$NeoLoad$obytesperinterface~NeoLoad~eth11"/>
<objectids-entry key="¤¤" objectid="240" type="MONITOR" value="NeoLoad$NeoLoad$ibytesperinterface~NeoLoad~eth13"/>
<objectids-entry key="¤¤" objectid="241" type="MONITOR" value="NeoLoad$NeoLoad$obytesperinterface~NeoLoad~eth13"/>
<objectids-entry key="¤¤" objectid="242" type="MONITOR" value="NeoLoad$NeoLoad$SapUserLoad"/>
<objectids-entry key="¤¤" objectid="243" type="MONITOR" value="NeoLoad$NeoLoad$zoneuserload~Default zone"/>
<objectids-entry key="¤¤" objectid="244" type="MONITOR" value="NeoLoad$NeoLoad$zoneuserloadperpopulation~Default zone~OB"/>
<objectids-entry key="¤¤" objectid="245" type="MONITOR" value="NeoLoad$NeoLoad$zoneuserloadperpopulation~Default zone~OB~OB_Standard_C4484603"/>
<objectids-entry key="¤¤" objectid="246" type="MONITORED_HOST" value="LG 10.149.80.138:7100"/>
<objectids-entry key="¤¤" objectid="247" type="MONITORCONNECTION" value="LG 10.149.80.138:7100$NeoLoad"/>
<objectids-entry key="¤¤" objectid="248" type="MONITOR" value="LG 10.149.80.138:7100$NeoLoad$lgcpu.10.149.80.138:7100"/>
<objectids-entry key="¤¤" objectid="249" type="THRESHOLD" value="LG 10.149.80.138:7100$NeoLoad$2ccbdc75-fa9e-4b93-b200-765da80f43e3"/>
<objectids-entry key="¤¤" objectid="250" type="MONITOR" value="LG 10.149.80.138:7100$NeoLoad$lgmemory.10.149.80.138:7100"/>
<objectids-entry key="¤¤" objectid="251" type="THRESHOLD" value="LG 10.149.80.138:7100$NeoLoad$67e78025-6370-40b1-a272-e6f28f4ef423"/>
<objectids-entry key="¤¤" objectid="252" type="MONITOR" value="LG 10.149.80.138:7100$NeoLoad$lgthroughput.10.149.80.138:7100"/>
<objectids-entry key="¤¤" objectid="253" type="MONITOR" value="LG 10.149.80.138:7100$NeoLoad$lgosmemory.10.149.80.138:7100"/>
<objectids-entry key="¤¤" objectid="254" type="THRESHOLD" value="LG 10.149.80.138:7100$NeoLoad$9ebf5436-784b-4638-b8fd-6029b85996dd"/>
<objectids-entry key="¤¤" objectid="255" type="MONITOR" value="LG 10.149.80.138:7100$NeoLoad$lguserloadperpopulation~10.149.80.138:7100"/>
<objectids-entry key="¤¤" objectid="256" type="MONITOR" value="LG 10.149.80.138:7100$NeoLoad$lgthreadcount.10.149.80.138:7100"/>
<objectids-entry key="¤¤" objectid="257" type="MONITOR" value="LG 10.149.80.138:7100$NeoLoad$lg.jetty.httpclient.threadpool.used.10.149.80.138:7100"/>
<objectids-entry key="¤¤" objectid="258" type="MONITOR" value="LG 10.149.80.138:7100$NeoLoad$lg.jetty.httpclient.taskpool.used.10.149.80.138:7100"/>
<objectids-entry key="¤¤" objectid="259" type="THRESHOLD" value="LG 10.149.80.138:7100$NeoLoad$00005ce6-f6d3-44d1-b86f-7ad387d6cc70"/>
<objectids-entry key="¤¤" objectid="260" type="MONITOR" value="LG 10.149.80.138:7100$NeoLoad$lgdisconnections.10.149.80.138:7100"/>
<objectids-entry key="¤¤" objectid="261" type="MONITOR" value="LG 10.149.80.138:7100$NeoLoad$lgreconnections.10.149.80.138:7100"/>
<objectids-entry key="¤¤" objectid="262" type="MONITOR" value="LG 10.149.80.138:7100$NeoLoad$lgping.10.149.80.138:7100"/>
<objectids-entry key="¤¤" objectid="263" type="MONITOR" value="LG 10.149.80.138:7100$NeoLoad$lgotcp.10.149.80.138:7100"/>
<objectids-entry key="¤¤" objectid="264" type="MONITOR" value="LG 10.149.80.138:7100$NeoLoad$lgtcp.10.149.80.138:7100"/>
<objectids-entry key="¤¤" objectid="265" type="MONITOR" value="LG 10.149.80.138:7100$NeoLoad$lgibytesperinterface~10.149.80.138:7100~eth5"/>
<objectids-entry key="¤¤" objectid="266" type="MONITOR" value="LG 10.149.80.138:7100$NeoLoad$lgobytesperinterface~10.149.80.138:7100~eth5"/>
<objectids-entry key="¤¤" objectid="267" type="MONITOR" value="LG 10.149.80.138:7100$NeoLoad$lgibytesperinterface~10.149.80.138:7100~eth4"/>
<objectids-entry key="¤¤" objectid="268" type="MONITOR" value="LG 10.149.80.138:7100$NeoLoad$lgobytesperinterface~10.149.80.138:7100~eth4"/>
</objectids-table>
<!--****** DURATION ******-->
<duration value="0"/>
<!--****** AGGREGATION PERIOD ******-->
<aggregation-period value="1000"/>
<!--****** EXTENDED STATISTICS ******-->
<truncated-mean centered-interval="true" percentage="90"/>
<percentile percentage="50"/>
</project>
