
	<!DOCTYPE project [
		<!ELEMENT project (objectids-table | current-scenario | duration | aggregation-period | truncated-mean | percentile)* >
	
		<!ELEMENT objectids-table (objectids-entry)* >
		<!ELEMENT objectids-entry (#PCDATA)>
		<!ELEMENT duration (#PCDATA)>
		<!ELEMENT truncated-mean (#PCDATA)>
		<!ELEMENT percentile (#PCDATA)>
		<!ELEMENT aggregation-period (#PCDATA)>
		<!ELEMENT current-scenario (#PCDATA)>
		<!ATTLIST duration
		    value CDATA #REQUIRED>
	    <!ATTLIST aggregation-period
		    value CDATA #REQUIRED>
		<!ATTLIST objectids-entry
		    objectid CDATA #REQUIRED
		    type CDATA #REQUIRED
		    value CDATA #REQUIRED
		    key CDATA #REQUIRED>
		<!ATTLIST truncated-mean
		    centered-interval CDATA #REQUIRED
		    percentage CDATA #REQUIRED>
		 <!ATTLIST percentile
		    percentage CDATA #REQUIRED>
	]>


<!--****** RUNTIME PROJECT ******--><project>
<!--****** CURRENT SCENARIO ******-->
<current-scenario>PrismHR_QR_Test</current-scenario>
<!--****** OBJECTIDS ******-->
<objectids-table>
<objectids-entry key="" objectid="0" type="LG_HOST" value="10.149.80.138:7100"/>
<objectids-entry key="" objectid="1" type="ZONE" value="Default zone"/>
<objectids-entry key="Default zone¤PrismHR_Company_Details¤" objectid="2" type="POPULATION" value="PrismHR_Company_Details"/>
<objectids-entry key="Default zone¤PrismHR_Company_Details¤PrismHR_Company_Details_C4484560" objectid="3" type="VIRTUAL_USER" value="PrismHR_Company_Details_C4484560"/>
<objectids-entry key="Default zone¤PrismHR_Company_Details¤PrismHR_Company_Details_C4484560" objectid="4" type="BASIC_LOGICAL_CONTAINER" value="$parent=PrismHR_Company_Details_C4484560;$index=0"/>
<objectids-entry key="Default zone¤PrismHR_Company_Details¤PrismHR_Company_Details_C4484560" objectid="5" type="BASIC_LOGICAL_CONTAINER" value="$parent=PrismHR_Company_Details_C4484560;$index=1"/>
<objectids-entry key="Default zone¤PrismHR_Company_Details¤PrismHR_Company_Details_C4484560" objectid="6" type="BASIC_LOGICAL_CONTAINER" value="6d812634-8f76-4123-9b26-62605f979476"/>
<objectids-entry key="Default zone¤PrismHR_Company_Details¤PrismHR_Company_Details_C4484560" objectid="7" type="DELAY" value="c64d8946-5c81-437a-a9bc-3aac3865b00e"/>
<objectids-entry key="Default zone¤PrismHR_Company_Details¤PrismHR_Company_Details_C4484560" objectid="8" type="BASIC_LOGICAL_CONTAINER" value="00447ca3-9c47-4294-8dfe-53b8316f1ee5"/>
<objectids-entry key="Default zone¤PrismHR_Company_Details¤PrismHR_Company_Details_C4484560" objectid="9" type="HTTP_PAGE" value="bfbd8a49-7397-47b0-8b4e-15d99bf5b01d"/>
<objectids-entry key="Default zone¤PrismHR_Company_Details¤PrismHR_Company_Details_C4484560" objectid="10" type="ACTION" value="b4f269d5-5102-4cb6-a8c7-80d9f7a28a18"/>
<objectids-entry key="Default zone¤PrismHR_Company_Details¤PrismHR_Company_Details_C4484560" objectid="11" type="HTTP_PAGE" value="713d290d-37b8-43df-bbbe-d23baf8aa44d"/>
<objectids-entry key="Default zone¤PrismHR_Company_Details¤PrismHR_Company_Details_C4484560" objectid="12" type="ACTION" value="7153be9e-2891-4923-9b4f-f77ef625baae"/>
<objectids-entry key="Default zone¤PrismHR_Company_Details¤PrismHR_Company_Details_C4484560" objectid="13" type="ACTION" value="5b24dad7-abc8-4343-a6d7-530dbbf53872"/>
<objectids-entry key="Default zone¤PrismHR_Company_Details¤PrismHR_Company_Details_C4484560" objectid="14" type="ACTION" value="ee5b3710-c877-4885-b6d6-205d3db8d535"/>
<objectids-entry key="Default zone¤PrismHR_Company_Details¤PrismHR_Company_Details_C4484560" objectid="15" type="ACTION" value="a99e3d9d-63c8-4f60-ab79-ca0e73c8ebd7"/>
<objectids-entry key="Default zone¤PrismHR_Company_Details¤PrismHR_Company_Details_C4484560" objectid="16" type="ACTION" value="227dd133-c798-49af-8573-cb5f8aeda420"/>
<objectids-entry key="Default zone¤PrismHR_Company_Details¤PrismHR_Company_Details_C4484560" objectid="17" type="ACTION" value="38d2ae3e-9bf9-4e0b-b877-c713a2105ca3"/>
<objectids-entry key="Default zone¤PrismHR_Company_Details¤PrismHR_Company_Details_C4484560" objectid="18" type="ACTION" value="80e05a62-f7dc-4530-beb2-bf608f4515d2"/>
<objectids-entry key="Default zone¤PrismHR_Company_Details¤PrismHR_Company_Details_C4484560" objectid="19" type="ACTION" value="8ee10c62-aff4-4cd4-acbe-b715c5710991"/>
<objectids-entry key="Default zone¤PrismHR_Company_Details¤PrismHR_Company_Details_C4484560" objectid="20" type="ACTION" value="38db8d48-3071-409d-a931-81dd84c41208"/>
<objectids-entry key="Default zone¤PrismHR_Company_Details¤PrismHR_Company_Details_C4484560" objectid="21" type="ACTION" value="ee5df3b9-3e97-4c7c-b658-9d694aa59596"/>
<objectids-entry key="Default zone¤PrismHR_Company_Details¤PrismHR_Company_Details_C4484560" objectid="22" type="ACTION" value="25818465-eea0-4d4a-9211-d797bbe63227"/>
<objectids-entry key="Default zone¤PrismHR_Company_Details¤PrismHR_Company_Details_C4484560" objectid="23" type="ACTION" value="3e44d3e0-0887-4f75-873f-28983faf4cb7"/>
<objectids-entry key="Default zone¤PrismHR_Company_Details¤PrismHR_Company_Details_C4484560" objectid="24" type="ACTION" value="be5f07a5-a1ad-480b-b2f9-2db1484b83cb"/>
<objectids-entry key="Default zone¤PrismHR_Company_Details¤PrismHR_Company_Details_C4484560" objectid="25" type="ACTION" value="9fc602e9-31ba-43ba-9d72-37d51d561a05"/>
<objectids-entry key="Default zone¤PrismHR_Company_Details¤PrismHR_Company_Details_C4484560" objectid="26" type="ACTION" value="296b252c-ba24-445f-9f7d-3526e6570915"/>
<objectids-entry key="Default zone¤PrismHR_Company_Details¤PrismHR_Company_Details_C4484560" objectid="27" type="ACTION" value="ab683699-ecd6-43eb-89f8-da8bcc82f3a5"/>
<objectids-entry key="Default zone¤PrismHR_Company_Details¤PrismHR_Company_Details_C4484560" objectid="28" type="ACTION" value="96503aa0-e09a-4f4e-b5fd-3b201a57def6"/>
<objectids-entry key="Default zone¤PrismHR_Company_Details¤PrismHR_Company_Details_C4484560" objectid="29" type="ACTION" value="df053c4a-5529-4554-89aa-297133106461"/>
<objectids-entry key="Default zone¤PrismHR_Company_Details¤PrismHR_Company_Details_C4484560" objectid="30" type="ACTION" value="8b9ed1e8-78d1-4357-974c-f8fbd66f6195"/>
<objectids-entry key="Default zone¤PrismHR_Company_Details¤PrismHR_Company_Details_C4484560" objectid="31" type="ACTION" value="4f082c32-d887-4557-a979-92f750f67cc0"/>
<objectids-entry key="Default zone¤PrismHR_Company_Details¤PrismHR_Company_Details_C4484560" objectid="32" type="ACTION" value="2b3fd11f-034f-49ec-baf4-6554d86115a7"/>
<objectids-entry key="Default zone¤PrismHR_Company_Details¤PrismHR_Company_Details_C4484560" objectid="33" type="ACTION" value="6fba38ac-81bd-4db8-8be4-3feeeee36b95"/>
<objectids-entry key="Default zone¤PrismHR_Company_Details¤PrismHR_Company_Details_C4484560" objectid="34" type="ACTION" value="caf989f6-f425-4f40-bdfd-d45b55d345c4"/>
<objectids-entry key="Default zone¤PrismHR_Company_Details¤PrismHR_Company_Details_C4484560" objectid="35" type="ACTION" value="8866ef28-341d-4827-80df-f57293de0eb2"/>
<objectids-entry key="Default zone¤PrismHR_Company_Details¤PrismHR_Company_Details_C4484560" objectid="36" type="ACTION" value="5ef9e59e-c68a-444f-bc0a-eabe23a22455"/>
<objectids-entry key="Default zone¤PrismHR_Company_Details¤PrismHR_Company_Details_C4484560" objectid="37" type="ACTION" value="cdedc5ad-32ee-4dda-98e2-f98073c0b62c"/>
<objectids-entry key="Default zone¤PrismHR_Company_Details¤PrismHR_Company_Details_C4484560" objectid="38" type="HTTP_PAGE" value="b1714645-0871-4f67-acb7-2eb999974e32"/>
<objectids-entry key="Default zone¤PrismHR_Company_Details¤PrismHR_Company_Details_C4484560" objectid="39" type="ACTION" value="8a3253cb-77f7-4566-adfd-2ee89da67883"/>
<objectids-entry key="Default zone¤PrismHR_Company_Details¤PrismHR_Company_Details_C4484560" objectid="40" type="ACTION" value="f901dc66-e307-40fb-91e2-5ee289deb104"/>
<objectids-entry key="Default zone¤PrismHR_Company_Details¤PrismHR_Company_Details_C4484560" objectid="41" type="ACTION" value="7719c715-8695-4b4d-ac75-55464af96099"/>
<objectids-entry key="Default zone¤PrismHR_Company_Details¤PrismHR_Company_Details_C4484560" objectid="42" type="ACTION" value="db451c77-48a7-4708-9931-906f222386b3"/>
<objectids-entry key="Default zone¤PrismHR_Company_Details¤PrismHR_Company_Details_C4484560" objectid="43" type="ACTION" value="d446b97a-e364-4cd5-90ff-756b9cceb1d2"/>
<objectids-entry key="Default zone¤PrismHR_Company_Details¤PrismHR_Company_Details_C4484560" objectid="44" type="BASIC_LOGICAL_CONTAINER" value="d019d10f-fe03-4fae-bb48-3b1d8e77c347"/>
<objectids-entry key="Default zone¤PrismHR_Company_Details¤PrismHR_Company_Details_C4484560" objectid="45" type="HTTP_PAGE" value="9f00a713-ce65-4545-ba9b-be6e43684915"/>
<objectids-entry key="Default zone¤PrismHR_Company_Details¤PrismHR_Company_Details_C4484560" objectid="46" type="ACTION" value="b7c5bd28-fbc5-4811-98f4-4140efa7c77a"/>
<objectids-entry key="Default zone¤PrismHR_Company_Details¤PrismHR_Company_Details_C4484560" objectid="47" type="ACTION" value="2a603d5b-6067-4c85-9129-f412668c3c40"/>
<objectids-entry key="Default zone¤PrismHR_Company_Details¤PrismHR_Company_Details_C4484560" objectid="48" type="ACTION" value="9b9aabac-a1c3-477f-97d9-eeae943ae618"/>
<objectids-entry key="Default zone¤PrismHR_Company_Details¤PrismHR_Company_Details_C4484560" objectid="49" type="ACTION" value="afc81751-bc3b-4a78-b3e4-efe9c900bc65"/>
<objectids-entry key="Default zone¤PrismHR_Company_Details¤PrismHR_Company_Details_C4484560" objectid="50" type="ACTION" value="5faf2674-3c1e-4158-9ae9-952dbc37b6c2"/>
<objectids-entry key="Default zone¤PrismHR_Company_Details¤PrismHR_Company_Details_C4484560" objectid="51" type="ACTION" value="e7079779-cf55-4b86-abbf-5a97eb978fa2"/>
<objectids-entry key="Default zone¤PrismHR_Company_Details¤PrismHR_Company_Details_C4484560" objectid="52" type="ACTION" value="08e65c37-d521-48a8-8083-c3b91b480e1f"/>
<objectids-entry key="Default zone¤PrismHR_Company_Details¤PrismHR_Company_Details_C4484560" objectid="53" type="ACTION" value="9b1099af-979f-4607-b895-2c0b6d617252"/>
<objectids-entry key="Default zone¤PrismHR_Company_Details¤PrismHR_Company_Details_C4484560" objectid="54" type="ACTION" value="1bba486f-cadb-4ca3-bb22-b0d8a99928d0"/>
<objectids-entry key="Default zone¤PrismHR_Company_Details¤PrismHR_Company_Details_C4484560" objectid="55" type="ACTION" value="0e1795a8-bb70-41e1-bd9c-1c61533ae606"/>
<objectids-entry key="Default zone¤PrismHR_Company_Details¤PrismHR_Company_Details_C4484560" objectid="56" type="ACTION" value="2c06e227-de87-4d55-b088-063f23df50c9"/>
<objectids-entry key="Default zone¤PrismHR_Company_Details¤PrismHR_Company_Details_C4484560" objectid="57" type="ACTION" value="3f256f1f-afd1-4836-9c39-fcaad4dd61fc"/>
<objectids-entry key="Default zone¤PrismHR_Company_Details¤PrismHR_Company_Details_C4484560" objectid="58" type="ACTION" value="3dbf7bdc-d1d5-45e4-bafe-b10361a1f3b9"/>
<objectids-entry key="Default zone¤PrismHR_Company_Details¤PrismHR_Company_Details_C4484560" objectid="59" type="ACTION" value="1651a83b-5826-4fdd-8528-3c2340ed5ffa"/>
<objectids-entry key="Default zone¤PrismHR_Company_Details¤PrismHR_Company_Details_C4484560" objectid="60" type="ACTION" value="3379c3ee-f061-446a-abe1-76274ac2d07b"/>
<objectids-entry key="Default zone¤PrismHR_Company_Details¤PrismHR_Company_Details_C4484560" objectid="61" type="ACTION" value="78b60afc-9141-4f7a-ac3c-4be542988ddf"/>
<objectids-entry key="Default zone¤PrismHR_Company_Details¤PrismHR_Company_Details_C4484560" objectid="62" type="ACTION" value="8cb11b96-33bd-4e45-9241-8d976ba3b7cd"/>
<objectids-entry key="Default zone¤PrismHR_Company_Details¤PrismHR_Company_Details_C4484560" objectid="63" type="HTTP_PAGE" value="f6c7e5ac-9f56-4a17-b429-03a5b18040df"/>
<objectids-entry key="Default zone¤PrismHR_Company_Details¤PrismHR_Company_Details_C4484560" objectid="64" type="ACTION" value="ca25b433-4c34-4f24-a250-d54a447492c2"/>
<objectids-entry key="Default zone¤PrismHR_Company_Details¤PrismHR_Company_Details_C4484560" objectid="65" type="BASIC_LOGICAL_CONTAINER" value="2ffb8c94-9945-47e6-92e8-fe03cbbad9bf"/>
<objectids-entry key="Default zone¤PrismHR_Company_Details¤PrismHR_Company_Details_C4484560" objectid="66" type="HTTP_PAGE" value="e0b4ccdf-e30c-4a57-b410-e81334bcd46e"/>
<objectids-entry key="Default zone¤PrismHR_Company_Details¤PrismHR_Company_Details_C4484560" objectid="67" type="ACTION" value="68a10069-0166-4f58-8840-852abf76bb1e"/>
<objectids-entry key="Default zone¤PrismHR_Company_Details¤PrismHR_Company_Details_C4484560" objectid="68" type="BASIC_LOGICAL_CONTAINER" value="ad2f07a2-93d1-4d9d-8659-92df5fb390ae"/>
<objectids-entry key="Default zone¤PrismHR_Company_Details¤PrismHR_Company_Details_C4484560" objectid="69" type="HTTP_PAGE" value="e1f06013-86cb-47fb-a1e8-88cef87a686f"/>
<objectids-entry key="Default zone¤PrismHR_Company_Details¤PrismHR_Company_Details_C4484560" objectid="70" type="ACTION" value="9a4c8224-3a72-4685-aab9-2fce0a563463"/>
<objectids-entry key="Default zone¤PrismHR_Company_Details¤PrismHR_Company_Details_C4484560" objectid="71" type="BASIC_LOGICAL_CONTAINER" value="a61b2820-cc82-4fd6-b085-9e5e564a717f"/>
<objectids-entry key="Default zone¤PrismHR_Company_Details¤PrismHR_Company_Details_C4484560" objectid="72" type="HTTP_PAGE" value="64234196-9800-4749-8e68-12b2bcaec8c8"/>
<objectids-entry key="Default zone¤PrismHR_Company_Details¤PrismHR_Company_Details_C4484560" objectid="73" type="ACTION" value="3a42de5e-6a88-4d30-b230-ec42e4bba792"/>
<objectids-entry key="Default zone¤PrismHR_Company_Details¤PrismHR_Company_Details_C4484560" objectid="74" type="HTTP_PAGE" value="540294ed-84ce-47e2-a343-a575b61508dc"/>
<objectids-entry key="Default zone¤PrismHR_Company_Details¤PrismHR_Company_Details_C4484560" objectid="75" type="ACTION" value="9e055a6c-c186-483b-b776-616ad7bdd1cc"/>
<objectids-entry key="Default zone¤PrismHR_Company_Details¤PrismHR_Company_Details_C4484560" objectid="76" type="BASIC_LOGICAL_CONTAINER" value="3a981f0c-5b69-4353-9b3d-f9cb76c6f72e"/>
<objectids-entry key="Default zone¤PrismHR_Company_Details¤PrismHR_Company_Details_C4484560" objectid="77" type="HTTP_PAGE" value="e45de670-665c-441c-932f-de90d77381fd"/>
<objectids-entry key="Default zone¤PrismHR_Company_Details¤PrismHR_Company_Details_C4484560" objectid="78" type="ACTION" value="f22cc3b6-525d-40db-b0b9-635949af7906"/>
<objectids-entry key="Default zone¤PrismHR_Company_Details¤PrismHR_Company_Details_C4484560" objectid="79" type="ACTION" value="5c97ff71-cde3-4816-bc8a-5018af2dfaad"/>
<objectids-entry key="Default zone¤PrismHR_Company_Details¤PrismHR_Company_Details_C4484560" objectid="80" type="BASIC_LOGICAL_CONTAINER" value="b8ced635-89d4-47c0-a1dc-17b9af9f0f10"/>
<objectids-entry key="Default zone¤PrismHR_Company_Details¤PrismHR_Company_Details_C4484560" objectid="81" type="HTTP_PAGE" value="ac3d3769-a01f-45e1-be6d-583849ac485e"/>
<objectids-entry key="Default zone¤PrismHR_Company_Details¤PrismHR_Company_Details_C4484560" objectid="82" type="ACTION" value="d76ce09c-bf5d-4dde-a98a-46395c582a8e"/>
<objectids-entry key="Default zone¤PrismHR_Company_Details¤PrismHR_Company_Details_C4484560" objectid="83" type="BASIC_LOGICAL_CONTAINER" value="97bc3e97-9084-470e-936c-ae93f8dfe7f5"/>
<objectids-entry key="Default zone¤PrismHR_Company_Details¤PrismHR_Company_Details_C4484560" objectid="84" type="HTTP_PAGE" value="06b675f2-5244-4ba3-89be-6ed7b9463d8c"/>
<objectids-entry key="Default zone¤PrismHR_Company_Details¤PrismHR_Company_Details_C4484560" objectid="85" type="ACTION" value="2060cbd0-a035-4145-a3fc-6aacd5433a1e"/>
<objectids-entry key="Default zone¤PrismHR_Company_Details¤PrismHR_Company_Details_C4484560" objectid="86" type="ACTION" value="76d6c22f-9534-4a56-859f-91674681953f"/>
<objectids-entry key="Default zone¤PrismHR_Company_Details¤PrismHR_Company_Details_C4484560" objectid="87" type="BASIC_LOGICAL_CONTAINER" value="dfe64962-7aa6-4d18-95db-cf189f374557"/>
<objectids-entry key="Default zone¤PrismHR_Company_Details¤PrismHR_Company_Details_C4484560" objectid="88" type="HTTP_PAGE" value="6694395f-c342-4060-8328-b633a2dc0b9a"/>
<objectids-entry key="Default zone¤PrismHR_Company_Details¤PrismHR_Company_Details_C4484560" objectid="89" type="ACTION" value="f85fd5cc-0991-4aaf-ac42-5355673eb10f"/>
<objectids-entry key="Default zone¤PrismHR_Company_Details¤PrismHR_Company_Details_C4484560" objectid="90" type="BASIC_LOGICAL_CONTAINER" value="743cc7cb-89f3-495b-ae71-bc74f475a696"/>
<objectids-entry key="Default zone¤PrismHR_Company_Details¤PrismHR_Company_Details_C4484560" objectid="91" type="HTTP_PAGE" value="226e7548-dee2-48dd-8304-99f953dfb08c"/>
<objectids-entry key="Default zone¤PrismHR_Company_Details¤PrismHR_Company_Details_C4484560" objectid="92" type="ACTION" value="c4026adb-23b4-4d11-b566-2357de13027f"/>
<objectids-entry key="Default zone¤PrismHR_Company_Details¤PrismHR_Company_Details_C4484560" objectid="93" type="BASIC_LOGICAL_CONTAINER" value="9af98cf4-d4d2-4e81-9f70-e993f21174b2"/>
<objectids-entry key="Default zone¤PrismHR_Company_Details¤PrismHR_Company_Details_C4484560" objectid="94" type="HTTP_PAGE" value="a9450e28-4484-4139-841c-3ded35ab49f3"/>
<objectids-entry key="Default zone¤PrismHR_Company_Details¤PrismHR_Company_Details_C4484560" objectid="95" type="ACTION" value="5e597d59-9b5f-468f-b454-68bdc12bb489"/>
<objectids-entry key="Default zone¤PrismHR_Company_Details¤PrismHR_Company_Details_C4484560" objectid="96" type="BASIC_LOGICAL_CONTAINER" value="0660bf78-fdcf-4eb3-a4c3-93f39669bd4a"/>
<objectids-entry key="Default zone¤PrismHR_Company_Details¤PrismHR_Company_Details_C4484560" objectid="97" type="HTTP_PAGE" value="a7df7723-1c17-42c2-81a1-19528850534d"/>
<objectids-entry key="Default zone¤PrismHR_Company_Details¤PrismHR_Company_Details_C4484560" objectid="98" type="ACTION" value="9bca88a7-22b6-4498-af3c-5bfb24280064"/>
<objectids-entry key="Default zone¤PrismHR_Company_Details¤PrismHR_Company_Details_C4484560" objectid="99" type="BASIC_LOGICAL_CONTAINER" value="59120adc-6bec-4eb0-9e38-5338c2f5cac6"/>
<objectids-entry key="Default zone¤PrismHR_Company_Details¤PrismHR_Company_Details_C4484560" objectid="100" type="HTTP_PAGE" value="87e375d9-c76b-454f-a89b-3af77a74b552"/>
<objectids-entry key="Default zone¤PrismHR_Company_Details¤PrismHR_Company_Details_C4484560" objectid="101" type="ACTION" value="e84149c4-9d73-4aea-ad0b-7bf10db33c99"/>
<objectids-entry key="Default zone¤PrismHR_Company_Details¤PrismHR_Company_Details_C4484560" objectid="102" type="BASIC_LOGICAL_CONTAINER" value="3b85317f-346e-4f7a-ab4f-6f19ab640170"/>
<objectids-entry key="Default zone¤PrismHR_Company_Details¤PrismHR_Company_Details_C4484560" objectid="103" type="HTTP_PAGE" value="96fe2bcf-468f-4b64-8bee-ecfc2694a4b8"/>
<objectids-entry key="Default zone¤PrismHR_Company_Details¤PrismHR_Company_Details_C4484560" objectid="104" type="ACTION" value="6e00f4f4-95ee-418e-bdc5-a80ab76aeaab"/>
<objectids-entry key="Default zone¤PrismHR_Company_Details¤PrismHR_Company_Details_C4484560" objectid="105" type="BASIC_LOGICAL_CONTAINER" value="988046d1-a806-4ab1-baf8-86677000db4d"/>
<objectids-entry key="Default zone¤PrismHR_Company_Details¤PrismHR_Company_Details_C4484560" objectid="106" type="HTTP_PAGE" value="7875b93b-ec53-47a7-acb3-386714708113"/>
<objectids-entry key="Default zone¤PrismHR_Company_Details¤PrismHR_Company_Details_C4484560" objectid="107" type="ACTION" value="0403a170-8a9b-4c0f-a0ad-6f3476e8a8a8"/>
<objectids-entry key="Default zone¤PrismHR_Company_Details¤PrismHR_Company_Details_C4484560" objectid="108" type="BASIC_LOGICAL_CONTAINER" value="bf29b4df-faef-4724-9f73-d2c9e0b8b567"/>
<objectids-entry key="Default zone¤PrismHR_Company_Details¤PrismHR_Company_Details_C4484560" objectid="109" type="HTTP_PAGE" value="565ad55c-154c-4538-81e5-1a0cb26a3188"/>
<objectids-entry key="Default zone¤PrismHR_Company_Details¤PrismHR_Company_Details_C4484560" objectid="110" type="ACTION" value="92b54500-65a5-4add-b905-b2ffbca116bb"/>
<objectids-entry key="Default zone¤PrismHR_Company_Details¤PrismHR_Company_Details_C4484560" objectid="111" type="HTTP_PAGE" value="8133c3a7-2892-4ffe-b24e-c57d87f8ca0d"/>
<objectids-entry key="Default zone¤PrismHR_Company_Details¤PrismHR_Company_Details_C4484560" objectid="112" type="ACTION" value="3f006a2d-eab9-4dd8-9840-cbdc1e2bb0e9"/>
<objectids-entry key="Default zone¤PrismHR_Company_Details¤PrismHR_Company_Details_C4484560" objectid="113" type="HTTP_PAGE" value="e30b1c45-f24a-4084-9290-d56e2a5522d8"/>
<objectids-entry key="Default zone¤PrismHR_Company_Details¤PrismHR_Company_Details_C4484560" objectid="114" type="ACTION" value="d18a2db0-59d7-4378-b44a-b43bf002e1ba"/>
<objectids-entry key="Default zone¤PrismHR_Company_Details¤PrismHR_Company_Details_C4484560" objectid="115" type="ACTION" value="47d03393-e388-4126-9757-cd92ab8f0af0"/>
<objectids-entry key="Default zone¤PrismHR_Company_Details¤PrismHR_Company_Details_C4484560" objectid="116" type="HTTP_PAGE" value="225cbe06-e21e-4af9-a291-1fdbebcbabb6"/>
<objectids-entry key="Default zone¤PrismHR_Company_Details¤PrismHR_Company_Details_C4484560" objectid="117" type="ACTION" value="e800fc57-5ffe-485e-9e28-0a47f340268a"/>
<objectids-entry key="Default zone¤PrismHR_Company_Details¤PrismHR_Company_Details_C4484560" objectid="118" type="BASIC_LOGICAL_CONTAINER" value="c688cc7b-4f85-44f0-b700-01de15f80eda"/>
<objectids-entry key="Default zone¤PrismHR_Company_Details¤PrismHR_Company_Details_C4484560" objectid="119" type="DELAY" value="da2617b4-2cea-4ac2-a98f-e79ff019474d"/>
<objectids-entry key="Default zone¤PrismHR_Company_Details¤PrismHR_Company_Details_C4484560" objectid="120" type="BASIC_LOGICAL_CONTAINER" value="$parent=PrismHR_Company_Details_C4484560;$index=2"/>
<objectids-entry key="Default zone¤PrismHR_Employee_Details¤" objectid="121" type="POPULATION" value="PrismHR_Employee_Details"/>
<objectids-entry key="Default zone¤PrismHR_Employee_Details¤PrismHR_Employee_Details_C4484610" objectid="122" type="VIRTUAL_USER" value="PrismHR_Employee_Details_C4484610"/>
<objectids-entry key="Default zone¤PrismHR_Employee_Details¤PrismHR_Employee_Details_C4484610" objectid="123" type="BASIC_LOGICAL_CONTAINER" value="$parent=PrismHR_Employee_Details_C4484610;$index=0"/>
<objectids-entry key="Default zone¤PrismHR_Employee_Details¤PrismHR_Employee_Details_C4484610" objectid="124" type="BASIC_LOGICAL_CONTAINER" value="$parent=PrismHR_Employee_Details_C4484610;$index=1"/>
<objectids-entry key="Default zone¤PrismHR_Employee_Details¤PrismHR_Employee_Details_C4484610" objectid="125" type="BASIC_LOGICAL_CONTAINER" value="2bb0513e-8ac2-4754-946f-1d24e45bd338"/>
<objectids-entry key="Default zone¤PrismHR_Employee_Details¤PrismHR_Employee_Details_C4484610" objectid="126" type="DELAY" value="53f7f70f-a14e-4f83-8c44-4a47bf0d5fe9"/>
<objectids-entry key="Default zone¤PrismHR_Employee_Details¤PrismHR_Employee_Details_C4484610" objectid="127" type="BASIC_LOGICAL_CONTAINER" value="acb22f01-8b34-444d-8d9e-b27e96f6f1c6"/>
<objectids-entry key="Default zone¤PrismHR_Employee_Details¤PrismHR_Employee_Details_C4484610" objectid="128" type="HTTP_PAGE" value="c0d3bb59-7a9f-43bb-bb8a-23c5b79b276f"/>
<objectids-entry key="Default zone¤PrismHR_Employee_Details¤PrismHR_Employee_Details_C4484610" objectid="129" type="ACTION" value="490a97a4-64b3-45da-8687-27de0fecde53"/>
<objectids-entry key="Default zone¤PrismHR_Employee_Details¤PrismHR_Employee_Details_C4484610" objectid="130" type="ACTION" value="c71b7757-0203-4899-bb5d-2b3b41deb1fe"/>
<objectids-entry key="Default zone¤PrismHR_Employee_Details¤PrismHR_Employee_Details_C4484610" objectid="131" type="ACTION" value="232524bd-63b2-4ecb-b5ca-cab9d51218a4"/>
<objectids-entry key="Default zone¤PrismHR_Employee_Details¤PrismHR_Employee_Details_C4484610" objectid="132" type="ACTION" value="585cb8dc-8253-46e9-be2e-8ad244210f83"/>
<objectids-entry key="Default zone¤PrismHR_Employee_Details¤PrismHR_Employee_Details_C4484610" objectid="133" type="ACTION" value="42a6cca7-59e7-4b48-8a5b-ce5b771655c1"/>
<objectids-entry key="Default zone¤PrismHR_Employee_Details¤PrismHR_Employee_Details_C4484610" objectid="134" type="ACTION" value="e69f017d-9f3f-49dd-ac8d-b22b352338b5"/>
<objectids-entry key="Default zone¤PrismHR_Employee_Details¤PrismHR_Employee_Details_C4484610" objectid="135" type="ACTION" value="52e85e40-3204-41ae-9073-eae0b9903909"/>
<objectids-entry key="Default zone¤PrismHR_Employee_Details¤PrismHR_Employee_Details_C4484610" objectid="136" type="ACTION" value="f3b40abd-025d-4c0d-a57c-c4fd273bf77c"/>
<objectids-entry key="Default zone¤PrismHR_Employee_Details¤PrismHR_Employee_Details_C4484610" objectid="137" type="ACTION" value="cecc7497-8a1a-4d43-9f05-b7b97dd79ed5"/>
<objectids-entry key="Default zone¤PrismHR_Employee_Details¤PrismHR_Employee_Details_C4484610" objectid="138" type="ACTION" value="7453e50b-37ee-4653-be21-299fbf988aca"/>
<objectids-entry key="Default zone¤PrismHR_Employee_Details¤PrismHR_Employee_Details_C4484610" objectid="139" type="ACTION" value="334d0b52-9396-4d15-a32a-fdde40892ca7"/>
<objectids-entry key="Default zone¤PrismHR_Employee_Details¤PrismHR_Employee_Details_C4484610" objectid="140" type="ACTION" value="9645c7fa-7d63-4607-b2a1-8ccdee3c499c"/>
<objectids-entry key="Default zone¤PrismHR_Employee_Details¤PrismHR_Employee_Details_C4484610" objectid="141" type="ACTION" value="22108235-ba22-4e4e-86f9-c6d41cffc7e8"/>
<objectids-entry key="Default zone¤PrismHR_Employee_Details¤PrismHR_Employee_Details_C4484610" objectid="142" type="ACTION" value="9139f38b-5fcd-4696-af75-9aaed02376fb"/>
<objectids-entry key="Default zone¤PrismHR_Employee_Details¤PrismHR_Employee_Details_C4484610" objectid="143" type="ACTION" value="54bdf088-0590-40d3-bd0a-d54439fd254a"/>
<objectids-entry key="Default zone¤PrismHR_Employee_Details¤PrismHR_Employee_Details_C4484610" objectid="144" type="ACTION" value="5d1178e8-60a9-4665-b8f6-fc5ef2daf565"/>
<objectids-entry key="Default zone¤PrismHR_Employee_Details¤PrismHR_Employee_Details_C4484610" objectid="145" type="ACTION" value="92638f55-e4bb-405e-81c9-23df6212e592"/>
<objectids-entry key="Default zone¤PrismHR_Employee_Details¤PrismHR_Employee_Details_C4484610" objectid="146" type="ACTION" value="0a07dbb2-8cda-4df9-8aa3-8e4829985d6d"/>
<objectids-entry key="Default zone¤PrismHR_Employee_Details¤PrismHR_Employee_Details_C4484610" objectid="147" type="ACTION" value="150e084b-1c62-4124-8a3e-def5049bc93a"/>
<objectids-entry key="Default zone¤PrismHR_Employee_Details¤PrismHR_Employee_Details_C4484610" objectid="148" type="ACTION" value="7d041981-9908-42fe-be5b-ab0efd4b2677"/>
<objectids-entry key="Default zone¤PrismHR_Employee_Details¤PrismHR_Employee_Details_C4484610" objectid="149" type="ACTION" value="b4d38301-e090-41ed-9956-a967e47e5a75"/>
<objectids-entry key="Default zone¤PrismHR_Employee_Details¤PrismHR_Employee_Details_C4484610" objectid="150" type="ACTION" value="a0c3984e-0777-4730-a4b8-7d49abd41cd2"/>
<objectids-entry key="Default zone¤PrismHR_Employee_Details¤PrismHR_Employee_Details_C4484610" objectid="151" type="ACTION" value="79d2af55-5525-4272-8224-e49c0372ac40"/>
<objectids-entry key="Default zone¤PrismHR_Employee_Details¤PrismHR_Employee_Details_C4484610" objectid="152" type="ACTION" value="87a70814-a8b6-44d0-be8f-be390ef1e700"/>
<objectids-entry key="Default zone¤PrismHR_Employee_Details¤PrismHR_Employee_Details_C4484610" objectid="153" type="ACTION" value="fe9b77a4-fa1d-411e-a410-e877dbcee187"/>
<objectids-entry key="Default zone¤PrismHR_Employee_Details¤PrismHR_Employee_Details_C4484610" objectid="154" type="ACTION" value="ea24db61-d55d-4657-96fe-3783dba863da"/>
<objectids-entry key="Default zone¤PrismHR_Employee_Details¤PrismHR_Employee_Details_C4484610" objectid="155" type="HTTP_PAGE" value="9397c75b-3bc0-4cc0-9077-ed48788d27f1"/>
<objectids-entry key="Default zone¤PrismHR_Employee_Details¤PrismHR_Employee_Details_C4484610" objectid="156" type="ACTION" value="e3c8b1e4-7bc9-49f6-b59a-02e990574cec"/>
<objectids-entry key="Default zone¤PrismHR_Employee_Details¤PrismHR_Employee_Details_C4484610" objectid="157" type="ACTION" value="8199fa4f-0fb6-41ae-85b9-c736e56dec49"/>
<objectids-entry key="Default zone¤PrismHR_Employee_Details¤PrismHR_Employee_Details_C4484610" objectid="158" type="HTTP_PAGE" value="d0b073bd-5b8b-4aaf-ab58-486fce359f1d"/>
<objectids-entry key="Default zone¤PrismHR_Employee_Details¤PrismHR_Employee_Details_C4484610" objectid="159" type="ACTION" value="3b2d0b95-579e-491e-866c-6505dd1d822b"/>
<objectids-entry key="Default zone¤PrismHR_Employee_Details¤PrismHR_Employee_Details_C4484610" objectid="160" type="ACTION" value="92b1ee08-c531-407b-9259-eb5b1311c49c"/>
<objectids-entry key="Default zone¤PrismHR_Employee_Details¤PrismHR_Employee_Details_C4484610" objectid="161" type="ACTION" value="7f4d382b-8abb-452b-981e-5d39766aa2e5"/>
<objectids-entry key="Default zone¤PrismHR_Employee_Details¤PrismHR_Employee_Details_C4484610" objectid="162" type="BASIC_LOGICAL_CONTAINER" value="e468ee28-98ca-41ae-a60b-d60739ef2232"/>
<objectids-entry key="Default zone¤PrismHR_Employee_Details¤PrismHR_Employee_Details_C4484610" objectid="163" type="HTTP_PAGE" value="674ec835-e52e-411c-b0d8-8e8d3e5d3226"/>
<objectids-entry key="Default zone¤PrismHR_Employee_Details¤PrismHR_Employee_Details_C4484610" objectid="164" type="ACTION" value="c6ce1fa9-4911-4f9c-a5be-2ba459d13e7f"/>
<objectids-entry key="Default zone¤PrismHR_Employee_Details¤PrismHR_Employee_Details_C4484610" objectid="165" type="ACTION" value="14b56742-c25d-4d41-8c27-09403ff3be60"/>
<objectids-entry key="Default zone¤PrismHR_Employee_Details¤PrismHR_Employee_Details_C4484610" objectid="166" type="ACTION" value="5afa3c68-330f-4fbe-8c49-b5d995856e2b"/>
<objectids-entry key="Default zone¤PrismHR_Employee_Details¤PrismHR_Employee_Details_C4484610" objectid="167" type="ACTION" value="b7d719f5-91f6-4bc9-a9a5-ff79e0d72a1d"/>
<objectids-entry key="Default zone¤PrismHR_Employee_Details¤PrismHR_Employee_Details_C4484610" objectid="168" type="ACTION" value="e4204dc0-4818-4387-84ce-c55b6aa5bf69"/>
<objectids-entry key="Default zone¤PrismHR_Employee_Details¤PrismHR_Employee_Details_C4484610" objectid="169" type="ACTION" value="4848c026-d7f1-490c-afb5-43cb7ac0922a"/>
<objectids-entry key="Default zone¤PrismHR_Employee_Details¤PrismHR_Employee_Details_C4484610" objectid="170" type="ACTION" value="e22d6f9e-c05d-497a-8f48-6d0f504c65fb"/>
<objectids-entry key="Default zone¤PrismHR_Employee_Details¤PrismHR_Employee_Details_C4484610" objectid="171" type="ACTION" value="7ba5a52b-8279-47cc-943a-c36d8e252644"/>
<objectids-entry key="Default zone¤PrismHR_Employee_Details¤PrismHR_Employee_Details_C4484610" objectid="172" type="ACTION" value="e5555205-b8a7-4c49-bd73-9a33441e53c5"/>
<objectids-entry key="Default zone¤PrismHR_Employee_Details¤PrismHR_Employee_Details_C4484610" objectid="173" type="ACTION" value="c7a53d28-20ec-4620-9084-f975a8f1d976"/>
<objectids-entry key="Default zone¤PrismHR_Employee_Details¤PrismHR_Employee_Details_C4484610" objectid="174" type="ACTION" value="30760ee0-b1f2-4401-a382-ca3a90af841a"/>
<objectids-entry key="Default zone¤PrismHR_Employee_Details¤PrismHR_Employee_Details_C4484610" objectid="175" type="ACTION" value="38a56c86-8551-4757-a3d6-a7ef20105b4c"/>
<objectids-entry key="Default zone¤PrismHR_Employee_Details¤PrismHR_Employee_Details_C4484610" objectid="176" type="ACTION" value="17498bfd-7116-4a5a-a740-e3c2ad4fc23e"/>
<objectids-entry key="Default zone¤PrismHR_Employee_Details¤PrismHR_Employee_Details_C4484610" objectid="177" type="ACTION" value="3d1db2e1-ffea-42c9-a640-e191d5b651f0"/>
<objectids-entry key="Default zone¤PrismHR_Employee_Details¤PrismHR_Employee_Details_C4484610" objectid="178" type="ACTION" value="f81709e7-fb6c-4a76-9050-c5945d59fe13"/>
<objectids-entry key="Default zone¤PrismHR_Employee_Details¤PrismHR_Employee_Details_C4484610" objectid="179" type="ACTION" value="f24a1c4b-a026-45ef-8845-124f8e58d3ed"/>
<objectids-entry key="Default zone¤PrismHR_Employee_Details¤PrismHR_Employee_Details_C4484610" objectid="180" type="ACTION" value="dd68d4c7-8914-40ed-ac5d-7ce124a755b6"/>
<objectids-entry key="Default zone¤PrismHR_Employee_Details¤PrismHR_Employee_Details_C4484610" objectid="181" type="HTTP_PAGE" value="3228e102-b998-4c69-8efb-6a7d9f3aa364"/>
<objectids-entry key="Default zone¤PrismHR_Employee_Details¤PrismHR_Employee_Details_C4484610" objectid="182" type="ACTION" value="be96726f-2448-4ac5-8368-50581119130d"/>
<objectids-entry key="Default zone¤PrismHR_Employee_Details¤PrismHR_Employee_Details_C4484610" objectid="183" type="BASIC_LOGICAL_CONTAINER" value="44a83bca-e6bc-435e-81e3-7be3f80ba20e"/>
<objectids-entry key="Default zone¤PrismHR_Employee_Details¤PrismHR_Employee_Details_C4484610" objectid="184" type="HTTP_PAGE" value="aa29c07a-d69f-48aa-8272-8b43493a9e81"/>
<objectids-entry key="Default zone¤PrismHR_Employee_Details¤PrismHR_Employee_Details_C4484610" objectid="185" type="ACTION" value="22e064cb-ae22-4531-bba9-2b6e2492aa9c"/>
<objectids-entry key="Default zone¤PrismHR_Employee_Details¤PrismHR_Employee_Details_C4484610" objectid="186" type="BASIC_LOGICAL_CONTAINER" value="2a06c092-f41d-46bf-86b5-31834636eb8e"/>
<objectids-entry key="Default zone¤PrismHR_Employee_Details¤PrismHR_Employee_Details_C4484610" objectid="187" type="HTTP_PAGE" value="7909e43b-6357-4b76-ab20-b54800d78ddf"/>
<objectids-entry key="Default zone¤PrismHR_Employee_Details¤PrismHR_Employee_Details_C4484610" objectid="188" type="ACTION" value="0100636d-40a7-4987-92d0-5f1d8ea937dc"/>
<objectids-entry key="Default zone¤PrismHR_Employee_Details¤PrismHR_Employee_Details_C4484610" objectid="189" type="HTTP_PAGE" value="78d81462-4e28-4097-bb9a-80926f8c60c1"/>
<objectids-entry key="Default zone¤PrismHR_Employee_Details¤PrismHR_Employee_Details_C4484610" objectid="190" type="ACTION" value="74e5ab33-e480-4a22-ae16-077ea6a13ff2"/>
<objectids-entry key="Default zone¤PrismHR_Employee_Details¤PrismHR_Employee_Details_C4484610" objectid="191" type="BASIC_LOGICAL_CONTAINER" value="2549d307-5606-489e-9154-65b7e8e49c0d"/>
<objectids-entry key="Default zone¤PrismHR_Employee_Details¤PrismHR_Employee_Details_C4484610" objectid="192" type="HTTP_PAGE" value="88f28336-5a6c-4188-bdb6-3c44fb2600a1"/>
<objectids-entry key="Default zone¤PrismHR_Employee_Details¤PrismHR_Employee_Details_C4484610" objectid="193" type="ACTION" value="bf66ed04-176d-46fb-acf6-8c1b024c38cf"/>
<objectids-entry key="Default zone¤PrismHR_Employee_Details¤PrismHR_Employee_Details_C4484610" objectid="194" type="HTTP_PAGE" value="36a00e84-02b0-4655-be76-5441bcb42ec9"/>
<objectids-entry key="Default zone¤PrismHR_Employee_Details¤PrismHR_Employee_Details_C4484610" objectid="195" type="ACTION" value="84b523ed-7efa-4c06-8793-7bb9ea06e115"/>
<objectids-entry key="Default zone¤PrismHR_Employee_Details¤PrismHR_Employee_Details_C4484610" objectid="196" type="BASIC_LOGICAL_CONTAINER" value="b96e2f50-055a-4319-8153-3777609738de"/>
<objectids-entry key="Default zone¤PrismHR_Employee_Details¤PrismHR_Employee_Details_C4484610" objectid="197" type="HTTP_PAGE" value="1b13812a-f925-4cc7-8ac5-77ccb28cbac1"/>
<objectids-entry key="Default zone¤PrismHR_Employee_Details¤PrismHR_Employee_Details_C4484610" objectid="198" type="ACTION" value="fd82096e-667c-49a5-b44a-95a94794755c"/>
<objectids-entry key="Default zone¤PrismHR_Employee_Details¤PrismHR_Employee_Details_C4484610" objectid="199" type="HTTP_PAGE" value="9f2d91a3-e42a-452b-adae-d62b72e28d06"/>
<objectids-entry key="Default zone¤PrismHR_Employee_Details¤PrismHR_Employee_Details_C4484610" objectid="200" type="ACTION" value="e3697a09-cf1a-4c29-8e6f-75866e3b66c1"/>
<objectids-entry key="Default zone¤PrismHR_Employee_Details¤PrismHR_Employee_Details_C4484610" objectid="201" type="ACTION" value="6e922c91-59fc-436d-a4c7-3edf28cd6c4c"/>
<objectids-entry key="Default zone¤PrismHR_Employee_Details¤PrismHR_Employee_Details_C4484610" objectid="202" type="HTTP_PAGE" value="703ba813-77e6-4a4e-b153-3330fe29ce1f"/>
<objectids-entry key="Default zone¤PrismHR_Employee_Details¤PrismHR_Employee_Details_C4484610" objectid="203" type="ACTION" value="57b3c052-ffdb-48a1-8fc3-f671abe41ad6"/>
<objectids-entry key="Default zone¤PrismHR_Employee_Details¤PrismHR_Employee_Details_C4484610" objectid="204" type="BASIC_LOGICAL_CONTAINER" value="40ebfb99-a250-4a25-9aab-aafe8459c0a7"/>
<objectids-entry key="Default zone¤PrismHR_Employee_Details¤PrismHR_Employee_Details_C4484610" objectid="205" type="HTTP_PAGE" value="bb43715a-7989-4615-ae0d-3579de5a84fc"/>
<objectids-entry key="Default zone¤PrismHR_Employee_Details¤PrismHR_Employee_Details_C4484610" objectid="206" type="ACTION" value="4c8fd2b5-8817-4da7-b4fc-a0ab9f2f0cc1"/>
<objectids-entry key="Default zone¤PrismHR_Employee_Details¤PrismHR_Employee_Details_C4484610" objectid="207" type="HTTP_PAGE" value="68086819-51e4-4e5e-a04d-400adfdac3de"/>
<objectids-entry key="Default zone¤PrismHR_Employee_Details¤PrismHR_Employee_Details_C4484610" objectid="208" type="ACTION" value="986af3e4-e435-4d6f-bdaf-5bbb80a277ad"/>
<objectids-entry key="Default zone¤PrismHR_Employee_Details¤PrismHR_Employee_Details_C4484610" objectid="209" type="HTTP_PAGE" value="971afbed-6d65-4d52-95bb-39dd74ea10e1"/>
<objectids-entry key="Default zone¤PrismHR_Employee_Details¤PrismHR_Employee_Details_C4484610" objectid="210" type="ACTION" value="3431d725-33cf-4789-821f-774bc5b9c267"/>
<objectids-entry key="Default zone¤PrismHR_Employee_Details¤PrismHR_Employee_Details_C4484610" objectid="211" type="HTTP_PAGE" value="cd9fe8a7-06b1-4bbc-8c8e-f415af7ef871"/>
<objectids-entry key="Default zone¤PrismHR_Employee_Details¤PrismHR_Employee_Details_C4484610" objectid="212" type="ACTION" value="dceec3e1-7169-4227-a6e2-f2250032034b"/>
<objectids-entry key="Default zone¤PrismHR_Employee_Details¤PrismHR_Employee_Details_C4484610" objectid="213" type="HTTP_PAGE" value="f1f37339-3e40-4c3f-894b-de377f822e85"/>
<objectids-entry key="Default zone¤PrismHR_Employee_Details¤PrismHR_Employee_Details_C4484610" objectid="214" type="ACTION" value="3da8b5e2-a4f9-483f-80f6-ba55fe4e6064"/>
<objectids-entry key="Default zone¤PrismHR_Employee_Details¤PrismHR_Employee_Details_C4484610" objectid="215" type="HTTP_PAGE" value="e254bcde-7055-4e41-a758-d37e34ccf505"/>
<objectids-entry key="Default zone¤PrismHR_Employee_Details¤PrismHR_Employee_Details_C4484610" objectid="216" type="ACTION" value="003bedc6-b9f6-4a94-b797-6ee62691e209"/>
<objectids-entry key="Default zone¤PrismHR_Employee_Details¤PrismHR_Employee_Details_C4484610" objectid="217" type="ACTION" value="5fd84b02-41fa-4e72-8596-3357a465e6d5"/>
<objectids-entry key="Default zone¤PrismHR_Employee_Details¤PrismHR_Employee_Details_C4484610" objectid="218" type="ACTION" value="c0b9cb59-fd70-43b6-9c59-d89186a6a202"/>
<objectids-entry key="Default zone¤PrismHR_Employee_Details¤PrismHR_Employee_Details_C4484610" objectid="219" type="ACTION" value="490a4f86-c568-4594-af65-bd284d1a8da2"/>
<objectids-entry key="Default zone¤PrismHR_Employee_Details¤PrismHR_Employee_Details_C4484610" objectid="220" type="ACTION" value="725df142-569f-4c85-be27-11cc1ec5e7ed"/>
<objectids-entry key="Default zone¤PrismHR_Employee_Details¤PrismHR_Employee_Details_C4484610" objectid="221" type="ACTION" value="0592a375-e193-41f3-864c-be4f729902be"/>
<objectids-entry key="Default zone¤PrismHR_Employee_Details¤PrismHR_Employee_Details_C4484610" objectid="222" type="ACTION" value="33a6befb-8825-4010-8089-0627fe8e2d45"/>
<objectids-entry key="Default zone¤PrismHR_Employee_Details¤PrismHR_Employee_Details_C4484610" objectid="223" type="ACTION" value="ce61853a-3f38-4161-8d2d-89ee9a853eb1"/>
<objectids-entry key="Default zone¤PrismHR_Employee_Details¤PrismHR_Employee_Details_C4484610" objectid="224" type="ACTION" value="626cb79c-0b8a-416b-b62d-3d188044228a"/>
<objectids-entry key="Default zone¤PrismHR_Employee_Details¤PrismHR_Employee_Details_C4484610" objectid="225" type="ACTION" value="94768cc7-baaf-4827-a82d-a107637c2f51"/>
<objectids-entry key="Default zone¤PrismHR_Employee_Details¤PrismHR_Employee_Details_C4484610" objectid="226" type="ACTION" value="6530bf98-1793-45bc-85b6-3583c8c78daf"/>
<objectids-entry key="Default zone¤PrismHR_Employee_Details¤PrismHR_Employee_Details_C4484610" objectid="227" type="ACTION" value="1cac53f6-cb9a-4642-b9c3-8c7b85460bd1"/>
<objectids-entry key="Default zone¤PrismHR_Employee_Details¤PrismHR_Employee_Details_C4484610" objectid="228" type="ACTION" value="883ff047-01a1-474b-8740-eda70ddf5883"/>
<objectids-entry key="Default zone¤PrismHR_Employee_Details¤PrismHR_Employee_Details_C4484610" objectid="229" type="ACTION" value="5a3afb0f-5800-4e57-b63a-2ef499251820"/>
<objectids-entry key="Default zone¤PrismHR_Employee_Details¤PrismHR_Employee_Details_C4484610" objectid="230" type="HTTP_PAGE" value="82ca98c2-d652-497d-b2a6-31de9a52d280"/>
<objectids-entry key="Default zone¤PrismHR_Employee_Details¤PrismHR_Employee_Details_C4484610" objectid="231" type="ACTION" value="dd482614-54e0-4f2c-96a5-99414bc7d906"/>
<objectids-entry key="Default zone¤PrismHR_Employee_Details¤PrismHR_Employee_Details_C4484610" objectid="232" type="BASIC_LOGICAL_CONTAINER" value="1bfa324c-4c7d-4e31-b30b-6d8bcccb6f10"/>
<objectids-entry key="Default zone¤PrismHR_Employee_Details¤PrismHR_Employee_Details_C4484610" objectid="233" type="HTTP_PAGE" value="1d012629-6655-4169-9336-ae3794663412"/>
<objectids-entry key="Default zone¤PrismHR_Employee_Details¤PrismHR_Employee_Details_C4484610" objectid="234" type="ACTION" value="fc707be8-15bf-43dd-9fff-4b0b37744255"/>
<objectids-entry key="Default zone¤PrismHR_Employee_Details¤PrismHR_Employee_Details_C4484610" objectid="235" type="HTTP_PAGE" value="816227df-3978-472e-974e-5835598d04c3"/>
<objectids-entry key="Default zone¤PrismHR_Employee_Details¤PrismHR_Employee_Details_C4484610" objectid="236" type="ACTION" value="60b5103a-be4d-4aea-ac13-29470fd22e91"/>
<objectids-entry key="Default zone¤PrismHR_Employee_Details¤PrismHR_Employee_Details_C4484610" objectid="237" type="HTTP_PAGE" value="23c0f2e1-d216-4e5f-8c88-fa6b1e72ba93"/>
<objectids-entry key="Default zone¤PrismHR_Employee_Details¤PrismHR_Employee_Details_C4484610" objectid="238" type="ACTION" value="c9767ab1-b62b-4b2e-a3d9-33a0b558a0f5"/>
<objectids-entry key="Default zone¤PrismHR_Employee_Details¤PrismHR_Employee_Details_C4484610" objectid="239" type="ACTION" value="b4b838c9-2f31-4741-8dba-d61e3219e383"/>
<objectids-entry key="Default zone¤PrismHR_Employee_Details¤PrismHR_Employee_Details_C4484610" objectid="240" type="BASIC_LOGICAL_CONTAINER" value="561b0205-90a9-4b6e-b7a9-6b58c239f4b1"/>
<objectids-entry key="Default zone¤PrismHR_Employee_Details¤PrismHR_Employee_Details_C4484610" objectid="241" type="HTTP_PAGE" value="9e71e656-7d52-4653-a33a-3cc83e756af1"/>
<objectids-entry key="Default zone¤PrismHR_Employee_Details¤PrismHR_Employee_Details_C4484610" objectid="242" type="ACTION" value="1d1f499c-044c-4369-98a7-6ea6a9b1ad81"/>
<objectids-entry key="Default zone¤PrismHR_Employee_Details¤PrismHR_Employee_Details_C4484610" objectid="243" type="BASIC_LOGICAL_CONTAINER" value="dd8d911f-4d6e-45c1-8485-e4624ded716f"/>
<objectids-entry key="Default zone¤PrismHR_Employee_Details¤PrismHR_Employee_Details_C4484610" objectid="244" type="HTTP_PAGE" value="e8ddc33d-3d1a-47c8-848d-a5fc92e2ed16"/>
<objectids-entry key="Default zone¤PrismHR_Employee_Details¤PrismHR_Employee_Details_C4484610" objectid="245" type="ACTION" value="ddb0ac4b-94e9-4ce2-a509-9ecc1bdefcd5"/>
<objectids-entry key="Default zone¤PrismHR_Employee_Details¤PrismHR_Employee_Details_C4484610" objectid="246" type="BASIC_LOGICAL_CONTAINER" value="e0852bf6-29d7-4071-ac55-687e9e4c8e29"/>
<objectids-entry key="Default zone¤PrismHR_Employee_Details¤PrismHR_Employee_Details_C4484610" objectid="247" type="HTTP_PAGE" value="f343256c-fcb1-40ad-88e7-f6d361559663"/>
<objectids-entry key="Default zone¤PrismHR_Employee_Details¤PrismHR_Employee_Details_C4484610" objectid="248" type="ACTION" value="57b9b665-a756-4049-8042-7b01cffcdcd4"/>
<objectids-entry key="Default zone¤PrismHR_Employee_Details¤PrismHR_Employee_Details_C4484610" objectid="249" type="BASIC_LOGICAL_CONTAINER" value="dad333b5-0331-4399-9e0b-8126a0e4697b"/>
<objectids-entry key="Default zone¤PrismHR_Employee_Details¤PrismHR_Employee_Details_C4484610" objectid="250" type="HTTP_PAGE" value="8e2b4260-b90b-46bc-9e9a-d9d9be9c7025"/>
<objectids-entry key="Default zone¤PrismHR_Employee_Details¤PrismHR_Employee_Details_C4484610" objectid="251" type="ACTION" value="8d59c6b7-95ac-4bd0-9209-b256bed4be17"/>
<objectids-entry key="Default zone¤PrismHR_Employee_Details¤PrismHR_Employee_Details_C4484610" objectid="252" type="BASIC_LOGICAL_CONTAINER" value="a72deaff-067e-472b-86ea-742f301ff6f7"/>
<objectids-entry key="Default zone¤PrismHR_Employee_Details¤PrismHR_Employee_Details_C4484610" objectid="253" type="HTTP_PAGE" value="b04b59af-b86e-4b80-b703-81c9b1430bbb"/>
<objectids-entry key="Default zone¤PrismHR_Employee_Details¤PrismHR_Employee_Details_C4484610" objectid="254" type="ACTION" value="cbc07577-3c79-42f5-a44f-5f32d8284245"/>
<objectids-entry key="Default zone¤PrismHR_Employee_Details¤PrismHR_Employee_Details_C4484610" objectid="255" type="ACTION" value="261ce0fd-69d4-4040-a963-ca71845c4234"/>
<objectids-entry key="Default zone¤PrismHR_Employee_Details¤PrismHR_Employee_Details_C4484610" objectid="256" type="ACTION" value="b8c7b330-cd7c-4895-b2d8-472b394c4e3e"/>
<objectids-entry key="Default zone¤PrismHR_Employee_Details¤PrismHR_Employee_Details_C4484610" objectid="257" type="BASIC_LOGICAL_CONTAINER" value="e66be8a4-4b84-4630-839e-b994ca423ba6"/>
<objectids-entry key="Default zone¤PrismHR_Employee_Details¤PrismHR_Employee_Details_C4484610" objectid="258" type="HTTP_PAGE" value="91e69c34-abea-42c0-9500-1ae233383947"/>
<objectids-entry key="Default zone¤PrismHR_Employee_Details¤PrismHR_Employee_Details_C4484610" objectid="259" type="ACTION" value="00adb63e-f5e7-4a15-a209-8b5cf1930f62"/>
<objectids-entry key="Default zone¤PrismHR_Employee_Details¤PrismHR_Employee_Details_C4484610" objectid="260" type="BASIC_LOGICAL_CONTAINER" value="5b320837-39fa-4f88-b071-febf8402c275"/>
<objectids-entry key="Default zone¤PrismHR_Employee_Details¤PrismHR_Employee_Details_C4484610" objectid="261" type="HTTP_PAGE" value="5e65d32c-29c4-415e-aa59-254ddb7be486"/>
<objectids-entry key="Default zone¤PrismHR_Employee_Details¤PrismHR_Employee_Details_C4484610" objectid="262" type="ACTION" value="6a5a05d2-8323-4232-b9bd-bc393c751ce9"/>
<objectids-entry key="Default zone¤PrismHR_Employee_Details¤PrismHR_Employee_Details_C4484610" objectid="263" type="BASIC_LOGICAL_CONTAINER" value="47725452-d278-445f-bfe2-eed39f35770e"/>
<objectids-entry key="Default zone¤PrismHR_Employee_Details¤PrismHR_Employee_Details_C4484610" objectid="264" type="HTTP_PAGE" value="c1e74a3a-8d9c-4dcc-bae7-351ba7eac809"/>
<objectids-entry key="Default zone¤PrismHR_Employee_Details¤PrismHR_Employee_Details_C4484610" objectid="265" type="ACTION" value="b80f5c74-7b50-4ef2-a2e6-ad23b3fb7f19"/>
<objectids-entry key="Default zone¤PrismHR_Employee_Details¤PrismHR_Employee_Details_C4484610" objectid="266" type="ACTION" value="e0c157f1-6773-4adc-b84b-f6adc2702693"/>
<objectids-entry key="Default zone¤PrismHR_Employee_Details¤PrismHR_Employee_Details_C4484610" objectid="267" type="BASIC_LOGICAL_CONTAINER" value="63c47fd5-6b08-4431-beeb-3a9e46af0eb0"/>
<objectids-entry key="Default zone¤PrismHR_Employee_Details¤PrismHR_Employee_Details_C4484610" objectid="268" type="HTTP_PAGE" value="77589459-4ae1-4fd7-ab2a-3619c5926111"/>
<objectids-entry key="Default zone¤PrismHR_Employee_Details¤PrismHR_Employee_Details_C4484610" objectid="269" type="ACTION" value="4071f300-660d-47f4-b684-08d5767eb42e"/>
<objectids-entry key="Default zone¤PrismHR_Employee_Details¤PrismHR_Employee_Details_C4484610" objectid="270" type="HTTP_PAGE" value="733fab3f-a275-4de0-b00b-24d4c85486f2"/>
<objectids-entry key="Default zone¤PrismHR_Employee_Details¤PrismHR_Employee_Details_C4484610" objectid="271" type="ACTION" value="ad0b9bf6-3fca-433b-a51c-71542e876397"/>
<objectids-entry key="Default zone¤PrismHR_Employee_Details¤PrismHR_Employee_Details_C4484610" objectid="272" type="HTTP_PAGE" value="1cfe4b42-b76a-484a-a88f-b76b9c72dab3"/>
<objectids-entry key="Default zone¤PrismHR_Employee_Details¤PrismHR_Employee_Details_C4484610" objectid="273" type="ACTION" value="7a029d4b-3bd5-4106-8d15-3b2f9e9d8de6"/>
<objectids-entry key="Default zone¤PrismHR_Employee_Details¤PrismHR_Employee_Details_C4484610" objectid="274" type="ACTION" value="05114b8d-2453-4120-b611-426fc67ce76d"/>
<objectids-entry key="Default zone¤PrismHR_Employee_Details¤PrismHR_Employee_Details_C4484610" objectid="275" type="HTTP_PAGE" value="3c0b4c2f-6b23-49b2-940f-192e7440ade9"/>
<objectids-entry key="Default zone¤PrismHR_Employee_Details¤PrismHR_Employee_Details_C4484610" objectid="276" type="ACTION" value="21a470fb-06f5-4534-9cdc-588113e0c8d9"/>
<objectids-entry key="Default zone¤PrismHR_Employee_Details¤PrismHR_Employee_Details_C4484610" objectid="277" type="BASIC_LOGICAL_CONTAINER" value="19e8a2a7-67ea-45f2-b8f6-694a601471d2"/>
<objectids-entry key="Default zone¤PrismHR_Employee_Details¤PrismHR_Employee_Details_C4484610" objectid="278" type="DELAY" value="c8f8cff8-6abc-4039-8ac8-460a9681e481"/>
<objectids-entry key="Default zone¤PrismHR_Employee_Details¤PrismHR_Employee_Details_C4484610" objectid="279" type="BASIC_LOGICAL_CONTAINER" value="$parent=PrismHR_Employee_Details_C4484610;$index=2"/>
<objectids-entry key="Default zone¤PrismHR_Total_Compentation¤" objectid="280" type="POPULATION" value="PrismHR_Total_Compentation"/>
<objectids-entry key="Default zone¤PrismHR_Total_Compentation¤PrismHR_Total_Compensation_C4635754" objectid="281" type="VIRTUAL_USER" value="PrismHR_Total_Compensation_C4635754"/>
<objectids-entry key="Default zone¤PrismHR_Total_Compentation¤PrismHR_Total_Compensation_C4635754" objectid="282" type="BASIC_LOGICAL_CONTAINER" value="$parent=PrismHR_Total_Compensation_C4635754;$index=0"/>
<objectids-entry key="Default zone¤PrismHR_Total_Compentation¤PrismHR_Total_Compensation_C4635754" objectid="283" type="BASIC_LOGICAL_CONTAINER" value="$parent=PrismHR_Total_Compensation_C4635754;$index=1"/>
<objectids-entry key="Default zone¤PrismHR_Total_Compentation¤PrismHR_Total_Compensation_C4635754" objectid="284" type="BASIC_LOGICAL_CONTAINER" value="93324b01-494f-4c5a-9f05-7b38063247a7"/>
<objectids-entry key="Default zone¤PrismHR_Total_Compentation¤PrismHR_Total_Compensation_C4635754" objectid="285" type="DELAY" value="fb0ad62f-de9e-4268-8194-5de4548e12a2"/>
<objectids-entry key="Default zone¤PrismHR_Total_Compentation¤PrismHR_Total_Compensation_C4635754" objectid="286" type="BASIC_LOGICAL_CONTAINER" value="e577ed6a-ee95-4b3b-82d9-395f9ae1ca3e"/>
<objectids-entry key="Default zone¤PrismHR_Total_Compentation¤PrismHR_Total_Compensation_C4635754" objectid="287" type="HTTP_PAGE" value="db36ee69-c56c-4a04-9554-4c2e04089acf"/>
<objectids-entry key="Default zone¤PrismHR_Total_Compentation¤PrismHR_Total_Compensation_C4635754" objectid="288" type="ACTION" value="c471bd21-cced-4a74-bb0c-05d5f7c0442c"/>
<objectids-entry key="Default zone¤PrismHR_Total_Compentation¤PrismHR_Total_Compensation_C4635754" objectid="289" type="ACTION" value="c139a367-880e-42a1-8ce3-96cc7703d8ba"/>
<objectids-entry key="Default zone¤PrismHR_Total_Compentation¤PrismHR_Total_Compensation_C4635754" objectid="290" type="ACTION" value="a9a95d83-f5c9-4ef0-ac98-cbabb1ba4a33"/>
<objectids-entry key="Default zone¤PrismHR_Total_Compentation¤PrismHR_Total_Compensation_C4635754" objectid="291" type="ACTION" value="857e9a52-74cf-49e1-a8f2-aee8538dc9fa"/>
<objectids-entry key="Default zone¤PrismHR_Total_Compentation¤PrismHR_Total_Compensation_C4635754" objectid="292" type="ACTION" value="c7201272-f903-413d-ab46-5d2e884c4542"/>
<objectids-entry key="Default zone¤PrismHR_Total_Compentation¤PrismHR_Total_Compensation_C4635754" objectid="293" type="ACTION" value="046502c7-9e3f-4609-a35c-3987d11d2ad9"/>
<objectids-entry key="Default zone¤PrismHR_Total_Compentation¤PrismHR_Total_Compensation_C4635754" objectid="294" type="ACTION" value="d22cc4de-e083-41c8-8e28-e1d0fee57bf7"/>
<objectids-entry key="Default zone¤PrismHR_Total_Compentation¤PrismHR_Total_Compensation_C4635754" objectid="295" type="ACTION" value="ce3e0e0d-f017-42de-b234-598e0f9b2e34"/>
<objectids-entry key="Default zone¤PrismHR_Total_Compentation¤PrismHR_Total_Compensation_C4635754" objectid="296" type="ACTION" value="8c09d872-f031-4a09-b1f6-a8fb75161db6"/>
<objectids-entry key="Default zone¤PrismHR_Total_Compentation¤PrismHR_Total_Compensation_C4635754" objectid="297" type="ACTION" value="b5ac06ba-cf0a-4e88-ae43-7b419667c29c"/>
<objectids-entry key="Default zone¤PrismHR_Total_Compentation¤PrismHR_Total_Compensation_C4635754" objectid="298" type="ACTION" value="d8770bf6-bb3f-42ee-8a19-51f0eb5bb87f"/>
<objectids-entry key="Default zone¤PrismHR_Total_Compentation¤PrismHR_Total_Compensation_C4635754" objectid="299" type="ACTION" value="be6fcc3a-4892-447a-ba34-e645f223597a"/>
<objectids-entry key="Default zone¤PrismHR_Total_Compentation¤PrismHR_Total_Compensation_C4635754" objectid="300" type="ACTION" value="f2bae13b-2840-4579-88d3-094bc7daec4f"/>
<objectids-entry key="Default zone¤PrismHR_Total_Compentation¤PrismHR_Total_Compensation_C4635754" objectid="301" type="ACTION" value="46786afa-8778-44e1-af9c-c876608c9997"/>
<objectids-entry key="Default zone¤PrismHR_Total_Compentation¤PrismHR_Total_Compensation_C4635754" objectid="302" type="ACTION" value="f8e47c2a-f6e0-4d11-8f63-86b107e71468"/>
<objectids-entry key="Default zone¤PrismHR_Total_Compentation¤PrismHR_Total_Compensation_C4635754" objectid="303" type="ACTION" value="63d0b147-39f9-4058-8b30-8c9dbf652cce"/>
<objectids-entry key="Default zone¤PrismHR_Total_Compentation¤PrismHR_Total_Compensation_C4635754" objectid="304" type="ACTION" value="4ea44fc4-3b1d-43be-8572-8aa0ea8f8375"/>
<objectids-entry key="Default zone¤PrismHR_Total_Compentation¤PrismHR_Total_Compensation_C4635754" objectid="305" type="ACTION" value="c18cf0ab-67cd-4d8b-8575-0add42890367"/>
<objectids-entry key="Default zone¤PrismHR_Total_Compentation¤PrismHR_Total_Compensation_C4635754" objectid="306" type="ACTION" value="39ea1a72-e368-4650-a82e-29f14c176423"/>
<objectids-entry key="Default zone¤PrismHR_Total_Compentation¤PrismHR_Total_Compensation_C4635754" objectid="307" type="ACTION" value="93fbcff2-92f6-47c2-a872-05feda1983fc"/>
<objectids-entry key="Default zone¤PrismHR_Total_Compentation¤PrismHR_Total_Compensation_C4635754" objectid="308" type="ACTION" value="f1db63aa-f447-4796-bafc-12d857fd1a7a"/>
<objectids-entry key="Default zone¤PrismHR_Total_Compentation¤PrismHR_Total_Compensation_C4635754" objectid="309" type="ACTION" value="6091d250-519a-42c4-be1a-9891c379331b"/>
<objectids-entry key="Default zone¤PrismHR_Total_Compentation¤PrismHR_Total_Compensation_C4635754" objectid="310" type="ACTION" value="30028d5f-0e6e-46c5-b40c-1debff4f7a84"/>
<objectids-entry key="Default zone¤PrismHR_Total_Compentation¤PrismHR_Total_Compensation_C4635754" objectid="311" type="ACTION" value="4beac6e5-00b7-4cb1-be21-858ec043f211"/>
<objectids-entry key="Default zone¤PrismHR_Total_Compentation¤PrismHR_Total_Compensation_C4635754" objectid="312" type="ACTION" value="065e2796-cb14-4fbd-8123-b9066983d3d9"/>
<objectids-entry key="Default zone¤PrismHR_Total_Compentation¤PrismHR_Total_Compensation_C4635754" objectid="313" type="ACTION" value="380203bc-704c-4de5-96b5-bac9d4e99312"/>
<objectids-entry key="Default zone¤PrismHR_Total_Compentation¤PrismHR_Total_Compensation_C4635754" objectid="314" type="HTTP_PAGE" value="9d314b71-39c5-46f4-995d-a191b4c932a0"/>
<objectids-entry key="Default zone¤PrismHR_Total_Compentation¤PrismHR_Total_Compensation_C4635754" objectid="315" type="ACTION" value="37c0479e-fb7f-43fb-929f-085b9fe67df5"/>
<objectids-entry key="Default zone¤PrismHR_Total_Compentation¤PrismHR_Total_Compensation_C4635754" objectid="316" type="HTTP_PAGE" value="7c24b745-a64c-482e-b21f-d57f0426f115"/>
<objectids-entry key="Default zone¤PrismHR_Total_Compentation¤PrismHR_Total_Compensation_C4635754" objectid="317" type="ACTION" value="162c1eb3-5598-4f3e-98dc-0eb948b9782f"/>
<objectids-entry key="Default zone¤PrismHR_Total_Compentation¤PrismHR_Total_Compensation_C4635754" objectid="318" type="ACTION" value="a01c3541-2197-4a9e-aa88-9c29234d3de9"/>
<objectids-entry key="Default zone¤PrismHR_Total_Compentation¤PrismHR_Total_Compensation_C4635754" objectid="319" type="ACTION" value="13d73a83-7d29-4d76-96f5-05883d8a4c86"/>
<objectids-entry key="Default zone¤PrismHR_Total_Compentation¤PrismHR_Total_Compensation_C4635754" objectid="320" type="ACTION" value="b93e85bd-8f90-4c1e-8404-6e3a3cf568a2"/>
<objectids-entry key="Default zone¤PrismHR_Total_Compentation¤PrismHR_Total_Compensation_C4635754" objectid="321" type="ACTION" value="5d511ebe-5199-4cb1-8270-b1647c65936a"/>
<objectids-entry key="Default zone¤PrismHR_Total_Compentation¤PrismHR_Total_Compensation_C4635754" objectid="322" type="BASIC_LOGICAL_CONTAINER" value="6e7b7675-82ec-4229-a206-a9833da05b96"/>
<objectids-entry key="Default zone¤PrismHR_Total_Compentation¤PrismHR_Total_Compensation_C4635754" objectid="323" type="HTTP_PAGE" value="8948bc8f-903a-44bc-802b-371e5ceb2187"/>
<objectids-entry key="Default zone¤PrismHR_Total_Compentation¤PrismHR_Total_Compensation_C4635754" objectid="324" type="ACTION" value="6bb39fc6-5a67-42fb-a182-4bd1f531a081"/>
<objectids-entry key="Default zone¤PrismHR_Total_Compentation¤PrismHR_Total_Compensation_C4635754" objectid="325" type="ACTION" value="2640f409-9c1f-4767-a737-053edcdfe83d"/>
<objectids-entry key="Default zone¤PrismHR_Total_Compentation¤PrismHR_Total_Compensation_C4635754" objectid="326" type="ACTION" value="2e4763f0-e1c6-4cff-b7d4-fbb23a220340"/>
<objectids-entry key="Default zone¤PrismHR_Total_Compentation¤PrismHR_Total_Compensation_C4635754" objectid="327" type="ACTION" value="2af4a742-e087-4d92-b6a6-2563cd470e2e"/>
<objectids-entry key="Default zone¤PrismHR_Total_Compentation¤PrismHR_Total_Compensation_C4635754" objectid="328" type="ACTION" value="fe1b3cee-27be-4a88-b06c-331d725e0812"/>
<objectids-entry key="Default zone¤PrismHR_Total_Compentation¤PrismHR_Total_Compensation_C4635754" objectid="329" type="ACTION" value="e129528e-8fc2-4461-b8a3-b814a17df420"/>
<objectids-entry key="Default zone¤PrismHR_Total_Compentation¤PrismHR_Total_Compensation_C4635754" objectid="330" type="ACTION" value="83936272-fe7f-4c49-9fff-56ccbd93d9fc"/>
<objectids-entry key="Default zone¤PrismHR_Total_Compentation¤PrismHR_Total_Compensation_C4635754" objectid="331" type="ACTION" value="185277f9-2408-45d3-9fc6-7a6d4d433b2a"/>
<objectids-entry key="Default zone¤PrismHR_Total_Compentation¤PrismHR_Total_Compensation_C4635754" objectid="332" type="ACTION" value="cc589eda-6a0c-4fb3-a08e-5537dd1f181d"/>
<objectids-entry key="Default zone¤PrismHR_Total_Compentation¤PrismHR_Total_Compensation_C4635754" objectid="333" type="ACTION" value="fb3dfe93-2f0a-4c6d-9cef-b123453e4108"/>
<objectids-entry key="Default zone¤PrismHR_Total_Compentation¤PrismHR_Total_Compensation_C4635754" objectid="334" type="ACTION" value="f717fb2c-e746-4a25-810f-ce848cba56df"/>
<objectids-entry key="Default zone¤PrismHR_Total_Compentation¤PrismHR_Total_Compensation_C4635754" objectid="335" type="ACTION" value="f724bd30-5872-4c49-987c-43353a7961c2"/>
<objectids-entry key="Default zone¤PrismHR_Total_Compentation¤PrismHR_Total_Compensation_C4635754" objectid="336" type="ACTION" value="16934c27-4bda-47bc-a2f1-8d2a0e8b81da"/>
<objectids-entry key="Default zone¤PrismHR_Total_Compentation¤PrismHR_Total_Compensation_C4635754" objectid="337" type="ACTION" value="0fdc81b7-2a5c-4e5b-9f8f-d3f0c2629175"/>
<objectids-entry key="Default zone¤PrismHR_Total_Compentation¤PrismHR_Total_Compensation_C4635754" objectid="338" type="ACTION" value="41f4db87-fab7-4d21-a039-e592adbfc799"/>
<objectids-entry key="Default zone¤PrismHR_Total_Compentation¤PrismHR_Total_Compensation_C4635754" objectid="339" type="ACTION" value="8c90b0d1-208c-44af-b8a8-ade104d371e9"/>
<objectids-entry key="Default zone¤PrismHR_Total_Compentation¤PrismHR_Total_Compensation_C4635754" objectid="340" type="ACTION" value="99b7045c-097c-4e95-a690-c184058bdf76"/>
<objectids-entry key="Default zone¤PrismHR_Total_Compentation¤PrismHR_Total_Compensation_C4635754" objectid="341" type="HTTP_PAGE" value="56a460a0-312a-4784-a18c-f2860f070794"/>
<objectids-entry key="Default zone¤PrismHR_Total_Compentation¤PrismHR_Total_Compensation_C4635754" objectid="342" type="ACTION" value="6abf10df-3da9-4bd1-a36c-c43757a45e1a"/>
<objectids-entry key="Default zone¤PrismHR_Total_Compentation¤PrismHR_Total_Compensation_C4635754" objectid="343" type="BASIC_LOGICAL_CONTAINER" value="cbc4b8c7-475a-4002-bdac-a1f13a2878dc"/>
<objectids-entry key="Default zone¤PrismHR_Total_Compentation¤PrismHR_Total_Compensation_C4635754" objectid="344" type="HTTP_PAGE" value="ab109d1c-6895-4984-8480-753874c8e87e"/>
<objectids-entry key="Default zone¤PrismHR_Total_Compentation¤PrismHR_Total_Compensation_C4635754" objectid="345" type="ACTION" value="bcef05fd-20fe-414a-adb6-da16d311c852"/>
<objectids-entry key="Default zone¤PrismHR_Total_Compentation¤PrismHR_Total_Compensation_C4635754" objectid="346" type="BASIC_LOGICAL_CONTAINER" value="e76a1c90-ef51-493c-83ff-e9f724d5dae0"/>
<objectids-entry key="Default zone¤PrismHR_Total_Compentation¤PrismHR_Total_Compensation_C4635754" objectid="347" type="HTTP_PAGE" value="04f10827-6f9c-45ea-a660-782305eb2a0c"/>
<objectids-entry key="Default zone¤PrismHR_Total_Compentation¤PrismHR_Total_Compensation_C4635754" objectid="348" type="ACTION" value="613f64e6-a73e-47fa-853d-f85998d90fa2"/>
<objectids-entry key="Default zone¤PrismHR_Total_Compentation¤PrismHR_Total_Compensation_C4635754" objectid="349" type="BASIC_LOGICAL_CONTAINER" value="3bd5e6f8-933f-4015-a0b4-c40155797e3f"/>
<objectids-entry key="Default zone¤PrismHR_Total_Compentation¤PrismHR_Total_Compensation_C4635754" objectid="350" type="HTTP_PAGE" value="f9826f58-d749-4001-a0ee-f997dfc4e8ab"/>
<objectids-entry key="Default zone¤PrismHR_Total_Compentation¤PrismHR_Total_Compensation_C4635754" objectid="351" type="ACTION" value="d768aa49-5f04-4f72-b1d2-52c520691279"/>
<objectids-entry key="Default zone¤PrismHR_Total_Compentation¤PrismHR_Total_Compensation_C4635754" objectid="352" type="HTTP_PAGE" value="81cbb851-c4f5-4619-ab42-c0091fc42d18"/>
<objectids-entry key="Default zone¤PrismHR_Total_Compentation¤PrismHR_Total_Compensation_C4635754" objectid="353" type="ACTION" value="aa0edd24-f25f-4a80-820c-9b3044050117"/>
<objectids-entry key="Default zone¤PrismHR_Total_Compentation¤PrismHR_Total_Compensation_C4635754" objectid="354" type="BASIC_LOGICAL_CONTAINER" value="1923c066-b913-483b-ba15-742ed81d16b3"/>
<objectids-entry key="Default zone¤PrismHR_Total_Compentation¤PrismHR_Total_Compensation_C4635754" objectid="355" type="HTTP_PAGE" value="aea89ecd-08f9-4273-b9d7-60dab37017a4"/>
<objectids-entry key="Default zone¤PrismHR_Total_Compentation¤PrismHR_Total_Compensation_C4635754" objectid="356" type="ACTION" value="b36ecfed-70a9-49ac-a19f-01c60bbe739d"/>
<objectids-entry key="Default zone¤PrismHR_Total_Compentation¤PrismHR_Total_Compensation_C4635754" objectid="357" type="HTTP_PAGE" value="1104eba7-6126-401d-8feb-189f12947573"/>
<objectids-entry key="Default zone¤PrismHR_Total_Compentation¤PrismHR_Total_Compensation_C4635754" objectid="358" type="ACTION" value="de83a55e-6f04-4413-9e0b-852b374a502a"/>
<objectids-entry key="Default zone¤PrismHR_Total_Compentation¤PrismHR_Total_Compensation_C4635754" objectid="359" type="BASIC_LOGICAL_CONTAINER" value="3125fec7-74ac-4995-9793-c284e8ffccf9"/>
<objectids-entry key="Default zone¤PrismHR_Total_Compentation¤PrismHR_Total_Compensation_C4635754" objectid="360" type="HTTP_PAGE" value="ad09fb15-3be8-450f-a480-d43d2fb67abc"/>
<objectids-entry key="Default zone¤PrismHR_Total_Compentation¤PrismHR_Total_Compensation_C4635754" objectid="361" type="ACTION" value="618ce3c5-e7e6-48a2-84d4-1b384f9d7f4e"/>
<objectids-entry key="Default zone¤PrismHR_Total_Compentation¤PrismHR_Total_Compensation_C4635754" objectid="362" type="HTTP_PAGE" value="2b78e199-cd1e-4a87-97f0-3bf4e98024a1"/>
<objectids-entry key="Default zone¤PrismHR_Total_Compentation¤PrismHR_Total_Compensation_C4635754" objectid="363" type="ACTION" value="b5913259-e947-4136-9852-e36f34741019"/>
<objectids-entry key="Default zone¤PrismHR_Total_Compentation¤PrismHR_Total_Compensation_C4635754" objectid="364" type="HTTP_PAGE" value="0716e70c-593d-468f-94ab-8415c45cbb24"/>
<objectids-entry key="Default zone¤PrismHR_Total_Compentation¤PrismHR_Total_Compensation_C4635754" objectid="365" type="ACTION" value="9f0c2e8e-95b4-4d1f-9bda-645d283ec66c"/>
<objectids-entry key="Default zone¤PrismHR_Total_Compentation¤PrismHR_Total_Compensation_C4635754" objectid="366" type="HTTP_PAGE" value="7da3db5a-3bc5-4ab9-b7a8-c8ea1494adf0"/>
<objectids-entry key="Default zone¤PrismHR_Total_Compentation¤PrismHR_Total_Compensation_C4635754" objectid="367" type="ACTION" value="0fd368a4-0df2-43ad-84c7-d8787fd2fcd9"/>
<objectids-entry key="Default zone¤PrismHR_Total_Compentation¤PrismHR_Total_Compensation_C4635754" objectid="368" type="BASIC_LOGICAL_CONTAINER" value="582a33b0-9ac8-4344-819f-533c92a2cfb1"/>
<objectids-entry key="Default zone¤PrismHR_Total_Compentation¤PrismHR_Total_Compensation_C4635754" objectid="369" type="BASIC_LOGICAL_CONTAINER" value="e65170e2-46ac-48da-b0ad-592a7287995a"/>
<objectids-entry key="Default zone¤PrismHR_Total_Compentation¤PrismHR_Total_Compensation_C4635754" objectid="370" type="HTTP_PAGE" value="4f0e3bfa-e094-4c19-b3c0-c63788fa148d"/>
<objectids-entry key="Default zone¤PrismHR_Total_Compentation¤PrismHR_Total_Compensation_C4635754" objectid="371" type="ACTION" value="a91279b2-0fb4-4fc5-a45d-07d49c7e3556"/>
<objectids-entry key="Default zone¤PrismHR_Total_Compentation¤PrismHR_Total_Compensation_C4635754" objectid="372" type="BASIC_LOGICAL_CONTAINER" value="00ec4cc1-88db-47f2-9457-ce880cf23e34"/>
<objectids-entry key="Default zone¤PrismHR_Total_Compentation¤PrismHR_Total_Compensation_C4635754" objectid="373" type="HTTP_PAGE" value="2037115f-58d9-44e9-8919-fba9b4961dc2"/>
<objectids-entry key="Default zone¤PrismHR_Total_Compentation¤PrismHR_Total_Compensation_C4635754" objectid="374" type="ACTION" value="4ad5bd28-fa73-4064-9715-a627b0ff5737"/>
<objectids-entry key="Default zone¤PrismHR_Total_Compentation¤PrismHR_Total_Compensation_C4635754" objectid="375" type="BASIC_LOGICAL_CONTAINER" value="0d7db3b1-eb56-472b-9f40-763b049f095c"/>
<objectids-entry key="Default zone¤PrismHR_Total_Compentation¤PrismHR_Total_Compensation_C4635754" objectid="376" type="HTTP_PAGE" value="d57c0cb4-de5b-4a7b-a9fb-b6eabf5ab6fe"/>
<objectids-entry key="Default zone¤PrismHR_Total_Compentation¤PrismHR_Total_Compensation_C4635754" objectid="377" type="ACTION" value="3c3f596b-88e6-4a0d-8922-3a41db5f6c9b"/>
<objectids-entry key="Default zone¤PrismHR_Total_Compentation¤PrismHR_Total_Compensation_C4635754" objectid="378" type="HTTP_PAGE" value="9499c634-6a2b-4e71-bff1-75be5dfa31ef"/>
<objectids-entry key="Default zone¤PrismHR_Total_Compentation¤PrismHR_Total_Compensation_C4635754" objectid="379" type="ACTION" value="ee9bf67d-3bfd-476d-9a6a-a1973c4ad236"/>
<objectids-entry key="Default zone¤PrismHR_Total_Compentation¤PrismHR_Total_Compensation_C4635754" objectid="380" type="HTTP_PAGE" value="4ca340fc-3b24-4510-b0df-082eef3b606a"/>
<objectids-entry key="Default zone¤PrismHR_Total_Compentation¤PrismHR_Total_Compensation_C4635754" objectid="381" type="ACTION" value="fcda50d3-1be2-461d-911d-f3ccc234f3f7"/>
<objectids-entry key="Default zone¤PrismHR_Total_Compentation¤PrismHR_Total_Compensation_C4635754" objectid="382" type="ACTION" value="f79dc810-32b7-482f-be4e-eab4e5135566"/>
<objectids-entry key="Default zone¤PrismHR_Total_Compentation¤PrismHR_Total_Compensation_C4635754" objectid="383" type="HTTP_PAGE" value="8196fc5f-978e-4ada-afca-40144b0239b6"/>
<objectids-entry key="Default zone¤PrismHR_Total_Compentation¤PrismHR_Total_Compensation_C4635754" objectid="384" type="ACTION" value="7c37acbd-9a1d-476b-9a37-33a7b5f69753"/>
<objectids-entry key="Default zone¤PrismHR_Total_Compentation¤PrismHR_Total_Compensation_C4635754" objectid="385" type="BASIC_LOGICAL_CONTAINER" value="f4679222-c883-48f8-b1b1-689b2c4f426c"/>
<objectids-entry key="Default zone¤PrismHR_Total_Compentation¤PrismHR_Total_Compensation_C4635754" objectid="386" type="DELAY" value="9ac6bb0b-aa02-4351-ba05-6c4bab8f52e5"/>
<objectids-entry key="Default zone¤PrismHR_Total_Compentation¤PrismHR_Total_Compensation_C4635754" objectid="387" type="BASIC_LOGICAL_CONTAINER" value="$parent=PrismHR_Total_Compensation_C4635754;$index=2"/>
<objectids-entry key="¤¤" objectid="388" type="MONITORED_HOST" value="NeoLoad"/>
<objectids-entry key="¤¤" objectid="389" type="MONITORCONNECTION" value="NeoLoad$NeoLoad"/>
<objectids-entry key="¤¤" objectid="390" type="MONITOR" value="NeoLoad$NeoLoad$UserLoad"/>
<objectids-entry key="¤¤" objectid="391" type="MONITOR" value="NeoLoad$NeoLoad$throughput"/>
<objectids-entry key="¤¤" objectid="392" type="MONITOR" value="NeoLoad$NeoLoad$Alerts"/>
<objectids-entry key="¤¤" objectid="393" type="MONITOR" value="NeoLoad$NeoLoad$CriticalAlerts"/>
<objectids-entry key="¤¤" objectid="394" type="MONITOR" value="NeoLoad$NeoLoad$WarningAlerts"/>
<objectids-entry key="¤¤" objectid="395" type="MONITOR" value="NeoLoad$NeoLoad$cpu"/>
<objectids-entry key="¤¤" objectid="396" type="THRESHOLD" value="NeoLoad$NeoLoad$f7dce891-f0c7-48c1-9321-964592ea7637"/>
<objectids-entry key="¤¤" objectid="397" type="MONITOR" value="NeoLoad$NeoLoad$memory"/>
<objectids-entry key="¤¤" objectid="398" type="THRESHOLD" value="NeoLoad$NeoLoad$4b235a10-4498-456b-b55c-9300c35deab1"/>
<objectids-entry key="¤¤" objectid="399" type="MONITOR" value="NeoLoad$NeoLoad$threadcount"/>
<objectids-entry key="¤¤" objectid="400" type="MONITOR" value="NeoLoad$NeoLoad$memoryos"/>
<objectids-entry key="¤¤" objectid="401" type="THRESHOLD" value="NeoLoad$NeoLoad$940fdf78-206a-4d62-b40e-51bdd1bd1c26"/>
<objectids-entry key="¤¤" objectid="402" type="MONITOR" value="NeoLoad$NeoLoad$connectedlg"/>
<objectids-entry key="¤¤" objectid="403" type="MONITOR" value="NeoLoad$NeoLoad$totallgdisconnections"/>
<objectids-entry key="¤¤" objectid="404" type="THRESHOLD" value="NeoLoad$NeoLoad$853a148f-de60-4e05-8b61-ecf5b11821e7"/>
<objectids-entry key="¤¤" objectid="405" type="MONITOR" value="NeoLoad$NeoLoad$totallgreconnections"/>
<objectids-entry key="¤¤" objectid="406" type="MONITOR" value="NeoLoad$NeoLoad$otcp.NeoLoad"/>
<objectids-entry key="¤¤" objectid="407" type="MONITOR" value="NeoLoad$NeoLoad$tcp.NeoLoad"/>
<objectids-entry key="¤¤" objectid="408" type="MONITOR" value="NeoLoad$NeoLoad$ibytesperinterface~NeoLoad~eth11"/>
<objectids-entry key="¤¤" objectid="409" type="MONITOR" value="NeoLoad$NeoLoad$obytesperinterface~NeoLoad~eth11"/>
<objectids-entry key="¤¤" objectid="410" type="MONITOR" value="NeoLoad$NeoLoad$ibytesperinterface~NeoLoad~eth13"/>
<objectids-entry key="¤¤" objectid="411" type="MONITOR" value="NeoLoad$NeoLoad$obytesperinterface~NeoLoad~eth13"/>
<objectids-entry key="¤¤" objectid="412" type="MONITOR" value="NeoLoad$NeoLoad$SapUserLoad"/>
<objectids-entry key="¤¤" objectid="413" type="MONITOR" value="NeoLoad$NeoLoad$zoneuserload~Default zone"/>
<objectids-entry key="¤¤" objectid="414" type="MONITOR" value="NeoLoad$NeoLoad$zoneuserloadperpopulation~Default zone~PrismHR_Company_Details"/>
<objectids-entry key="¤¤" objectid="415" type="MONITOR" value="NeoLoad$NeoLoad$zoneuserloadperpopulation~Default zone~PrismHR_Company_Details~PrismHR_Company_Details_C4484560"/>
<objectids-entry key="¤¤" objectid="416" type="MONITOR" value="NeoLoad$NeoLoad$zoneuserloadperpopulation~Default zone~PrismHR_Employee_Details"/>
<objectids-entry key="¤¤" objectid="417" type="MONITOR" value="NeoLoad$NeoLoad$zoneuserloadperpopulation~Default zone~PrismHR_Employee_Details~PrismHR_Employee_Details_C4484610"/>
<objectids-entry key="¤¤" objectid="418" type="MONITOR" value="NeoLoad$NeoLoad$zoneuserloadperpopulation~Default zone~PrismHR_Total_Compentation"/>
<objectids-entry key="¤¤" objectid="419" type="MONITOR" value="NeoLoad$NeoLoad$zoneuserloadperpopulation~Default zone~PrismHR_Total_Compentation~PrismHR_Total_Compensation_C4635754"/>
<objectids-entry key="¤¤" objectid="420" type="MONITORED_HOST" value="LG 10.149.80.138:7100"/>
<objectids-entry key="¤¤" objectid="421" type="MONITORCONNECTION" value="LG 10.149.80.138:7100$NeoLoad"/>
<objectids-entry key="¤¤" objectid="422" type="MONITOR" value="LG 10.149.80.138:7100$NeoLoad$lgcpu.10.149.80.138:7100"/>
<objectids-entry key="¤¤" objectid="423" type="THRESHOLD" value="LG 10.149.80.138:7100$NeoLoad$00e5cc7b-ad87-46e4-b57b-955821a0e608"/>
<objectids-entry key="¤¤" objectid="424" type="MONITOR" value="LG 10.149.80.138:7100$NeoLoad$lgmemory.10.149.80.138:7100"/>
<objectids-entry key="¤¤" objectid="425" type="THRESHOLD" value="LG 10.149.80.138:7100$NeoLoad$9e64d928-a8a8-42d1-ab99-e5e0f191eff5"/>
<objectids-entry key="¤¤" objectid="426" type="MONITOR" value="LG 10.149.80.138:7100$NeoLoad$lgthroughput.10.149.80.138:7100"/>
<objectids-entry key="¤¤" objectid="427" type="MONITOR" value="LG 10.149.80.138:7100$NeoLoad$lgosmemory.10.149.80.138:7100"/>
<objectids-entry key="¤¤" objectid="428" type="THRESHOLD" value="LG 10.149.80.138:7100$NeoLoad$db8a9d9a-6697-4808-aa03-a9cd27c590d2"/>
<objectids-entry key="¤¤" objectid="429" type="MONITOR" value="LG 10.149.80.138:7100$NeoLoad$lguserloadperpopulation~10.149.80.138:7100"/>
<objectids-entry key="¤¤" objectid="430" type="MONITOR" value="LG 10.149.80.138:7100$NeoLoad$lgthreadcount.10.149.80.138:7100"/>
<objectids-entry key="¤¤" objectid="431" type="MONITOR" value="LG 10.149.80.138:7100$NeoLoad$lg.jetty.httpclient.threadpool.used.10.149.80.138:7100"/>
<objectids-entry key="¤¤" objectid="432" type="MONITOR" value="LG 10.149.80.138:7100$NeoLoad$lg.jetty.httpclient.taskpool.used.10.149.80.138:7100"/>
<objectids-entry key="¤¤" objectid="433" type="THRESHOLD" value="LG 10.149.80.138:7100$NeoLoad$b09982e6-d74d-4d5e-b962-3442c6a2a9a0"/>
<objectids-entry key="¤¤" objectid="434" type="MONITOR" value="LG 10.149.80.138:7100$NeoLoad$lgdisconnections.10.149.80.138:7100"/>
<objectids-entry key="¤¤" objectid="435" type="MONITOR" value="LG 10.149.80.138:7100$NeoLoad$lgreconnections.10.149.80.138:7100"/>
<objectids-entry key="¤¤" objectid="436" type="MONITOR" value="LG 10.149.80.138:7100$NeoLoad$lgping.10.149.80.138:7100"/>
<objectids-entry key="¤¤" objectid="437" type="MONITOR" value="LG 10.149.80.138:7100$NeoLoad$lgotcp.10.149.80.138:7100"/>
<objectids-entry key="¤¤" objectid="438" type="MONITOR" value="LG 10.149.80.138:7100$NeoLoad$lgtcp.10.149.80.138:7100"/>
<objectids-entry key="¤¤" objectid="439" type="MONITOR" value="LG 10.149.80.138:7100$NeoLoad$lgibytesperinterface~10.149.80.138:7100~eth5"/>
<objectids-entry key="¤¤" objectid="440" type="MONITOR" value="LG 10.149.80.138:7100$NeoLoad$lgobytesperinterface~10.149.80.138:7100~eth5"/>
<objectids-entry key="¤¤" objectid="441" type="MONITOR" value="LG 10.149.80.138:7100$NeoLoad$lgibytesperinterface~10.149.80.138:7100~eth4"/>
<objectids-entry key="¤¤" objectid="442" type="MONITOR" value="LG 10.149.80.138:7100$NeoLoad$lgobytesperinterface~10.149.80.138:7100~eth4"/>
</objectids-table>
<!--****** DURATION ******-->
<duration value="0"/>
<!--****** AGGREGATION PERIOD ******-->
<aggregation-period value="1000"/>
<!--****** EXTENDED STATISTICS ******-->
<truncated-mean centered-interval="true" percentage="90"/>
<percentile percentage="50"/>
</project>
