
	<!DOCTYPE project [
		<!ELEMENT project (objectids-table | current-scenario | duration | aggregation-period | truncated-mean | percentile)* >
	
		<!ELEMENT objectids-table (objectids-entry)* >
		<!ELEMENT objectids-entry (#PCDATA)>
		<!ELEMENT duration (#PCDATA)>
		<!ELEMENT truncated-mean (#PCDATA)>
		<!ELEMENT percentile (#PCDATA)>
		<!ELEMENT aggregation-period (#PCDATA)>
		<!ELEMENT current-scenario (#PCDATA)>
		<!ATTLIST duration
		    value CDATA #REQUIRED>
	    <!ATTLIST aggregation-period
		    value CDATA #REQUIRED>
		<!ATTLIST objectids-entry
		    objectid CDATA #REQUIRED
		    type CDATA #REQUIRED
		    value CDATA #REQUIRED
		    key CDATA #REQUIRED>
		<!ATTLIST truncated-mean
		    centered-interval CDATA #REQUIRED
		    percentage CDATA #REQUIRED>
		 <!ATTLIST percentile
		    percentage CDATA #REQUIRED>
	]>


<!--****** RUNTIME PROJECT ******--><project>
<!--****** CURRENT SCENARIO ******-->
<current-scenario>API_QR_001_C5241578</current-scenario>
<!--****** OBJECTIDS ******-->
<objectids-table>
<objectids-entry key="" objectid="0" type="LG_HOST" value="887357-1RDPT002.davison.local:7100"/>
<objectids-entry key="" objectid="1" type="ZONE" value="Default zone"/>
<objectids-entry key="Default zone¤API_Get_EMPID¤" objectid="2" type="POPULATION" value="API_Get_EMPID"/>
<objectids-entry key="Default zone¤API_Get_EMPID¤API_C5630669_1.30SM" objectid="3" type="VIRTUAL_USER" value="API_C5630669_1.30SM"/>
<objectids-entry key="Default zone¤API_Get_EMPID¤API_C5630669_1.30SM" objectid="4" type="BASIC_LOGICAL_CONTAINER" value="$parent=API_C5630669_1.30SM;$index=0"/>
<objectids-entry key="Default zone¤API_Get_EMPID¤API_C5630669_1.30SM" objectid="5" type="BASIC_LOGICAL_CONTAINER" value="$parent=API_C5630669_1.30SM;$index=1"/>
<objectids-entry key="Default zone¤API_Get_EMPID¤API_C5630669_1.30SM" objectid="6" type="BASIC_LOGICAL_CONTAINER" value="65dda2f8-c9cb-4132-bb9c-9d0de58945f9"/>
<objectids-entry key="Default zone¤API_Get_EMPID¤API_C5630669_1.30SM" objectid="7" type="DELAY" value="850bfa38-035b-409a-8403-d6a2ad3db276"/>
<objectids-entry key="Default zone¤API_Get_EMPID¤API_C5630669_1.30SM" objectid="8" type="BASIC_LOGICAL_CONTAINER" value="a08373f6-e291-4f66-8453-d2f95f1624d7"/>
<objectids-entry key="Default zone¤API_Get_EMPID¤API_C5630669_1.30SM" objectid="9" type="ACTION" value="e346eb7b-4c27-44d6-accc-4a340e487596"/>
<objectids-entry key="Default zone¤API_Get_EMPID¤API_C5630669_1.30SM" objectid="10" type="LOOP" value="cc2db4fb-98a2-444d-ac69-519dc8a80c6b"/>
<objectids-entry key="Default zone¤API_Get_EMPID¤API_C5630669_1.30SM" objectid="11" type="BASIC_LOGICAL_CONTAINER" value="e04b62a2-c800-4dde-8ba2-8cf479d208f2"/>
<objectids-entry key="Default zone¤API_Get_EMPID¤API_C5630669_1.30SM" objectid="12" type="ACTION" value="447be75c-27a7-4f62-adaf-de2c9424b96f"/>
<objectids-entry key="Default zone¤API_Get_EMPID¤API_C5630669_1.30SM" objectid="13" type="BASIC_LOGICAL_CONTAINER" value="1cfaa18c-d0dc-4902-b60c-4f93cfbacc4a"/>
<objectids-entry key="Default zone¤API_Get_EMPID¤API_C5630669_1.30SM" objectid="14" type="DELAY" value="274cad1b-3994-4f6d-9e72-6aba42b85ca7"/>
<objectids-entry key="Default zone¤API_Get_EMPID¤API_C5630669_1.30SM" objectid="15" type="BASIC_LOGICAL_CONTAINER" value="$parent=API_C5630669_1.30SM;$index=2"/>
<objectids-entry key="¤¤" objectid="16" type="MONITORED_HOST" value="NeoLoad"/>
<objectids-entry key="¤¤" objectid="17" type="MONITORCONNECTION" value="NeoLoad$NeoLoad"/>
<objectids-entry key="¤¤" objectid="18" type="MONITOR" value="NeoLoad$NeoLoad$UserLoad"/>
<objectids-entry key="¤¤" objectid="19" type="MONITOR" value="NeoLoad$NeoLoad$throughput"/>
<objectids-entry key="¤¤" objectid="20" type="MONITOR" value="NeoLoad$NeoLoad$Alerts"/>
<objectids-entry key="¤¤" objectid="21" type="MONITOR" value="NeoLoad$NeoLoad$CriticalAlerts"/>
<objectids-entry key="¤¤" objectid="22" type="MONITOR" value="NeoLoad$NeoLoad$WarningAlerts"/>
<objectids-entry key="¤¤" objectid="23" type="MONITOR" value="NeoLoad$NeoLoad$cpu"/>
<objectids-entry key="¤¤" objectid="24" type="THRESHOLD" value="NeoLoad$NeoLoad$9ae169f4-783c-442d-977a-a3196086298d"/>
<objectids-entry key="¤¤" objectid="25" type="MONITOR" value="NeoLoad$NeoLoad$memory"/>
<objectids-entry key="¤¤" objectid="26" type="THRESHOLD" value="NeoLoad$NeoLoad$44a23748-67ef-4849-83ca-653eeefa1b48"/>
<objectids-entry key="¤¤" objectid="27" type="MONITOR" value="NeoLoad$NeoLoad$threadcount"/>
<objectids-entry key="¤¤" objectid="28" type="MONITOR" value="NeoLoad$NeoLoad$memoryos"/>
<objectids-entry key="¤¤" objectid="29" type="THRESHOLD" value="NeoLoad$NeoLoad$567a5a55-88b2-4f85-832a-108d7385435b"/>
<objectids-entry key="¤¤" objectid="30" type="MONITOR" value="NeoLoad$NeoLoad$connectedlg"/>
<objectids-entry key="¤¤" objectid="31" type="MONITOR" value="NeoLoad$NeoLoad$totallgdisconnections"/>
<objectids-entry key="¤¤" objectid="32" type="THRESHOLD" value="NeoLoad$NeoLoad$32de997e-4db8-479b-b3ce-ac5a06eea982"/>
<objectids-entry key="¤¤" objectid="33" type="MONITOR" value="NeoLoad$NeoLoad$totallgreconnections"/>
<objectids-entry key="¤¤" objectid="34" type="MONITOR" value="NeoLoad$NeoLoad$otcp.NeoLoad"/>
<objectids-entry key="¤¤" objectid="35" type="MONITOR" value="NeoLoad$NeoLoad$tcp.NeoLoad"/>
<objectids-entry key="¤¤" objectid="36" type="MONITOR" value="NeoLoad$NeoLoad$ibytesperinterface~NeoLoad~eth11"/>
<objectids-entry key="¤¤" objectid="37" type="MONITOR" value="NeoLoad$NeoLoad$obytesperinterface~NeoLoad~eth11"/>
<objectids-entry key="¤¤" objectid="38" type="MONITOR" value="NeoLoad$NeoLoad$ibytesperinterface~NeoLoad~eth13"/>
<objectids-entry key="¤¤" objectid="39" type="MONITOR" value="NeoLoad$NeoLoad$obytesperinterface~NeoLoad~eth13"/>
<objectids-entry key="¤¤" objectid="40" type="MONITOR" value="NeoLoad$NeoLoad$SapUserLoad"/>
<objectids-entry key="¤¤" objectid="41" type="MONITOR" value="NeoLoad$NeoLoad$zoneuserload~Default zone"/>
<objectids-entry key="¤¤" objectid="42" type="MONITOR" value="NeoLoad$NeoLoad$zoneuserloadperpopulation~Default zone~API_Get_EMPID"/>
<objectids-entry key="¤¤" objectid="43" type="MONITOR" value="NeoLoad$NeoLoad$zoneuserloadperpopulation~Default zone~API_Get_EMPID~API_C5630669_1.30SM"/>
<objectids-entry key="¤¤" objectid="44" type="MONITORED_HOST" value="LG 887357-1RDPT002.davison.local:7100"/>
<objectids-entry key="¤¤" objectid="45" type="MONITORCONNECTION" value="LG 887357-1RDPT002.davison.local:7100$NeoLoad"/>
<objectids-entry key="¤¤" objectid="46" type="MONITOR" value="LG 887357-1RDPT002.davison.local:7100$NeoLoad$lgcpu.887357-1RDPT002.davison.local:7100"/>
<objectids-entry key="¤¤" objectid="47" type="THRESHOLD" value="LG 887357-1RDPT002.davison.local:7100$NeoLoad$1352b47d-99c8-4c29-b36e-85f4429fe1fb"/>
<objectids-entry key="¤¤" objectid="48" type="MONITOR" value="LG 887357-1RDPT002.davison.local:7100$NeoLoad$lgmemory.887357-1RDPT002.davison.local:7100"/>
<objectids-entry key="¤¤" objectid="49" type="THRESHOLD" value="LG 887357-1RDPT002.davison.local:7100$NeoLoad$d9255765-1e60-4080-9a5d-f72c60dcb113"/>
<objectids-entry key="¤¤" objectid="50" type="MONITOR" value="LG 887357-1RDPT002.davison.local:7100$NeoLoad$lgthroughput.887357-1RDPT002.davison.local:7100"/>
<objectids-entry key="¤¤" objectid="51" type="MONITOR" value="LG 887357-1RDPT002.davison.local:7100$NeoLoad$lgosmemory.887357-1RDPT002.davison.local:7100"/>
<objectids-entry key="¤¤" objectid="52" type="THRESHOLD" value="LG 887357-1RDPT002.davison.local:7100$NeoLoad$2c20ba57-32b4-41e2-906c-473ef2d5014f"/>
<objectids-entry key="¤¤" objectid="53" type="MONITOR" value="LG 887357-1RDPT002.davison.local:7100$NeoLoad$lguserloadperpopulation~887357-1RDPT002.davison.local:7100"/>
<objectids-entry key="¤¤" objectid="54" type="MONITOR" value="LG 887357-1RDPT002.davison.local:7100$NeoLoad$lgthreadcount.887357-1RDPT002.davison.local:7100"/>
<objectids-entry key="¤¤" objectid="55" type="MONITOR" value="LG 887357-1RDPT002.davison.local:7100$NeoLoad$lg.jetty.httpclient.threadpool.used.887357-1RDPT002.davison.local:7100"/>
<objectids-entry key="¤¤" objectid="56" type="MONITOR" value="LG 887357-1RDPT002.davison.local:7100$NeoLoad$lg.jetty.httpclient.taskpool.used.887357-1RDPT002.davison.local:7100"/>
<objectids-entry key="¤¤" objectid="57" type="THRESHOLD" value="LG 887357-1RDPT002.davison.local:7100$NeoLoad$ff125180-3360-41ff-acb0-2eb1f4c53409"/>
<objectids-entry key="¤¤" objectid="58" type="MONITOR" value="LG 887357-1RDPT002.davison.local:7100$NeoLoad$lgdisconnections.887357-1RDPT002.davison.local:7100"/>
<objectids-entry key="¤¤" objectid="59" type="MONITOR" value="LG 887357-1RDPT002.davison.local:7100$NeoLoad$lgreconnections.887357-1RDPT002.davison.local:7100"/>
<objectids-entry key="¤¤" objectid="60" type="MONITOR" value="LG 887357-1RDPT002.davison.local:7100$NeoLoad$lgping.887357-1RDPT002.davison.local:7100"/>
<objectids-entry key="¤¤" objectid="61" type="MONITOR" value="LG 887357-1RDPT002.davison.local:7100$NeoLoad$lgotcp.887357-1RDPT002.davison.local:7100"/>
<objectids-entry key="¤¤" objectid="62" type="MONITOR" value="LG 887357-1RDPT002.davison.local:7100$NeoLoad$lgtcp.887357-1RDPT002.davison.local:7100"/>
<objectids-entry key="¤¤" objectid="63" type="MONITOR" value="LG 887357-1RDPT002.davison.local:7100$NeoLoad$lgibytesperinterface~887357-1RDPT002.davison.local:7100~eth5"/>
<objectids-entry key="¤¤" objectid="64" type="MONITOR" value="LG 887357-1RDPT002.davison.local:7100$NeoLoad$lgobytesperinterface~887357-1RDPT002.davison.local:7100~eth5"/>
<objectids-entry key="¤¤" objectid="65" type="MONITOR" value="LG 887357-1RDPT002.davison.local:7100$NeoLoad$lgibytesperinterface~887357-1RDPT002.davison.local:7100~eth4"/>
<objectids-entry key="¤¤" objectid="66" type="MONITOR" value="LG 887357-1RDPT002.davison.local:7100$NeoLoad$lgobytesperinterface~887357-1RDPT002.davison.local:7100~eth4"/>
</objectids-table>
<!--****** DURATION ******-->
<duration value="0"/>
<!--****** AGGREGATION PERIOD ******-->
<aggregation-period value="5000"/>
<!--****** EXTENDED STATISTICS ******-->
<truncated-mean centered-interval="true" percentage="90"/>
<percentile percentage="50"/>
</project>
