
	<!DOCTYPE project [
		<!ELEMENT project (objectids-table | current-scenario | duration | aggregation-period | truncated-mean | percentile)* >
	
		<!ELEMENT objectids-table (objectids-entry)* >
		<!ELEMENT objectids-entry (#PCDATA)>
		<!ELEMENT duration (#PCDATA)>
		<!ELEMENT truncated-mean (#PCDATA)>
		<!ELEMENT percentile (#PCDATA)>
		<!ELEMENT aggregation-period (#PCDATA)>
		<!ELEMENT current-scenario (#PCDATA)>
		<!ATTLIST duration
		    value CDATA #REQUIRED>
	    <!ATTLIST aggregation-period
		    value CDATA #REQUIRED>
		<!ATTLIST objectids-entry
		    objectid CDATA #REQUIRED
		    type CDATA #REQUIRED
		    value CDATA #REQUIRED
		    key CDATA #REQUIRED>
		<!ATTLIST truncated-mean
		    centered-interval CDATA #REQUIRED
		    percentage CDATA #REQUIRED>
		 <!ATTLIST percentile
		    percentage CDATA #REQUIRED>
	]>


<!--****** RUNTIME PROJECT ******--><project>
<!--****** CURRENT SCENARIO ******-->
<current-scenario>PrismHR_QR_Test</current-scenario>
<!--****** OBJECTIDS ******-->
<objectids-table>
<objectids-entry key="" objectid="0" type="LG_HOST" value="887357-1RDPT002.davison.local:7100"/>
<objectids-entry key="" objectid="1" type="ZONE" value="Default zone"/>
<objectids-entry key="Default zone¤PrismHR_Employee_Details¤" objectid="2" type="POPULATION" value="PrismHR_Employee_Details"/>
<objectids-entry key="Default zone¤PrismHR_Employee_Details¤PrismHR_Employee_Details_C4484610" objectid="3" type="VIRTUAL_USER" value="PrismHR_Employee_Details_C4484610"/>
<objectids-entry key="Default zone¤PrismHR_Employee_Details¤PrismHR_Employee_Details_C4484610" objectid="4" type="BASIC_LOGICAL_CONTAINER" value="$parent=PrismHR_Employee_Details_C4484610;$index=0"/>
<objectids-entry key="Default zone¤PrismHR_Employee_Details¤PrismHR_Employee_Details_C4484610" objectid="5" type="BASIC_LOGICAL_CONTAINER" value="$parent=PrismHR_Employee_Details_C4484610;$index=1"/>
<objectids-entry key="Default zone¤PrismHR_Employee_Details¤PrismHR_Employee_Details_C4484610" objectid="6" type="BASIC_LOGICAL_CONTAINER" value="871837e5-c4d3-4ed3-952d-5c4de605b4fe"/>
<objectids-entry key="Default zone¤PrismHR_Employee_Details¤PrismHR_Employee_Details_C4484610" objectid="7" type="DELAY" value="e6e6c0aa-f51d-45d0-ae46-86a10b2457d8"/>
<objectids-entry key="Default zone¤PrismHR_Employee_Details¤PrismHR_Employee_Details_C4484610" objectid="8" type="BASIC_LOGICAL_CONTAINER" value="ff46c40d-ca17-4fc6-8047-24efc7bf38c9"/>
<objectids-entry key="Default zone¤PrismHR_Employee_Details¤PrismHR_Employee_Details_C4484610" objectid="9" type="HTTP_PAGE" value="99717937-3d31-4725-bc7e-740694a55834"/>
<objectids-entry key="Default zone¤PrismHR_Employee_Details¤PrismHR_Employee_Details_C4484610" objectid="10" type="ACTION" value="edb97aa6-afb6-4a6f-90b2-ebe520a01c9f"/>
<objectids-entry key="Default zone¤PrismHR_Employee_Details¤PrismHR_Employee_Details_C4484610" objectid="11" type="ACTION" value="0c7d36a6-7f01-4e34-bf38-75be5887d7f0"/>
<objectids-entry key="Default zone¤PrismHR_Employee_Details¤PrismHR_Employee_Details_C4484610" objectid="12" type="ACTION" value="bdf3d59f-1eed-4701-9c98-590526823c31"/>
<objectids-entry key="Default zone¤PrismHR_Employee_Details¤PrismHR_Employee_Details_C4484610" objectid="13" type="ACTION" value="79664d12-f83c-4f18-af95-586996118434"/>
<objectids-entry key="Default zone¤PrismHR_Employee_Details¤PrismHR_Employee_Details_C4484610" objectid="14" type="ACTION" value="ae9be09e-d44f-42a1-980c-0e469b917c04"/>
<objectids-entry key="Default zone¤PrismHR_Employee_Details¤PrismHR_Employee_Details_C4484610" objectid="15" type="ACTION" value="7a111fc0-9524-456d-a6b2-3252865e956f"/>
<objectids-entry key="Default zone¤PrismHR_Employee_Details¤PrismHR_Employee_Details_C4484610" objectid="16" type="ACTION" value="ae2adecd-6278-4208-8a11-4bb286d7de96"/>
<objectids-entry key="Default zone¤PrismHR_Employee_Details¤PrismHR_Employee_Details_C4484610" objectid="17" type="ACTION" value="3b40e9c1-a1c4-4bca-b81f-d4fc84fbe69e"/>
<objectids-entry key="Default zone¤PrismHR_Employee_Details¤PrismHR_Employee_Details_C4484610" objectid="18" type="ACTION" value="2c20308b-41e9-4de2-b587-9a6a67692759"/>
<objectids-entry key="Default zone¤PrismHR_Employee_Details¤PrismHR_Employee_Details_C4484610" objectid="19" type="ACTION" value="546fb6a7-5404-4952-8204-bdd14e47d559"/>
<objectids-entry key="Default zone¤PrismHR_Employee_Details¤PrismHR_Employee_Details_C4484610" objectid="20" type="ACTION" value="c6ccc01c-c750-4ed3-98ec-05902d57bcd2"/>
<objectids-entry key="Default zone¤PrismHR_Employee_Details¤PrismHR_Employee_Details_C4484610" objectid="21" type="ACTION" value="2a011bff-f39b-4d52-87ef-d5801f540397"/>
<objectids-entry key="Default zone¤PrismHR_Employee_Details¤PrismHR_Employee_Details_C4484610" objectid="22" type="ACTION" value="8def8ab8-8547-4668-beb6-ce3767502f49"/>
<objectids-entry key="Default zone¤PrismHR_Employee_Details¤PrismHR_Employee_Details_C4484610" objectid="23" type="ACTION" value="2b5dba61-15d1-4ce0-8fe9-b7998ab7284e"/>
<objectids-entry key="Default zone¤PrismHR_Employee_Details¤PrismHR_Employee_Details_C4484610" objectid="24" type="ACTION" value="83aabcb6-3833-4052-9747-f9a4e4b7818f"/>
<objectids-entry key="Default zone¤PrismHR_Employee_Details¤PrismHR_Employee_Details_C4484610" objectid="25" type="ACTION" value="6615f5dd-6e89-47df-ae46-bc84dd006324"/>
<objectids-entry key="Default zone¤PrismHR_Employee_Details¤PrismHR_Employee_Details_C4484610" objectid="26" type="ACTION" value="98f63ff7-0fee-4258-97ae-c0c4289b5b79"/>
<objectids-entry key="Default zone¤PrismHR_Employee_Details¤PrismHR_Employee_Details_C4484610" objectid="27" type="ACTION" value="06dfec7a-161e-4e20-818c-9548fbd7c73c"/>
<objectids-entry key="Default zone¤PrismHR_Employee_Details¤PrismHR_Employee_Details_C4484610" objectid="28" type="ACTION" value="e4f4c25c-9265-4b71-9a57-c53ebdf1e7ce"/>
<objectids-entry key="Default zone¤PrismHR_Employee_Details¤PrismHR_Employee_Details_C4484610" objectid="29" type="ACTION" value="d49ae464-2e4f-4779-a743-6e1c5a6791e2"/>
<objectids-entry key="Default zone¤PrismHR_Employee_Details¤PrismHR_Employee_Details_C4484610" objectid="30" type="ACTION" value="827e607d-8ba2-498e-b0b2-25f21fd6a143"/>
<objectids-entry key="Default zone¤PrismHR_Employee_Details¤PrismHR_Employee_Details_C4484610" objectid="31" type="ACTION" value="3c42fd6d-1212-4929-bf42-9b8ee387a470"/>
<objectids-entry key="Default zone¤PrismHR_Employee_Details¤PrismHR_Employee_Details_C4484610" objectid="32" type="ACTION" value="a4c6e67e-ed71-4209-81ef-6e40dcd2830f"/>
<objectids-entry key="Default zone¤PrismHR_Employee_Details¤PrismHR_Employee_Details_C4484610" objectid="33" type="ACTION" value="8ff524cd-3e22-4651-8485-0c2d63e02835"/>
<objectids-entry key="Default zone¤PrismHR_Employee_Details¤PrismHR_Employee_Details_C4484610" objectid="34" type="ACTION" value="6afef67a-3bff-475f-98e4-cbf93b7b94db"/>
<objectids-entry key="Default zone¤PrismHR_Employee_Details¤PrismHR_Employee_Details_C4484610" objectid="35" type="ACTION" value="102cdae4-3f22-4b96-a6e6-dba938b050cd"/>
<objectids-entry key="Default zone¤PrismHR_Employee_Details¤PrismHR_Employee_Details_C4484610" objectid="36" type="ACTION" value="39e67eef-39fe-4859-8c20-85dbd4d7d9a2"/>
<objectids-entry key="Default zone¤PrismHR_Employee_Details¤PrismHR_Employee_Details_C4484610" objectid="37" type="ACTION" value="b49e2d86-f9d4-45d0-964f-cffd8e89da5d"/>
<objectids-entry key="Default zone¤PrismHR_Employee_Details¤PrismHR_Employee_Details_C4484610" objectid="38" type="HTTP_PAGE" value="8dbee141-5028-4b52-be56-d6023fe45539"/>
<objectids-entry key="Default zone¤PrismHR_Employee_Details¤PrismHR_Employee_Details_C4484610" objectid="39" type="ACTION" value="46de8119-94d1-48ce-a477-6b24b32275cd"/>
<objectids-entry key="Default zone¤PrismHR_Employee_Details¤PrismHR_Employee_Details_C4484610" objectid="40" type="HTTP_PAGE" value="3bbf7942-d057-4d7d-ac63-8af76e3e69ca"/>
<objectids-entry key="Default zone¤PrismHR_Employee_Details¤PrismHR_Employee_Details_C4484610" objectid="41" type="ACTION" value="099c8e8b-476d-4f5a-886a-6f0bb0063fd2"/>
<objectids-entry key="Default zone¤PrismHR_Employee_Details¤PrismHR_Employee_Details_C4484610" objectid="42" type="ACTION" value="a8a44649-890a-453f-b06b-a9f3e92a629e"/>
<objectids-entry key="Default zone¤PrismHR_Employee_Details¤PrismHR_Employee_Details_C4484610" objectid="43" type="ACTION" value="83fd016b-539c-43d4-a5d7-a718fdc4f0a1"/>
<objectids-entry key="Default zone¤PrismHR_Employee_Details¤PrismHR_Employee_Details_C4484610" objectid="44" type="ACTION" value="f1f079d7-2e40-4fd4-98b2-fc26beda9aea"/>
<objectids-entry key="Default zone¤PrismHR_Employee_Details¤PrismHR_Employee_Details_C4484610" objectid="45" type="ACTION" value="cfbefc2b-4788-4e40-bade-1a8ce4ba2b02"/>
<objectids-entry key="Default zone¤PrismHR_Employee_Details¤PrismHR_Employee_Details_C4484610" objectid="46" type="BASIC_LOGICAL_CONTAINER" value="4b60c59c-fe56-4fe6-92be-a6ce9ca71dc0"/>
<objectids-entry key="Default zone¤PrismHR_Employee_Details¤PrismHR_Employee_Details_C4484610" objectid="47" type="HTTP_PAGE" value="b72075b2-e70f-453c-b0bd-e6661b6bd85d"/>
<objectids-entry key="Default zone¤PrismHR_Employee_Details¤PrismHR_Employee_Details_C4484610" objectid="48" type="ACTION" value="cba701d7-fac3-4505-a636-a2e050a8b6c2"/>
<objectids-entry key="Default zone¤PrismHR_Employee_Details¤PrismHR_Employee_Details_C4484610" objectid="49" type="ACTION" value="898d34ca-2ae7-4bbb-a2e1-8d23fd0b1079"/>
<objectids-entry key="Default zone¤PrismHR_Employee_Details¤PrismHR_Employee_Details_C4484610" objectid="50" type="ACTION" value="f4950bb9-1827-4df2-a0d6-9dd31c6121bd"/>
<objectids-entry key="Default zone¤PrismHR_Employee_Details¤PrismHR_Employee_Details_C4484610" objectid="51" type="ACTION" value="99b093a2-7c84-4244-bc1d-edd5b32ecf08"/>
<objectids-entry key="Default zone¤PrismHR_Employee_Details¤PrismHR_Employee_Details_C4484610" objectid="52" type="ACTION" value="57af2c52-7c75-411c-b02b-5c8b82cbbec1"/>
<objectids-entry key="Default zone¤PrismHR_Employee_Details¤PrismHR_Employee_Details_C4484610" objectid="53" type="ACTION" value="34719b7c-f0da-411d-bda5-ab42bc11f68e"/>
<objectids-entry key="Default zone¤PrismHR_Employee_Details¤PrismHR_Employee_Details_C4484610" objectid="54" type="ACTION" value="65ef945d-9b22-434b-a0fc-549610d5a087"/>
<objectids-entry key="Default zone¤PrismHR_Employee_Details¤PrismHR_Employee_Details_C4484610" objectid="55" type="ACTION" value="4404d1ca-cbc0-410b-847e-3629cb54e291"/>
<objectids-entry key="Default zone¤PrismHR_Employee_Details¤PrismHR_Employee_Details_C4484610" objectid="56" type="ACTION" value="faf7ce3c-8399-46fd-a4de-afe4860dd731"/>
<objectids-entry key="Default zone¤PrismHR_Employee_Details¤PrismHR_Employee_Details_C4484610" objectid="57" type="ACTION" value="047685b8-0a99-46f2-af0e-d36c5ffeaffb"/>
<objectids-entry key="Default zone¤PrismHR_Employee_Details¤PrismHR_Employee_Details_C4484610" objectid="58" type="ACTION" value="e3940570-5db1-4fb4-b6b0-ff22ca92cd2e"/>
<objectids-entry key="Default zone¤PrismHR_Employee_Details¤PrismHR_Employee_Details_C4484610" objectid="59" type="ACTION" value="9ff937e9-319f-4649-8ac2-81e346eb0ad0"/>
<objectids-entry key="Default zone¤PrismHR_Employee_Details¤PrismHR_Employee_Details_C4484610" objectid="60" type="ACTION" value="7507c340-1856-4b32-b289-9c6f11e89736"/>
<objectids-entry key="Default zone¤PrismHR_Employee_Details¤PrismHR_Employee_Details_C4484610" objectid="61" type="ACTION" value="8ee60401-b28c-4d09-ba8d-ddcbfe8b942c"/>
<objectids-entry key="Default zone¤PrismHR_Employee_Details¤PrismHR_Employee_Details_C4484610" objectid="62" type="ACTION" value="7b97f276-d259-4959-b747-84effc42784e"/>
<objectids-entry key="Default zone¤PrismHR_Employee_Details¤PrismHR_Employee_Details_C4484610" objectid="63" type="ACTION" value="c72932df-5ca2-413f-9fc2-d075ff2ec6ed"/>
<objectids-entry key="Default zone¤PrismHR_Employee_Details¤PrismHR_Employee_Details_C4484610" objectid="64" type="ACTION" value="384765e8-3e0f-45f3-aa84-8b48e1ad776f"/>
<objectids-entry key="Default zone¤PrismHR_Employee_Details¤PrismHR_Employee_Details_C4484610" objectid="65" type="HTTP_PAGE" value="2ccf3c10-8972-4f6c-a6bb-e7b5e8cfad25"/>
<objectids-entry key="Default zone¤PrismHR_Employee_Details¤PrismHR_Employee_Details_C4484610" objectid="66" type="ACTION" value="9a20165d-75af-45f9-b105-4e0e703849e6"/>
<objectids-entry key="Default zone¤PrismHR_Employee_Details¤PrismHR_Employee_Details_C4484610" objectid="67" type="BASIC_LOGICAL_CONTAINER" value="e93f3506-a13a-45eb-a026-bd78c0cfadd5"/>
<objectids-entry key="Default zone¤PrismHR_Employee_Details¤PrismHR_Employee_Details_C4484610" objectid="68" type="HTTP_PAGE" value="2ebba06b-932e-403c-ab9d-1b49ecd05ea2"/>
<objectids-entry key="Default zone¤PrismHR_Employee_Details¤PrismHR_Employee_Details_C4484610" objectid="69" type="ACTION" value="dac1b5b4-f7c3-4d39-ab92-4dead2c30a6e"/>
<objectids-entry key="Default zone¤PrismHR_Employee_Details¤PrismHR_Employee_Details_C4484610" objectid="70" type="BASIC_LOGICAL_CONTAINER" value="cfe824a1-fa84-4e68-99cb-2010d478012b"/>
<objectids-entry key="Default zone¤PrismHR_Employee_Details¤PrismHR_Employee_Details_C4484610" objectid="71" type="HTTP_PAGE" value="26128a1b-1326-4dd0-bd05-930dff21f38a"/>
<objectids-entry key="Default zone¤PrismHR_Employee_Details¤PrismHR_Employee_Details_C4484610" objectid="72" type="ACTION" value="d562a925-aa4b-4bf4-bc32-bb2a459b109f"/>
<objectids-entry key="Default zone¤PrismHR_Employee_Details¤PrismHR_Employee_Details_C4484610" objectid="73" type="BASIC_LOGICAL_CONTAINER" value="457be628-b2cf-440f-a917-ed3c2ecab394"/>
<objectids-entry key="Default zone¤PrismHR_Employee_Details¤PrismHR_Employee_Details_C4484610" objectid="74" type="HTTP_PAGE" value="d3e9ddd9-6589-4679-b812-ca62a349dd14"/>
<objectids-entry key="Default zone¤PrismHR_Employee_Details¤PrismHR_Employee_Details_C4484610" objectid="75" type="ACTION" value="7b0baf58-4049-41e3-bb7f-542994a5c2cb"/>
<objectids-entry key="Default zone¤PrismHR_Employee_Details¤PrismHR_Employee_Details_C4484610" objectid="76" type="HTTP_PAGE" value="95fd5948-47cf-4872-91b5-688e6ea845da"/>
<objectids-entry key="Default zone¤PrismHR_Employee_Details¤PrismHR_Employee_Details_C4484610" objectid="77" type="ACTION" value="b669409f-4b80-42b1-b08c-de0a61994412"/>
<objectids-entry key="Default zone¤PrismHR_Employee_Details¤PrismHR_Employee_Details_C4484610" objectid="78" type="BASIC_LOGICAL_CONTAINER" value="a973f488-4aee-434c-930f-e83a3aabcd7d"/>
<objectids-entry key="Default zone¤PrismHR_Employee_Details¤PrismHR_Employee_Details_C4484610" objectid="79" type="HTTP_PAGE" value="ca9747ec-bf81-44d6-8cdc-7c37b6eac21d"/>
<objectids-entry key="Default zone¤PrismHR_Employee_Details¤PrismHR_Employee_Details_C4484610" objectid="80" type="ACTION" value="3ab6fe6a-9c0f-47ad-b488-0e1cf14c655c"/>
<objectids-entry key="Default zone¤PrismHR_Employee_Details¤PrismHR_Employee_Details_C4484610" objectid="81" type="HTTP_PAGE" value="1a74058b-672b-4f25-89b7-2c4fe9a65426"/>
<objectids-entry key="Default zone¤PrismHR_Employee_Details¤PrismHR_Employee_Details_C4484610" objectid="82" type="ACTION" value="b1574348-c5ec-4e53-bef2-ac9baa5821fc"/>
<objectids-entry key="Default zone¤PrismHR_Employee_Details¤PrismHR_Employee_Details_C4484610" objectid="83" type="ACTION" value="7ca9a2b4-c91c-48bf-b3f1-ee67b2b81d12"/>
<objectids-entry key="Default zone¤PrismHR_Employee_Details¤PrismHR_Employee_Details_C4484610" objectid="84" type="HTTP_PAGE" value="ca171f8b-34aa-4a7b-bd62-01d3ca560dba"/>
<objectids-entry key="Default zone¤PrismHR_Employee_Details¤PrismHR_Employee_Details_C4484610" objectid="85" type="ACTION" value="3beb7163-ba66-47e3-aec4-4a6e34e9c593"/>
<objectids-entry key="Default zone¤PrismHR_Employee_Details¤PrismHR_Employee_Details_C4484610" objectid="86" type="BASIC_LOGICAL_CONTAINER" value="dae333b8-9114-46a9-93e8-a9032d83d0d8"/>
<objectids-entry key="Default zone¤PrismHR_Employee_Details¤PrismHR_Employee_Details_C4484610" objectid="87" type="HTTP_PAGE" value="be9b55dd-6234-4864-aabb-2694d7485c5a"/>
<objectids-entry key="Default zone¤PrismHR_Employee_Details¤PrismHR_Employee_Details_C4484610" objectid="88" type="ACTION" value="1df41cf5-240a-4c2f-b2de-3c7fa3e59498"/>
<objectids-entry key="Default zone¤PrismHR_Employee_Details¤PrismHR_Employee_Details_C4484610" objectid="89" type="HTTP_PAGE" value="83b643d4-3b15-416e-99e2-441a97da68b7"/>
<objectids-entry key="Default zone¤PrismHR_Employee_Details¤PrismHR_Employee_Details_C4484610" objectid="90" type="ACTION" value="103da559-a2d9-471c-a35e-ed9fa63c95da"/>
<objectids-entry key="Default zone¤PrismHR_Employee_Details¤PrismHR_Employee_Details_C4484610" objectid="91" type="HTTP_PAGE" value="a97ea2d7-42f8-4cb2-817b-f32afe3bed24"/>
<objectids-entry key="Default zone¤PrismHR_Employee_Details¤PrismHR_Employee_Details_C4484610" objectid="92" type="ACTION" value="b6fe9239-f2ae-4330-8d2c-fa34eb7d9d6d"/>
<objectids-entry key="Default zone¤PrismHR_Employee_Details¤PrismHR_Employee_Details_C4484610" objectid="93" type="HTTP_PAGE" value="b53f0ff9-5503-4c49-830e-71da9534e2c4"/>
<objectids-entry key="Default zone¤PrismHR_Employee_Details¤PrismHR_Employee_Details_C4484610" objectid="94" type="ACTION" value="efb341f8-f5ff-4adb-95e0-2a7837137b39"/>
<objectids-entry key="Default zone¤PrismHR_Employee_Details¤PrismHR_Employee_Details_C4484610" objectid="95" type="HTTP_PAGE" value="5d4abea1-09e0-4f89-bdc9-9d74d0fee573"/>
<objectids-entry key="Default zone¤PrismHR_Employee_Details¤PrismHR_Employee_Details_C4484610" objectid="96" type="ACTION" value="a6e94573-d1ba-4fe8-9ec1-cc4f8cc3fdd1"/>
<objectids-entry key="Default zone¤PrismHR_Employee_Details¤PrismHR_Employee_Details_C4484610" objectid="97" type="ACTION" value="7e2fa9f9-2bbb-4f0f-8904-eb6550c29b8a"/>
<objectids-entry key="Default zone¤PrismHR_Employee_Details¤PrismHR_Employee_Details_C4484610" objectid="98" type="ACTION" value="163e95bf-895c-4f19-a321-80b5cce3f669"/>
<objectids-entry key="Default zone¤PrismHR_Employee_Details¤PrismHR_Employee_Details_C4484610" objectid="99" type="ACTION" value="ea99622a-662d-48c3-96bc-480c9155ba79"/>
<objectids-entry key="Default zone¤PrismHR_Employee_Details¤PrismHR_Employee_Details_C4484610" objectid="100" type="ACTION" value="c96ace5a-8630-4edb-94f8-d62fccfe5667"/>
<objectids-entry key="Default zone¤PrismHR_Employee_Details¤PrismHR_Employee_Details_C4484610" objectid="101" type="ACTION" value="ff67d4be-e6a8-49a5-9d14-52a1f7812b1b"/>
<objectids-entry key="Default zone¤PrismHR_Employee_Details¤PrismHR_Employee_Details_C4484610" objectid="102" type="ACTION" value="5a5e0d59-35fd-4e81-bd9c-aeb01073eda7"/>
<objectids-entry key="Default zone¤PrismHR_Employee_Details¤PrismHR_Employee_Details_C4484610" objectid="103" type="ACTION" value="2ff66049-a9de-4dec-8877-ba0e0e9a33fa"/>
<objectids-entry key="Default zone¤PrismHR_Employee_Details¤PrismHR_Employee_Details_C4484610" objectid="104" type="ACTION" value="bd3dcd35-dc46-43c6-9f25-163f9d7b4848"/>
<objectids-entry key="Default zone¤PrismHR_Employee_Details¤PrismHR_Employee_Details_C4484610" objectid="105" type="ACTION" value="533da437-fa3e-404f-b538-fafab9827410"/>
<objectids-entry key="Default zone¤PrismHR_Employee_Details¤PrismHR_Employee_Details_C4484610" objectid="106" type="ACTION" value="fd64c696-c9d3-4e60-b7c4-2ea0c886f7c8"/>
<objectids-entry key="Default zone¤PrismHR_Employee_Details¤PrismHR_Employee_Details_C4484610" objectid="107" type="ACTION" value="0eef56e3-27f5-44c9-bdd7-c9d7146576b8"/>
<objectids-entry key="Default zone¤PrismHR_Employee_Details¤PrismHR_Employee_Details_C4484610" objectid="108" type="ACTION" value="9a5704dd-282d-49ad-945a-c1e236c7486b"/>
<objectids-entry key="Default zone¤PrismHR_Employee_Details¤PrismHR_Employee_Details_C4484610" objectid="109" type="ACTION" value="dd87ea55-12bb-4bc6-ac9c-1040289b1597"/>
<objectids-entry key="Default zone¤PrismHR_Employee_Details¤PrismHR_Employee_Details_C4484610" objectid="110" type="HTTP_PAGE" value="ac887cf5-7c1c-4faf-b9ba-d83f4503df8c"/>
<objectids-entry key="Default zone¤PrismHR_Employee_Details¤PrismHR_Employee_Details_C4484610" objectid="111" type="ACTION" value="e7b2b722-3128-4b6a-9c95-dd1c3a71cc2a"/>
<objectids-entry key="Default zone¤PrismHR_Employee_Details¤PrismHR_Employee_Details_C4484610" objectid="112" type="HTTP_PAGE" value="4d7fd09d-24cc-4fa8-8e4f-13409293e842"/>
<objectids-entry key="Default zone¤PrismHR_Employee_Details¤PrismHR_Employee_Details_C4484610" objectid="113" type="ACTION" value="88dfed73-f6e6-4f82-a90c-576b085afb92"/>
<objectids-entry key="Default zone¤PrismHR_Employee_Details¤PrismHR_Employee_Details_C4484610" objectid="114" type="BASIC_LOGICAL_CONTAINER" value="80969b1d-4b90-42a8-aac4-94c3127d5ec5"/>
<objectids-entry key="Default zone¤PrismHR_Employee_Details¤PrismHR_Employee_Details_C4484610" objectid="115" type="HTTP_PAGE" value="868eaeec-c918-4d09-a0af-758d6032e76c"/>
<objectids-entry key="Default zone¤PrismHR_Employee_Details¤PrismHR_Employee_Details_C4484610" objectid="116" type="ACTION" value="1bb335bb-319e-434e-91ad-d17c82abd5a2"/>
<objectids-entry key="Default zone¤PrismHR_Employee_Details¤PrismHR_Employee_Details_C4484610" objectid="117" type="HTTP_PAGE" value="7e705e76-2532-45f5-86bc-43e5922a4147"/>
<objectids-entry key="Default zone¤PrismHR_Employee_Details¤PrismHR_Employee_Details_C4484610" objectid="118" type="ACTION" value="1940830b-5d53-44bc-879a-cc46817dce1f"/>
<objectids-entry key="Default zone¤PrismHR_Employee_Details¤PrismHR_Employee_Details_C4484610" objectid="119" type="HTTP_PAGE" value="22ac1918-9214-4079-86fe-336412785faf"/>
<objectids-entry key="Default zone¤PrismHR_Employee_Details¤PrismHR_Employee_Details_C4484610" objectid="120" type="ACTION" value="d652ff7c-8de6-4896-aef3-c5d28643cc45"/>
<objectids-entry key="Default zone¤PrismHR_Employee_Details¤PrismHR_Employee_Details_C4484610" objectid="121" type="ACTION" value="a7b4f86c-9799-4071-906b-d61db58517fb"/>
<objectids-entry key="Default zone¤PrismHR_Employee_Details¤PrismHR_Employee_Details_C4484610" objectid="122" type="BASIC_LOGICAL_CONTAINER" value="fd425c6f-71cc-485b-8818-e543c082dea3"/>
<objectids-entry key="Default zone¤PrismHR_Employee_Details¤PrismHR_Employee_Details_C4484610" objectid="123" type="HTTP_PAGE" value="5317aac1-78dd-4756-98df-53bd3015e7dd"/>
<objectids-entry key="Default zone¤PrismHR_Employee_Details¤PrismHR_Employee_Details_C4484610" objectid="124" type="ACTION" value="e826ff0d-ce38-47a2-9255-ad3cebc70183"/>
<objectids-entry key="Default zone¤PrismHR_Employee_Details¤PrismHR_Employee_Details_C4484610" objectid="125" type="BASIC_LOGICAL_CONTAINER" value="1c784715-301e-4dd2-9a5f-9aca5a574600"/>
<objectids-entry key="Default zone¤PrismHR_Employee_Details¤PrismHR_Employee_Details_C4484610" objectid="126" type="HTTP_PAGE" value="df66e393-85cb-4cf1-904c-f6e693d28966"/>
<objectids-entry key="Default zone¤PrismHR_Employee_Details¤PrismHR_Employee_Details_C4484610" objectid="127" type="ACTION" value="6f85462c-b49f-4afe-87c0-5f31791b8832"/>
<objectids-entry key="Default zone¤PrismHR_Employee_Details¤PrismHR_Employee_Details_C4484610" objectid="128" type="BASIC_LOGICAL_CONTAINER" value="edde4b8b-fb38-478a-b308-1d8bda93017d"/>
<objectids-entry key="Default zone¤PrismHR_Employee_Details¤PrismHR_Employee_Details_C4484610" objectid="129" type="HTTP_PAGE" value="3c5f362f-7cab-449c-a269-85806714931f"/>
<objectids-entry key="Default zone¤PrismHR_Employee_Details¤PrismHR_Employee_Details_C4484610" objectid="130" type="ACTION" value="d9a164cf-45e4-46af-afb9-3156f34a0303"/>
<objectids-entry key="Default zone¤PrismHR_Employee_Details¤PrismHR_Employee_Details_C4484610" objectid="131" type="BASIC_LOGICAL_CONTAINER" value="43907746-a91a-4cf2-8bb8-1f31405ebd7f"/>
<objectids-entry key="Default zone¤PrismHR_Employee_Details¤PrismHR_Employee_Details_C4484610" objectid="132" type="HTTP_PAGE" value="9e7a9859-e701-42f1-be61-93b917684585"/>
<objectids-entry key="Default zone¤PrismHR_Employee_Details¤PrismHR_Employee_Details_C4484610" objectid="133" type="ACTION" value="09fb769e-050b-4867-81d3-60f0acd82bb0"/>
<objectids-entry key="Default zone¤PrismHR_Employee_Details¤PrismHR_Employee_Details_C4484610" objectid="134" type="BASIC_LOGICAL_CONTAINER" value="fe5e04ed-0ca5-40b3-a0a6-0a2345b73579"/>
<objectids-entry key="Default zone¤PrismHR_Employee_Details¤PrismHR_Employee_Details_C4484610" objectid="135" type="HTTP_PAGE" value="46ec9747-c785-4acc-945f-f2c4105d2d07"/>
<objectids-entry key="Default zone¤PrismHR_Employee_Details¤PrismHR_Employee_Details_C4484610" objectid="136" type="ACTION" value="89d2442b-58bc-4641-8dda-e99c3e8a5ba8"/>
<objectids-entry key="Default zone¤PrismHR_Employee_Details¤PrismHR_Employee_Details_C4484610" objectid="137" type="ACTION" value="33cfcf02-2bff-48e4-81df-99a8e9412d83"/>
<objectids-entry key="Default zone¤PrismHR_Employee_Details¤PrismHR_Employee_Details_C4484610" objectid="138" type="ACTION" value="ad5866c6-fe5a-42cc-8b15-7b08cb6ff3ea"/>
<objectids-entry key="Default zone¤PrismHR_Employee_Details¤PrismHR_Employee_Details_C4484610" objectid="139" type="BASIC_LOGICAL_CONTAINER" value="c93ef94b-8bdd-43cb-9f29-362ae225a145"/>
<objectids-entry key="Default zone¤PrismHR_Employee_Details¤PrismHR_Employee_Details_C4484610" objectid="140" type="HTTP_PAGE" value="c390099f-a755-4df1-abec-1f7f5c77418e"/>
<objectids-entry key="Default zone¤PrismHR_Employee_Details¤PrismHR_Employee_Details_C4484610" objectid="141" type="ACTION" value="8f7f4bb4-1f6e-4ba6-b497-174b7ec1cf00"/>
<objectids-entry key="Default zone¤PrismHR_Employee_Details¤PrismHR_Employee_Details_C4484610" objectid="142" type="BASIC_LOGICAL_CONTAINER" value="1d944a63-8fb8-4648-8853-304f4e3f6252"/>
<objectids-entry key="Default zone¤PrismHR_Employee_Details¤PrismHR_Employee_Details_C4484610" objectid="143" type="HTTP_PAGE" value="8fc2b2af-8752-4e6a-9a9a-1565075aac38"/>
<objectids-entry key="Default zone¤PrismHR_Employee_Details¤PrismHR_Employee_Details_C4484610" objectid="144" type="ACTION" value="288d76a8-77d6-447f-b67b-61f7eb2b1d1e"/>
<objectids-entry key="Default zone¤PrismHR_Employee_Details¤PrismHR_Employee_Details_C4484610" objectid="145" type="BASIC_LOGICAL_CONTAINER" value="f6ac3a56-1395-470c-8492-03a08ba8461b"/>
<objectids-entry key="Default zone¤PrismHR_Employee_Details¤PrismHR_Employee_Details_C4484610" objectid="146" type="HTTP_PAGE" value="6d7cab6f-4b19-485e-9aeb-3b58558bb911"/>
<objectids-entry key="Default zone¤PrismHR_Employee_Details¤PrismHR_Employee_Details_C4484610" objectid="147" type="ACTION" value="ea29ac81-0581-4bc8-9587-5aa22d1698cb"/>
<objectids-entry key="Default zone¤PrismHR_Employee_Details¤PrismHR_Employee_Details_C4484610" objectid="148" type="ACTION" value="21e5b7e9-47fc-4365-8851-12c8817db074"/>
<objectids-entry key="Default zone¤PrismHR_Employee_Details¤PrismHR_Employee_Details_C4484610" objectid="149" type="BASIC_LOGICAL_CONTAINER" value="2752a676-a862-4c60-ae52-82af6f75cc78"/>
<objectids-entry key="Default zone¤PrismHR_Employee_Details¤PrismHR_Employee_Details_C4484610" objectid="150" type="HTTP_PAGE" value="8c17b67b-47fd-46d4-a8c0-915f0c1d0e91"/>
<objectids-entry key="Default zone¤PrismHR_Employee_Details¤PrismHR_Employee_Details_C4484610" objectid="151" type="ACTION" value="9800f265-6bc5-41be-9cbb-f428d9b1e6c0"/>
<objectids-entry key="Default zone¤PrismHR_Employee_Details¤PrismHR_Employee_Details_C4484610" objectid="152" type="HTTP_PAGE" value="cb89dee5-62d3-4248-bd89-54d08ed01d71"/>
<objectids-entry key="Default zone¤PrismHR_Employee_Details¤PrismHR_Employee_Details_C4484610" objectid="153" type="ACTION" value="ecb63a19-662d-4581-8a7c-7b1e5495d650"/>
<objectids-entry key="Default zone¤PrismHR_Employee_Details¤PrismHR_Employee_Details_C4484610" objectid="154" type="HTTP_PAGE" value="78c143cf-4091-49cb-83ae-613f6c7ac3cb"/>
<objectids-entry key="Default zone¤PrismHR_Employee_Details¤PrismHR_Employee_Details_C4484610" objectid="155" type="ACTION" value="499fa6d4-f305-476f-907d-20ddd2d94565"/>
<objectids-entry key="Default zone¤PrismHR_Employee_Details¤PrismHR_Employee_Details_C4484610" objectid="156" type="ACTION" value="f531078e-0339-4e91-b545-21824b719032"/>
<objectids-entry key="Default zone¤PrismHR_Employee_Details¤PrismHR_Employee_Details_C4484610" objectid="157" type="HTTP_PAGE" value="a6deeddd-9722-4adc-893e-d63b1ca487bd"/>
<objectids-entry key="Default zone¤PrismHR_Employee_Details¤PrismHR_Employee_Details_C4484610" objectid="158" type="ACTION" value="f801cbae-1c99-4e3e-a8f9-8fced31bcda4"/>
<objectids-entry key="Default zone¤PrismHR_Employee_Details¤PrismHR_Employee_Details_C4484610" objectid="159" type="BASIC_LOGICAL_CONTAINER" value="592231e6-cefd-4cdf-8ffe-debfc05e5e9b"/>
<objectids-entry key="Default zone¤PrismHR_Employee_Details¤PrismHR_Employee_Details_C4484610" objectid="160" type="DELAY" value="e69048d8-047f-4bed-b543-49190230095c"/>
<objectids-entry key="Default zone¤PrismHR_Employee_Details¤PrismHR_Employee_Details_C4484610" objectid="161" type="BASIC_LOGICAL_CONTAINER" value="$parent=PrismHR_Employee_Details_C4484610;$index=2"/>
<objectids-entry key="¤¤" objectid="162" type="MONITORED_HOST" value="NeoLoad"/>
<objectids-entry key="¤¤" objectid="163" type="MONITORCONNECTION" value="NeoLoad$NeoLoad"/>
<objectids-entry key="¤¤" objectid="164" type="MONITOR" value="NeoLoad$NeoLoad$UserLoad"/>
<objectids-entry key="¤¤" objectid="165" type="MONITOR" value="NeoLoad$NeoLoad$throughput"/>
<objectids-entry key="¤¤" objectid="166" type="MONITOR" value="NeoLoad$NeoLoad$Alerts"/>
<objectids-entry key="¤¤" objectid="167" type="MONITOR" value="NeoLoad$NeoLoad$CriticalAlerts"/>
<objectids-entry key="¤¤" objectid="168" type="MONITOR" value="NeoLoad$NeoLoad$WarningAlerts"/>
<objectids-entry key="¤¤" objectid="169" type="MONITOR" value="NeoLoad$NeoLoad$cpu"/>
<objectids-entry key="¤¤" objectid="170" type="THRESHOLD" value="NeoLoad$NeoLoad$c1aa26cc-af5f-4bc7-b793-cc0f43202965"/>
<objectids-entry key="¤¤" objectid="171" type="MONITOR" value="NeoLoad$NeoLoad$memory"/>
<objectids-entry key="¤¤" objectid="172" type="THRESHOLD" value="NeoLoad$NeoLoad$540380fc-f797-4cf4-8fbc-0bc1dd5bf440"/>
<objectids-entry key="¤¤" objectid="173" type="MONITOR" value="NeoLoad$NeoLoad$threadcount"/>
<objectids-entry key="¤¤" objectid="174" type="MONITOR" value="NeoLoad$NeoLoad$memoryos"/>
<objectids-entry key="¤¤" objectid="175" type="THRESHOLD" value="NeoLoad$NeoLoad$2b9e91ef-3505-40bc-9261-e764d038693a"/>
<objectids-entry key="¤¤" objectid="176" type="MONITOR" value="NeoLoad$NeoLoad$connectedlg"/>
<objectids-entry key="¤¤" objectid="177" type="MONITOR" value="NeoLoad$NeoLoad$totallgdisconnections"/>
<objectids-entry key="¤¤" objectid="178" type="THRESHOLD" value="NeoLoad$NeoLoad$0d6193ad-fd7e-4545-92d8-f8548a3946b0"/>
<objectids-entry key="¤¤" objectid="179" type="MONITOR" value="NeoLoad$NeoLoad$totallgreconnections"/>
<objectids-entry key="¤¤" objectid="180" type="MONITOR" value="NeoLoad$NeoLoad$otcp.NeoLoad"/>
<objectids-entry key="¤¤" objectid="181" type="MONITOR" value="NeoLoad$NeoLoad$tcp.NeoLoad"/>
<objectids-entry key="¤¤" objectid="182" type="MONITOR" value="NeoLoad$NeoLoad$ibytesperinterface~NeoLoad~eth11"/>
<objectids-entry key="¤¤" objectid="183" type="MONITOR" value="NeoLoad$NeoLoad$obytesperinterface~NeoLoad~eth11"/>
<objectids-entry key="¤¤" objectid="184" type="MONITOR" value="NeoLoad$NeoLoad$ibytesperinterface~NeoLoad~eth13"/>
<objectids-entry key="¤¤" objectid="185" type="MONITOR" value="NeoLoad$NeoLoad$obytesperinterface~NeoLoad~eth13"/>
<objectids-entry key="¤¤" objectid="186" type="MONITOR" value="NeoLoad$NeoLoad$SapUserLoad"/>
<objectids-entry key="¤¤" objectid="187" type="MONITOR" value="NeoLoad$NeoLoad$zoneuserload~Default zone"/>
<objectids-entry key="¤¤" objectid="188" type="MONITOR" value="NeoLoad$NeoLoad$zoneuserloadperpopulation~Default zone~PrismHR_Employee_Details"/>
<objectids-entry key="¤¤" objectid="189" type="MONITOR" value="NeoLoad$NeoLoad$zoneuserloadperpopulation~Default zone~PrismHR_Employee_Details~PrismHR_Employee_Details_C4484610"/>
<objectids-entry key="¤¤" objectid="190" type="MONITORED_HOST" value="LG 887357-1RDPT002.davison.local:7100"/>
<objectids-entry key="¤¤" objectid="191" type="MONITORCONNECTION" value="LG 887357-1RDPT002.davison.local:7100$NeoLoad"/>
<objectids-entry key="¤¤" objectid="192" type="MONITOR" value="LG 887357-1RDPT002.davison.local:7100$NeoLoad$lgcpu.887357-1RDPT002.davison.local:7100"/>
<objectids-entry key="¤¤" objectid="193" type="THRESHOLD" value="LG 887357-1RDPT002.davison.local:7100$NeoLoad$793733e6-e173-4c36-982e-6c5f820e7771"/>
<objectids-entry key="¤¤" objectid="194" type="MONITOR" value="LG 887357-1RDPT002.davison.local:7100$NeoLoad$lgmemory.887357-1RDPT002.davison.local:7100"/>
<objectids-entry key="¤¤" objectid="195" type="THRESHOLD" value="LG 887357-1RDPT002.davison.local:7100$NeoLoad$28912a57-d123-4806-b78d-717da7df70be"/>
<objectids-entry key="¤¤" objectid="196" type="MONITOR" value="LG 887357-1RDPT002.davison.local:7100$NeoLoad$lgthroughput.887357-1RDPT002.davison.local:7100"/>
<objectids-entry key="¤¤" objectid="197" type="MONITOR" value="LG 887357-1RDPT002.davison.local:7100$NeoLoad$lgosmemory.887357-1RDPT002.davison.local:7100"/>
<objectids-entry key="¤¤" objectid="198" type="THRESHOLD" value="LG 887357-1RDPT002.davison.local:7100$NeoLoad$cbff18a9-2050-4b45-be97-21f834e6a5d3"/>
<objectids-entry key="¤¤" objectid="199" type="MONITOR" value="LG 887357-1RDPT002.davison.local:7100$NeoLoad$lguserloadperpopulation~887357-1RDPT002.davison.local:7100"/>
<objectids-entry key="¤¤" objectid="200" type="MONITOR" value="LG 887357-1RDPT002.davison.local:7100$NeoLoad$lgthreadcount.887357-1RDPT002.davison.local:7100"/>
<objectids-entry key="¤¤" objectid="201" type="MONITOR" value="LG 887357-1RDPT002.davison.local:7100$NeoLoad$lg.jetty.httpclient.threadpool.used.887357-1RDPT002.davison.local:7100"/>
<objectids-entry key="¤¤" objectid="202" type="MONITOR" value="LG 887357-1RDPT002.davison.local:7100$NeoLoad$lg.jetty.httpclient.taskpool.used.887357-1RDPT002.davison.local:7100"/>
<objectids-entry key="¤¤" objectid="203" type="THRESHOLD" value="LG 887357-1RDPT002.davison.local:7100$NeoLoad$e36f1c4a-c1fd-4b87-b88b-0755fdeda0ce"/>
<objectids-entry key="¤¤" objectid="204" type="MONITOR" value="LG 887357-1RDPT002.davison.local:7100$NeoLoad$lgdisconnections.887357-1RDPT002.davison.local:7100"/>
<objectids-entry key="¤¤" objectid="205" type="MONITOR" value="LG 887357-1RDPT002.davison.local:7100$NeoLoad$lgreconnections.887357-1RDPT002.davison.local:7100"/>
<objectids-entry key="¤¤" objectid="206" type="MONITOR" value="LG 887357-1RDPT002.davison.local:7100$NeoLoad$lgping.887357-1RDPT002.davison.local:7100"/>
<objectids-entry key="¤¤" objectid="207" type="MONITOR" value="LG 887357-1RDPT002.davison.local:7100$NeoLoad$lgotcp.887357-1RDPT002.davison.local:7100"/>
<objectids-entry key="¤¤" objectid="208" type="MONITOR" value="LG 887357-1RDPT002.davison.local:7100$NeoLoad$lgtcp.887357-1RDPT002.davison.local:7100"/>
<objectids-entry key="¤¤" objectid="209" type="MONITOR" value="LG 887357-1RDPT002.davison.local:7100$NeoLoad$lgibytesperinterface~887357-1RDPT002.davison.local:7100~eth5"/>
<objectids-entry key="¤¤" objectid="210" type="MONITOR" value="LG 887357-1RDPT002.davison.local:7100$NeoLoad$lgobytesperinterface~887357-1RDPT002.davison.local:7100~eth5"/>
<objectids-entry key="¤¤" objectid="211" type="MONITOR" value="LG 887357-1RDPT002.davison.local:7100$NeoLoad$lgibytesperinterface~887357-1RDPT002.davison.local:7100~eth4"/>
<objectids-entry key="¤¤" objectid="212" type="MONITOR" value="LG 887357-1RDPT002.davison.local:7100$NeoLoad$lgobytesperinterface~887357-1RDPT002.davison.local:7100~eth4"/>
</objectids-table>
<!--****** DURATION ******-->
<duration value="0"/>
<!--****** AGGREGATION PERIOD ******-->
<aggregation-period value="1000"/>
<!--****** EXTENDED STATISTICS ******-->
<truncated-mean centered-interval="true" percentage="90"/>
<percentile percentage="50"/>
</project>
