
	<!DOCTYPE project [
		<!ELEMENT project (objectids-table | current-scenario | duration | aggregation-period | truncated-mean | percentile)* >
	
		<!ELEMENT objectids-table (objectids-entry)* >
		<!ELEMENT objectids-entry (#PCDATA)>
		<!ELEMENT duration (#PCDATA)>
		<!ELEMENT truncated-mean (#PCDATA)>
		<!ELEMENT percentile (#PCDATA)>
		<!ELEMENT aggregation-period (#PCDATA)>
		<!ELEMENT current-scenario (#PCDATA)>
		<!ATTLIST duration
		    value CDATA #REQUIRED>
	    <!ATTLIST aggregation-period
		    value CDATA #REQUIRED>
		<!ATTLIST objectids-entry
		    objectid CDATA #REQUIRED
		    type CDATA #REQUIRED
		    value CDATA #REQUIRED
		    key CDATA #REQUIRED>
		<!ATTLIST truncated-mean
		    centered-interval CDATA #REQUIRED
		    percentage CDATA #REQUIRED>
		 <!ATTLIST percentile
		    percentage CDATA #REQUIRED>
	]>


<!--****** RUNTIME PROJECT ******--><project>
<!--****** CURRENT SCENARIO ******-->
<current-scenario>OB_QR_001_C5241577</current-scenario>
<!--****** OBJECTIDS ******-->
<objectids-table>
<objectids-entry key="" objectid="0" type="LG_HOST" value="10.149.80.138:7100"/>
<objectids-entry key="" objectid="1" type="ZONE" value="Default zone"/>
<objectids-entry key="Default zone¤OB¤" objectid="2" type="POPULATION" value="OB"/>
<objectids-entry key="Default zone¤OB¤OB_Standard_C4484603" objectid="3" type="VIRTUAL_USER" value="OB_Standard_C4484603"/>
<objectids-entry key="Default zone¤OB¤OB_Standard_C4484603" objectid="4" type="BASIC_LOGICAL_CONTAINER" value="$parent=OB_Standard_C4484603;$index=0"/>
<objectids-entry key="Default zone¤OB¤OB_Standard_C4484603" objectid="5" type="BASIC_LOGICAL_CONTAINER" value="$parent=OB_Standard_C4484603;$index=1"/>
<objectids-entry key="Default zone¤OB¤OB_Standard_C4484603" objectid="6" type="BASIC_LOGICAL_CONTAINER" value="2a849922-db12-4018-a9b0-2af00669fb68"/>
<objectids-entry key="Default zone¤OB¤OB_Standard_C4484603" objectid="7" type="DELAY" value="823c64a0-f7d0-48ee-b0bc-27a12af926dd"/>
<objectids-entry key="Default zone¤OB¤OB_Standard_C4484603" objectid="8" type="BASIC_LOGICAL_CONTAINER" value="52747eb6-579c-4add-81e0-8f6cfe94b81a"/>
<objectids-entry key="Default zone¤OB¤OB_Standard_C4484603" objectid="9" type="HTTP_PAGE" value="a0a73485-4780-41c0-a426-a3cb8d2af710"/>
<objectids-entry key="Default zone¤OB¤OB_Standard_C4484603" objectid="10" type="ACTION" value="8bacab33-c234-4179-8812-0ec4e2aa49bc"/>
<objectids-entry key="Default zone¤OB¤OB_Standard_C4484603" objectid="11" type="ACTION" value="b2ed55bc-127e-4b32-a3cf-43c10591a9a1"/>
<objectids-entry key="Default zone¤OB¤OB_Standard_C4484603" objectid="12" type="ACTION" value="8a01c32f-7b0c-4e46-b8fc-f4fb71027615"/>
<objectids-entry key="Default zone¤OB¤OB_Standard_C4484603" objectid="13" type="ACTION" value="da5eb888-addd-46c3-b439-e202861a1f84"/>
<objectids-entry key="Default zone¤OB¤OB_Standard_C4484603" objectid="14" type="ACTION" value="38661ec5-61ca-4603-a140-1ce107fa639c"/>
<objectids-entry key="Default zone¤OB¤OB_Standard_C4484603" objectid="15" type="HTTP_PAGE" value="d8b6e2ab-0b17-4aa8-9949-fda979408318"/>
<objectids-entry key="Default zone¤OB¤OB_Standard_C4484603" objectid="16" type="ACTION" value="7c3c94e4-9e94-47d7-9a86-c386567112af"/>
<objectids-entry key="Default zone¤OB¤OB_Standard_C4484603" objectid="17" type="ACTION" value="e161442f-2a4a-48c3-8b75-793a3ef2ead8"/>
<objectids-entry key="Default zone¤OB¤OB_Standard_C4484603" objectid="18" type="ACTION" value="18eae300-7ee7-42d5-a6ae-41fc44f1fa75"/>
<objectids-entry key="Default zone¤OB¤OB_Standard_C4484603" objectid="19" type="ACTION" value="3296dca9-2ffc-4d7e-8105-9f0d3e4be872"/>
<objectids-entry key="Default zone¤OB¤OB_Standard_C4484603" objectid="20" type="ACTION" value="75399211-9809-4a2b-94d9-c9be9cdcd658"/>
<objectids-entry key="Default zone¤OB¤OB_Standard_C4484603" objectid="21" type="ACTION" value="8c0793c7-d8fd-4c8c-96bf-3f6f4427bc2c"/>
<objectids-entry key="Default zone¤OB¤OB_Standard_C4484603" objectid="22" type="ACTION" value="8203eb55-d314-4db0-b5c6-25918252816c"/>
<objectids-entry key="Default zone¤OB¤OB_Standard_C4484603" objectid="23" type="HTTP_PAGE" value="d0800611-86f8-4204-b37a-7f8afa2aa77f"/>
<objectids-entry key="Default zone¤OB¤OB_Standard_C4484603" objectid="24" type="ACTION" value="18d0a198-bb29-45c2-b1a6-71a29a3276a9"/>
<objectids-entry key="Default zone¤OB¤OB_Standard_C4484603" objectid="25" type="HTTP_PAGE" value="7239bdc3-3209-4e1c-b832-393c29ba59a4"/>
<objectids-entry key="Default zone¤OB¤OB_Standard_C4484603" objectid="26" type="ACTION" value="5b5b76d1-c794-45b8-8bdb-66ccdb4a0faa"/>
<objectids-entry key="Default zone¤OB¤OB_Standard_C4484603" objectid="27" type="ACTION" value="62a49905-aa37-4a46-862f-912158b2130b"/>
<objectids-entry key="Default zone¤OB¤OB_Standard_C4484603" objectid="28" type="ACTION" value="49770c58-b1f1-415c-a5f3-fa93cd5cd7b7"/>
<objectids-entry key="Default zone¤OB¤OB_Standard_C4484603" objectid="29" type="ACTION" value="6ef44918-b87c-4786-ba7d-5c75ce3c4c6c"/>
<objectids-entry key="Default zone¤OB¤OB_Standard_C4484603" objectid="30" type="BASIC_LOGICAL_CONTAINER" value="49f69f4c-22ce-436a-96bd-42fcaeae4e0c"/>
<objectids-entry key="Default zone¤OB¤OB_Standard_C4484603" objectid="31" type="HTTP_PAGE" value="fd5e2a5a-de98-4fa3-a796-f43d5bc5fa71"/>
<objectids-entry key="Default zone¤OB¤OB_Standard_C4484603" objectid="32" type="ACTION" value="f65d3623-9d61-4a0a-bb53-70db0b943dc1"/>
<objectids-entry key="Default zone¤OB¤OB_Standard_C4484603" objectid="33" type="ACTION" value="36622df8-d4c8-45c9-bcbd-e410f8d8934a"/>
<objectids-entry key="Default zone¤OB¤OB_Standard_C4484603" objectid="34" type="ACTION" value="61fbf856-2cab-4d8a-b854-16688f4c9a94"/>
<objectids-entry key="Default zone¤OB¤OB_Standard_C4484603" objectid="35" type="ACTION" value="9d2bb8a8-c874-4d0e-808b-29998c0443de"/>
<objectids-entry key="Default zone¤OB¤OB_Standard_C4484603" objectid="36" type="ACTION" value="1d8f5388-4c39-4e28-8f7a-efc52f273ab2"/>
<objectids-entry key="Default zone¤OB¤OB_Standard_C4484603" objectid="37" type="HTTP_PAGE" value="e2dd14d1-47bb-499c-8f0b-91e0208895f0"/>
<objectids-entry key="Default zone¤OB¤OB_Standard_C4484603" objectid="38" type="ACTION" value="fabc9d8a-d084-47d9-bcc0-73acdedf0255"/>
<objectids-entry key="Default zone¤OB¤OB_Standard_C4484603" objectid="39" type="ACTION" value="68e1b2d6-a016-4712-b8cc-44df300eac34"/>
<objectids-entry key="Default zone¤OB¤OB_Standard_C4484603" objectid="40" type="ACTION" value="80fec32c-e0a2-4903-8902-8df29b9ad430"/>
<objectids-entry key="Default zone¤OB¤OB_Standard_C4484603" objectid="41" type="ACTION" value="e3b8eed5-716a-4491-94fa-596b091dbae4"/>
<objectids-entry key="Default zone¤OB¤OB_Standard_C4484603" objectid="42" type="ACTION" value="3299097c-d7c4-41f0-a0e1-8c306b72b81f"/>
<objectids-entry key="Default zone¤OB¤OB_Standard_C4484603" objectid="43" type="ACTION" value="f8ee8255-cb48-4ab5-a9bd-ba248026daec"/>
<objectids-entry key="Default zone¤OB¤OB_Standard_C4484603" objectid="44" type="ACTION" value="82da4941-f30f-4d53-985d-dfd6ae672265"/>
<objectids-entry key="Default zone¤OB¤OB_Standard_C4484603" objectid="45" type="ACTION" value="f6ff4c95-22e8-4526-9c84-db530de82abb"/>
<objectids-entry key="Default zone¤OB¤OB_Standard_C4484603" objectid="46" type="ACTION" value="fd65b319-4be3-43df-bcae-150d4506e1e7"/>
<objectids-entry key="Default zone¤OB¤OB_Standard_C4484603" objectid="47" type="ACTION" value="405a7c86-1353-4e40-a407-9de4bc36bf7b"/>
<objectids-entry key="Default zone¤OB¤OB_Standard_C4484603" objectid="48" type="ACTION" value="6719469a-c8f3-49b2-b3af-8cce8382434b"/>
<objectids-entry key="Default zone¤OB¤OB_Standard_C4484603" objectid="49" type="ACTION" value="7d0a4a56-7218-4306-bbf1-dfe5cdfdcc80"/>
<objectids-entry key="Default zone¤OB¤OB_Standard_C4484603" objectid="50" type="ACTION" value="ce78209d-80e1-43bf-9c1d-0a3830179459"/>
<objectids-entry key="Default zone¤OB¤OB_Standard_C4484603" objectid="51" type="ACTION" value="504c748c-ddbc-444a-98ee-b98a4560c5f0"/>
<objectids-entry key="Default zone¤OB¤OB_Standard_C4484603" objectid="52" type="ACTION" value="38e0ec7b-a5d8-4f0c-9a86-44c4080026c3"/>
<objectids-entry key="Default zone¤OB¤OB_Standard_C4484603" objectid="53" type="ACTION" value="974ac8ba-9ee1-4c65-ac4f-a461755f7898"/>
<objectids-entry key="Default zone¤OB¤OB_Standard_C4484603" objectid="54" type="ACTION" value="4c9e9183-6edb-4ce4-92f2-fb69f8c381cf"/>
<objectids-entry key="Default zone¤OB¤OB_Standard_C4484603" objectid="55" type="ACTION" value="c2159aee-05e5-4473-a1cc-81820bcfbe91"/>
<objectids-entry key="Default zone¤OB¤OB_Standard_C4484603" objectid="56" type="ACTION" value="54b01fa8-046c-451d-acfe-33e5997eb9f9"/>
<objectids-entry key="Default zone¤OB¤OB_Standard_C4484603" objectid="57" type="ACTION" value="f193228f-3894-4a67-a1d8-d28686d9b1a3"/>
<objectids-entry key="Default zone¤OB¤OB_Standard_C4484603" objectid="58" type="ACTION" value="6816a8d7-f610-425d-b191-9b0c176c1ed5"/>
<objectids-entry key="Default zone¤OB¤OB_Standard_C4484603" objectid="59" type="ACTION" value="bae4f696-151e-456e-8058-037e713fe9b1"/>
<objectids-entry key="Default zone¤OB¤OB_Standard_C4484603" objectid="60" type="ACTION" value="4385ed00-041e-495d-9206-04d6db23ca4f"/>
<objectids-entry key="Default zone¤OB¤OB_Standard_C4484603" objectid="61" type="ACTION" value="b8732dce-bbf1-41ac-9b99-1c78854482cf"/>
<objectids-entry key="Default zone¤OB¤OB_Standard_C4484603" objectid="62" type="ACTION" value="20bcd2e7-175e-4569-96a1-53662b180f45"/>
<objectids-entry key="Default zone¤OB¤OB_Standard_C4484603" objectid="63" type="ACTION" value="0964a2db-2cca-4161-9ef4-bf4b9293df67"/>
<objectids-entry key="Default zone¤OB¤OB_Standard_C4484603" objectid="64" type="ACTION" value="86818bac-996a-497e-bced-0ffd41522e41"/>
<objectids-entry key="Default zone¤OB¤OB_Standard_C4484603" objectid="65" type="ACTION" value="de7f0d04-70e8-4992-8060-f91aa3046f53"/>
<objectids-entry key="Default zone¤OB¤OB_Standard_C4484603" objectid="66" type="HTTP_PAGE" value="118b9a59-3f74-4125-bd1a-c4ef83ff829e"/>
<objectids-entry key="Default zone¤OB¤OB_Standard_C4484603" objectid="67" type="ACTION" value="fedf5ae6-60ab-4a4d-b1b2-0af669385291"/>
<objectids-entry key="Default zone¤OB¤OB_Standard_C4484603" objectid="68" type="ACTION" value="83a475de-26a1-4a94-9c5b-ae85df983135"/>
<objectids-entry key="Default zone¤OB¤OB_Standard_C4484603" objectid="69" type="ACTION" value="15734d06-1f3c-47be-af55-75120ee1e9a5"/>
<objectids-entry key="Default zone¤OB¤OB_Standard_C4484603" objectid="70" type="ACTION" value="2d591f57-5207-4833-8544-abdc3378f19b"/>
<objectids-entry key="Default zone¤OB¤OB_Standard_C4484603" objectid="71" type="ACTION" value="17418e64-6f69-41f9-945c-ccb407e5506f"/>
<objectids-entry key="Default zone¤OB¤OB_Standard_C4484603" objectid="72" type="ACTION" value="94e1235f-9431-4d46-b038-01d953ecbc26"/>
<objectids-entry key="Default zone¤OB¤OB_Standard_C4484603" objectid="73" type="ACTION" value="c6b481ff-9e39-40fe-bd49-9f5f2b200e1f"/>
<objectids-entry key="Default zone¤OB¤OB_Standard_C4484603" objectid="74" type="ACTION" value="f5dae0e5-6673-4dd6-b2b1-59ae3a7a2072"/>
<objectids-entry key="Default zone¤OB¤OB_Standard_C4484603" objectid="75" type="ACTION" value="fd826650-3912-4e36-8686-7df5b3ae5750"/>
<objectids-entry key="Default zone¤OB¤OB_Standard_C4484603" objectid="76" type="ACTION" value="4cfc0239-c3e5-43e6-8129-d62bb9056726"/>
<objectids-entry key="Default zone¤OB¤OB_Standard_C4484603" objectid="77" type="ACTION" value="79aa7e0f-71cc-4513-8ff0-8501eb2aee2e"/>
<objectids-entry key="Default zone¤OB¤OB_Standard_C4484603" objectid="78" type="ACTION" value="b8f2f8c9-a4d2-4b61-b846-3a45f1697e79"/>
<objectids-entry key="Default zone¤OB¤OB_Standard_C4484603" objectid="79" type="BASIC_LOGICAL_CONTAINER" value="b3568c16-750f-4ca4-a1b6-2545e288ab71"/>
<objectids-entry key="Default zone¤OB¤OB_Standard_C4484603" objectid="80" type="HTTP_PAGE" value="c5e1a8f4-7aad-486f-9cac-bce27efecf93"/>
<objectids-entry key="Default zone¤OB¤OB_Standard_C4484603" objectid="81" type="ACTION" value="2ad27288-63a1-4915-aa4c-75ed74528603"/>
<objectids-entry key="Default zone¤OB¤OB_Standard_C4484603" objectid="82" type="ACTION" value="96b30ade-c9af-4278-bd89-2ff3cc2dff9c"/>
<objectids-entry key="Default zone¤OB¤OB_Standard_C4484603" objectid="83" type="BASIC_LOGICAL_CONTAINER" value="88718bd1-36ac-45d9-8a6c-f47f13275541"/>
<objectids-entry key="Default zone¤OB¤OB_Standard_C4484603" objectid="84" type="HTTP_PAGE" value="be9e2ac6-dc95-42f2-bcb6-cbc7e10d01a5"/>
<objectids-entry key="Default zone¤OB¤OB_Standard_C4484603" objectid="85" type="ACTION" value="7b01e176-4f74-493d-a5e5-2f5550d203a4"/>
<objectids-entry key="Default zone¤OB¤OB_Standard_C4484603" objectid="86" type="BASIC_LOGICAL_CONTAINER" value="86ef8d8c-7b88-4ff1-9901-995e5f1ed473"/>
<objectids-entry key="Default zone¤OB¤OB_Standard_C4484603" objectid="87" type="HTTP_PAGE" value="640be484-d26c-4dac-b2ab-fe646d34ad52"/>
<objectids-entry key="Default zone¤OB¤OB_Standard_C4484603" objectid="88" type="ACTION" value="a95ab171-9ebe-4d07-9683-9fcb8d430a5b"/>
<objectids-entry key="Default zone¤OB¤OB_Standard_C4484603" objectid="89" type="ACTION" value="5ab983ee-b46a-483f-b4ff-4605a25bd491"/>
<objectids-entry key="Default zone¤OB¤OB_Standard_C4484603" objectid="90" type="ACTION" value="3b226c51-aea2-43be-9a96-5d9418919e5b"/>
<objectids-entry key="Default zone¤OB¤OB_Standard_C4484603" objectid="91" type="BASIC_LOGICAL_CONTAINER" value="cacd4c4e-6bcc-45b2-9193-ddfa7ec02a92"/>
<objectids-entry key="Default zone¤OB¤OB_Standard_C4484603" objectid="92" type="HTTP_PAGE" value="69eef1eb-2617-48d7-a4a6-994a8e6fe9e6"/>
<objectids-entry key="Default zone¤OB¤OB_Standard_C4484603" objectid="93" type="ACTION" value="3dc6b60c-2623-4e8b-84bf-fd190ff00676"/>
<objectids-entry key="Default zone¤OB¤OB_Standard_C4484603" objectid="94" type="ACTION" value="18045673-0294-4e0f-bc10-ee956600dc8b"/>
<objectids-entry key="Default zone¤OB¤OB_Standard_C4484603" objectid="95" type="ACTION" value="f0e6458e-c509-48c1-9745-c81299f67721"/>
<objectids-entry key="Default zone¤OB¤OB_Standard_C4484603" objectid="96" type="ACTION" value="760523fc-c3ad-43af-8488-9c6676185fa4"/>
<objectids-entry key="Default zone¤OB¤OB_Standard_C4484603" objectid="97" type="BASIC_LOGICAL_CONTAINER" value="764d379d-c073-4186-8024-c2e05b83aef9"/>
<objectids-entry key="Default zone¤OB¤OB_Standard_C4484603" objectid="98" type="HTTP_PAGE" value="0a2284c8-35ca-4142-8924-6bb5f894954e"/>
<objectids-entry key="Default zone¤OB¤OB_Standard_C4484603" objectid="99" type="ACTION" value="7f1753e0-ff38-4e46-8f87-b6b25344b8b3"/>
<objectids-entry key="Default zone¤OB¤OB_Standard_C4484603" objectid="100" type="HTTP_PAGE" value="10e25b2b-927c-4123-9a86-7b77efb056ad"/>
<objectids-entry key="Default zone¤OB¤OB_Standard_C4484603" objectid="101" type="ACTION" value="c89d5ea6-9c49-4843-85f1-50c0bf02c214"/>
<objectids-entry key="Default zone¤OB¤OB_Standard_C4484603" objectid="102" type="ACTION" value="3c5c7e02-644b-400f-b8b9-6b3bc09a51d7"/>
<objectids-entry key="Default zone¤OB¤OB_Standard_C4484603" objectid="103" type="BASIC_LOGICAL_CONTAINER" value="9dfe20e6-e8b1-4c93-9301-9df9cf7905bd"/>
<objectids-entry key="Default zone¤OB¤OB_Standard_C4484603" objectid="104" type="HTTP_PAGE" value="7f4f9a2f-5aaa-4c4a-8638-b9177deda0aa"/>
<objectids-entry key="Default zone¤OB¤OB_Standard_C4484603" objectid="105" type="ACTION" value="6cd38a6d-5ebc-49b2-afd6-57e2ba9b8d16"/>
<objectids-entry key="Default zone¤OB¤OB_Standard_C4484603" objectid="106" type="ACTION" value="8087ec02-7076-41e7-a75e-e5ad99c2d229"/>
<objectids-entry key="Default zone¤OB¤OB_Standard_C4484603" objectid="107" type="ACTION" value="bf3b1aca-c20e-4ab7-8bf9-4944870d88a1"/>
<objectids-entry key="Default zone¤OB¤OB_Standard_C4484603" objectid="108" type="ACTION" value="f510355b-1955-40db-8d97-0c2611a1c06c"/>
<objectids-entry key="Default zone¤OB¤OB_Standard_C4484603" objectid="109" type="ACTION" value="cbfded82-4a8b-40f5-8dea-c7662c22e11d"/>
<objectids-entry key="Default zone¤OB¤OB_Standard_C4484603" objectid="110" type="ACTION" value="91235a26-9c64-40f9-8885-251f1d97b061"/>
<objectids-entry key="Default zone¤OB¤OB_Standard_C4484603" objectid="111" type="BASIC_LOGICAL_CONTAINER" value="d3c68462-ed9f-48a3-857f-b2e912567c41"/>
<objectids-entry key="Default zone¤OB¤OB_Standard_C4484603" objectid="112" type="HTTP_PAGE" value="cdc34732-4317-4a3f-8ef4-85527f7df588"/>
<objectids-entry key="Default zone¤OB¤OB_Standard_C4484603" objectid="113" type="ACTION" value="fa30d7bd-7946-49c7-8a2a-690b650b3f71"/>
<objectids-entry key="Default zone¤OB¤OB_Standard_C4484603" objectid="114" type="ACTION" value="f0a11655-aa00-400d-8901-4cfe244ca322"/>
<objectids-entry key="Default zone¤OB¤OB_Standard_C4484603" objectid="115" type="ACTION" value="02d3f435-0676-4629-aa90-44dfee8dd937"/>
<objectids-entry key="Default zone¤OB¤OB_Standard_C4484603" objectid="116" type="ACTION" value="0cb85900-ad13-4427-a9a4-cd40e2fcab47"/>
<objectids-entry key="Default zone¤OB¤OB_Standard_C4484603" objectid="117" type="ACTION" value="bc0553f8-6ba9-4727-9ad0-983e07e37f64"/>
<objectids-entry key="Default zone¤OB¤OB_Standard_C4484603" objectid="118" type="ACTION" value="f0b54981-5a86-4502-82d6-fb62e0d8e8e4"/>
<objectids-entry key="Default zone¤OB¤OB_Standard_C4484603" objectid="119" type="ACTION" value="dd913f6d-fc2a-4db7-8001-fdcdda9c663f"/>
<objectids-entry key="Default zone¤OB¤OB_Standard_C4484603" objectid="120" type="BASIC_LOGICAL_CONTAINER" value="b42e239f-d367-4045-a249-7228b47d3c23"/>
<objectids-entry key="Default zone¤OB¤OB_Standard_C4484603" objectid="121" type="HTTP_PAGE" value="78069c85-962b-49e3-994a-76a37618f4fb"/>
<objectids-entry key="Default zone¤OB¤OB_Standard_C4484603" objectid="122" type="ACTION" value="79d8528a-7bac-41bb-9b83-f44c0041e80f"/>
<objectids-entry key="Default zone¤OB¤OB_Standard_C4484603" objectid="123" type="ACTION" value="bfac0d1e-12c7-4f66-9cf4-bb7e667877d2"/>
<objectids-entry key="Default zone¤OB¤OB_Standard_C4484603" objectid="124" type="ACTION" value="6c9b6960-5e09-4e09-be84-8ed3cd056c36"/>
<objectids-entry key="Default zone¤OB¤OB_Standard_C4484603" objectid="125" type="ACTION" value="cde7ee89-b606-4f1f-8a25-1563c6a9b5e6"/>
<objectids-entry key="Default zone¤OB¤OB_Standard_C4484603" objectid="126" type="ACTION" value="fbdec6f3-5472-47e4-a40f-5bc128f36b18"/>
<objectids-entry key="Default zone¤OB¤OB_Standard_C4484603" objectid="127" type="BASIC_LOGICAL_CONTAINER" value="0dfe8a59-3a2d-4449-b59b-738f35e25ed2"/>
<objectids-entry key="Default zone¤OB¤OB_Standard_C4484603" objectid="128" type="HTTP_PAGE" value="c19d6a66-fcbe-4e25-a6db-b46593ff5d7b"/>
<objectids-entry key="Default zone¤OB¤OB_Standard_C4484603" objectid="129" type="ACTION" value="4f7f8dbd-201d-4518-949c-c28776de1869"/>
<objectids-entry key="Default zone¤OB¤OB_Standard_C4484603" objectid="130" type="ACTION" value="db2ae82c-4c88-43c0-afff-bb73058d9390"/>
<objectids-entry key="Default zone¤OB¤OB_Standard_C4484603" objectid="131" type="ACTION" value="aab82826-1c4b-4457-949d-d0e7ed5e1597"/>
<objectids-entry key="Default zone¤OB¤OB_Standard_C4484603" objectid="132" type="BASIC_LOGICAL_CONTAINER" value="66bffa6e-4329-481a-92b1-ac4fdd98a7f0"/>
<objectids-entry key="Default zone¤OB¤OB_Standard_C4484603" objectid="133" type="HTTP_PAGE" value="f414f14f-e983-4a7b-896c-ebba384ce2b4"/>
<objectids-entry key="Default zone¤OB¤OB_Standard_C4484603" objectid="134" type="ACTION" value="9e7e51cd-10e8-490d-b7c0-22845df16416"/>
<objectids-entry key="Default zone¤OB¤OB_Standard_C4484603" objectid="135" type="ACTION" value="33fa1c9a-9db1-48f1-acd8-88b99dfe0ac8"/>
<objectids-entry key="Default zone¤OB¤OB_Standard_C4484603" objectid="136" type="BASIC_LOGICAL_CONTAINER" value="58294e37-cfb8-4ef4-9b34-9074ea5b86d4"/>
<objectids-entry key="Default zone¤OB¤OB_Standard_C4484603" objectid="137" type="HTTP_PAGE" value="c2191778-65b4-4bf6-9f9d-664f5a7b98c0"/>
<objectids-entry key="Default zone¤OB¤OB_Standard_C4484603" objectid="138" type="ACTION" value="e9374a39-7687-497f-9e0b-2bb417ab358a"/>
<objectids-entry key="Default zone¤OB¤OB_Standard_C4484603" objectid="139" type="ACTION" value="0cb508dc-5b66-4138-b422-bb393208c6cc"/>
<objectids-entry key="Default zone¤OB¤OB_Standard_C4484603" objectid="140" type="ACTION" value="80a2fed5-e5ac-4910-92ed-bf4613ea4576"/>
<objectids-entry key="Default zone¤OB¤OB_Standard_C4484603" objectid="141" type="ACTION" value="099d88a4-a933-4cd4-bf98-a0e3fb719ddc"/>
<objectids-entry key="Default zone¤OB¤OB_Standard_C4484603" objectid="142" type="ACTION" value="b29fbfab-f9a0-42fd-946d-b62895afe377"/>
<objectids-entry key="Default zone¤OB¤OB_Standard_C4484603" objectid="143" type="ACTION" value="1a19613e-23d0-4753-94b6-52d6f12a4bcb"/>
<objectids-entry key="Default zone¤OB¤OB_Standard_C4484603" objectid="144" type="ACTION" value="9f0911eb-7e2a-4372-b3db-873fed25caa5"/>
<objectids-entry key="Default zone¤OB¤OB_Standard_C4484603" objectid="145" type="BASIC_LOGICAL_CONTAINER" value="3c1f27fc-50b5-45fa-a18e-48f101aa7ad7"/>
<objectids-entry key="Default zone¤OB¤OB_Standard_C4484603" objectid="146" type="HTTP_PAGE" value="15cec965-7d79-4168-a343-14268ea0b2f9"/>
<objectids-entry key="Default zone¤OB¤OB_Standard_C4484603" objectid="147" type="ACTION" value="870f7b36-eb0c-41b6-bff3-d3d81708bdb8"/>
<objectids-entry key="Default zone¤OB¤OB_Standard_C4484603" objectid="148" type="ACTION" value="6d800f7d-fc8b-4029-b835-f0f4cd86863e"/>
<objectids-entry key="Default zone¤OB¤OB_Standard_C4484603" objectid="149" type="BASIC_LOGICAL_CONTAINER" value="f1111591-f4be-4c6e-8bd0-6cb0a6bb11c1"/>
<objectids-entry key="Default zone¤OB¤OB_Standard_C4484603" objectid="150" type="HTTP_PAGE" value="47a677cf-8a97-43e9-8331-8b33a7f4e50b"/>
<objectids-entry key="Default zone¤OB¤OB_Standard_C4484603" objectid="151" type="ACTION" value="79b0cc34-0b7e-4ece-a388-3ad5c8d37e16"/>
<objectids-entry key="Default zone¤OB¤OB_Standard_C4484603" objectid="152" type="ACTION" value="303d7fed-6d11-4dab-9ff4-f86f5fea5325"/>
<objectids-entry key="Default zone¤OB¤OB_Standard_C4484603" objectid="153" type="HTTP_PAGE" value="d54975ef-6797-48a3-b80a-a08e7bcd10f3"/>
<objectids-entry key="Default zone¤OB¤OB_Standard_C4484603" objectid="154" type="ACTION" value="05071586-0118-4a3e-a638-b4d9ac40ee4f"/>
<objectids-entry key="Default zone¤OB¤OB_Standard_C4484603" objectid="155" type="HTTP_PAGE" value="2e9e6baf-1f3b-47c3-8d48-b0c9d841b59e"/>
<objectids-entry key="Default zone¤OB¤OB_Standard_C4484603" objectid="156" type="ACTION" value="a379a029-fd6b-41e7-bbcd-a10b17a8f7f8"/>
<objectids-entry key="Default zone¤OB¤OB_Standard_C4484603" objectid="157" type="BASIC_LOGICAL_CONTAINER" value="c0aae93c-98b9-40dc-b7d7-9db21896b655"/>
<objectids-entry key="Default zone¤OB¤OB_Standard_C4484603" objectid="158" type="HTTP_PAGE" value="6d01ac81-5dea-4cf9-ad86-f01869ee6347"/>
<objectids-entry key="Default zone¤OB¤OB_Standard_C4484603" objectid="159" type="ACTION" value="961ef356-1b69-485c-b9c5-eeaba3dcc9be"/>
<objectids-entry key="Default zone¤OB¤OB_Standard_C4484603" objectid="160" type="ACTION" value="a663c3ad-771a-4ab7-b208-2d4f50559c8a"/>
<objectids-entry key="Default zone¤OB¤OB_Standard_C4484603" objectid="161" type="ACTION" value="2d114273-bc1e-4a7a-87f3-e14bc2ed6ad5"/>
<objectids-entry key="Default zone¤OB¤OB_Standard_C4484603" objectid="162" type="ACTION" value="24b44eb1-d90c-492b-af76-fb443ed001e2"/>
<objectids-entry key="Default zone¤OB¤OB_Standard_C4484603" objectid="163" type="ACTION" value="efbc9a52-8706-40bd-95a0-aa103e1e2ca8"/>
<objectids-entry key="Default zone¤OB¤OB_Standard_C4484603" objectid="164" type="ACTION" value="fdd2a5f5-a628-4ca7-85af-78a1c7685d80"/>
<objectids-entry key="Default zone¤OB¤OB_Standard_C4484603" objectid="165" type="ACTION" value="4fc4087e-c2a4-4e2d-afee-106514a5486b"/>
<objectids-entry key="Default zone¤OB¤OB_Standard_C4484603" objectid="166" type="BASIC_LOGICAL_CONTAINER" value="9387b8bd-86e3-46b2-9134-c967aa168594"/>
<objectids-entry key="Default zone¤OB¤OB_Standard_C4484603" objectid="167" type="HTTP_PAGE" value="5a5582e7-c834-4dbf-9731-53e9d586f319"/>
<objectids-entry key="Default zone¤OB¤OB_Standard_C4484603" objectid="168" type="ACTION" value="87d7986f-780e-4db8-8111-ca2a89332e64"/>
<objectids-entry key="Default zone¤OB¤OB_Standard_C4484603" objectid="169" type="ACTION" value="2c3b6547-178f-4204-b859-aefdc1a04558"/>
<objectids-entry key="Default zone¤OB¤OB_Standard_C4484603" objectid="170" type="ACTION" value="d0db63fb-b3ec-4be7-abaa-08a061c7b69f"/>
<objectids-entry key="Default zone¤OB¤OB_Standard_C4484603" objectid="171" type="ACTION" value="3199af7a-b75d-4021-bb41-7bb55b3f22ed"/>
<objectids-entry key="Default zone¤OB¤OB_Standard_C4484603" objectid="172" type="ACTION" value="3475da8c-2293-4882-b917-ab37abb3f04d"/>
<objectids-entry key="Default zone¤OB¤OB_Standard_C4484603" objectid="173" type="ACTION" value="44820afd-398e-473d-af0c-cb5ffe5fb14d"/>
<objectids-entry key="Default zone¤OB¤OB_Standard_C4484603" objectid="174" type="BASIC_LOGICAL_CONTAINER" value="b1d77729-9114-4566-9da2-181d31d380e1"/>
<objectids-entry key="Default zone¤OB¤OB_Standard_C4484603" objectid="175" type="HTTP_PAGE" value="9656efcc-96e2-4004-aa32-06ea958cb620"/>
<objectids-entry key="Default zone¤OB¤OB_Standard_C4484603" objectid="176" type="ACTION" value="8d551714-7593-4db0-bd0b-91e62cda496e"/>
<objectids-entry key="Default zone¤OB¤OB_Standard_C4484603" objectid="177" type="ACTION" value="be758632-4f12-4cd1-92e7-e0e4102bb352"/>
<objectids-entry key="Default zone¤OB¤OB_Standard_C4484603" objectid="178" type="ACTION" value="aca24bcb-5a63-49a9-b13c-7047cd5ac7ae"/>
<objectids-entry key="Default zone¤OB¤OB_Standard_C4484603" objectid="179" type="ACTION" value="aff9e582-73d1-4009-b8a2-800e3766269d"/>
<objectids-entry key="Default zone¤OB¤OB_Standard_C4484603" objectid="180" type="ACTION" value="ffa5629f-6311-4691-bcd9-02fb027b8851"/>
<objectids-entry key="Default zone¤OB¤OB_Standard_C4484603" objectid="181" type="BASIC_LOGICAL_CONTAINER" value="212b0b9c-4297-45e8-8872-c3115a8410af"/>
<objectids-entry key="Default zone¤OB¤OB_Standard_C4484603" objectid="182" type="HTTP_PAGE" value="4d6b1294-fa13-48bb-9521-9cbeb908870c"/>
<objectids-entry key="Default zone¤OB¤OB_Standard_C4484603" objectid="183" type="ACTION" value="d606c025-281b-4615-b996-7127d6d194d7"/>
<objectids-entry key="Default zone¤OB¤OB_Standard_C4484603" objectid="184" type="ACTION" value="cc3c1e5b-d2aa-4e3a-a2b2-298df3b34acb"/>
<objectids-entry key="Default zone¤OB¤OB_Standard_C4484603" objectid="185" type="ACTION" value="de8e452d-aa21-45ab-8368-a0e6a99ec6b1"/>
<objectids-entry key="Default zone¤OB¤OB_Standard_C4484603" objectid="186" type="ACTION" value="30a09aa5-42d3-4517-a250-e2b28b5b6383"/>
<objectids-entry key="Default zone¤OB¤OB_Standard_C4484603" objectid="187" type="ACTION" value="369da22e-8ef0-45a2-946b-366188c8953e"/>
<objectids-entry key="Default zone¤OB¤OB_Standard_C4484603" objectid="188" type="BASIC_LOGICAL_CONTAINER" value="223b7ffa-5d1e-4188-bc36-0d77d8e6c3b7"/>
<objectids-entry key="Default zone¤OB¤OB_Standard_C4484603" objectid="189" type="HTTP_PAGE" value="8c392294-9541-4394-a3c8-7531b902a606"/>
<objectids-entry key="Default zone¤OB¤OB_Standard_C4484603" objectid="190" type="ACTION" value="ce774c56-e263-48eb-8b26-27f43ded7c0e"/>
<objectids-entry key="Default zone¤OB¤OB_Standard_C4484603" objectid="191" type="BASIC_LOGICAL_CONTAINER" value="37bfd2be-f549-420e-ad87-558ebe1514b4"/>
<objectids-entry key="Default zone¤OB¤OB_Standard_C4484603" objectid="192" type="HTTP_PAGE" value="ca1ffb8e-b834-4f47-bdd1-e263a37a5bc4"/>
<objectids-entry key="Default zone¤OB¤OB_Standard_C4484603" objectid="193" type="ACTION" value="28563ef9-e967-443f-ad8f-235fe7b6f961"/>
<objectids-entry key="Default zone¤OB¤OB_Standard_C4484603" objectid="194" type="ACTION" value="0a5c6622-ea83-4cec-9152-5ee538d43374"/>
<objectids-entry key="Default zone¤OB¤OB_Standard_C4484603" objectid="195" type="ACTION" value="e5ffdf10-c4a9-4099-b8f2-43dfd2cca2e6"/>
<objectids-entry key="Default zone¤OB¤OB_Standard_C4484603" objectid="196" type="ACTION" value="3ff09434-8a91-44ee-b98a-56d8054b23cd"/>
<objectids-entry key="Default zone¤OB¤OB_Standard_C4484603" objectid="197" type="ACTION" value="85da537e-a91b-4bb5-acba-e2b94aedb0f0"/>
<objectids-entry key="Default zone¤OB¤OB_Standard_C4484603" objectid="198" type="ACTION" value="0c7fbd41-febf-45a8-acf5-7386d2b508f4"/>
<objectids-entry key="Default zone¤OB¤OB_Standard_C4484603" objectid="199" type="ACTION" value="03745787-9066-430d-b427-2b3e66c8681f"/>
<objectids-entry key="Default zone¤OB¤OB_Standard_C4484603" objectid="200" type="ACTION" value="f347a4ad-b931-460e-a86e-24b9b2b0ac6d"/>
<objectids-entry key="Default zone¤OB¤OB_Standard_C4484603" objectid="201" type="ACTION" value="59b064fb-e525-49bc-b51a-b2096cfc1c0d"/>
<objectids-entry key="Default zone¤OB¤OB_Standard_C4484603" objectid="202" type="ACTION" value="a266de92-166d-43f2-8545-3dc9e3582f6b"/>
<objectids-entry key="Default zone¤OB¤OB_Standard_C4484603" objectid="203" type="BASIC_LOGICAL_CONTAINER" value="36d136ff-e11f-4c51-ae41-b2f5e2cb46c6"/>
<objectids-entry key="Default zone¤OB¤OB_Standard_C4484603" objectid="204" type="HTTP_PAGE" value="110e829a-ea24-41cf-bd72-2e111ede1b84"/>
<objectids-entry key="Default zone¤OB¤OB_Standard_C4484603" objectid="205" type="ACTION" value="8f01080b-d88b-40d2-8acf-5847d166cd36"/>
<objectids-entry key="Default zone¤OB¤OB_Standard_C4484603" objectid="206" type="HTTP_PAGE" value="3d7491d6-7bbe-4664-8471-1ef3c52d9555"/>
<objectids-entry key="Default zone¤OB¤OB_Standard_C4484603" objectid="207" type="ACTION" value="9e0488a4-9fa4-4666-ba7a-f5780986dc2f"/>
<objectids-entry key="Default zone¤OB¤OB_Standard_C4484603" objectid="208" type="HTTP_PAGE" value="3a20ea52-7d66-4cd9-8852-f0c5bd98aab8"/>
<objectids-entry key="Default zone¤OB¤OB_Standard_C4484603" objectid="209" type="ACTION" value="ba0ca95b-3de8-4a0d-9e2a-630373950d20"/>
<objectids-entry key="Default zone¤OB¤OB_Standard_C4484603" objectid="210" type="HTTP_PAGE" value="ce22d561-73e8-4c4c-9e3f-6e5cedcc79fc"/>
<objectids-entry key="Default zone¤OB¤OB_Standard_C4484603" objectid="211" type="ACTION" value="03b52b65-186b-4819-9131-dd52dbf67be9"/>
<objectids-entry key="Default zone¤OB¤OB_Standard_C4484603" objectid="212" type="HTTP_PAGE" value="27f99468-fb13-44a2-a810-9da7d2b29509"/>
<objectids-entry key="Default zone¤OB¤OB_Standard_C4484603" objectid="213" type="ACTION" value="c9da9471-f43d-463a-97ad-3b1e91116dd1"/>
<objectids-entry key="Default zone¤OB¤OB_Standard_C4484603" objectid="214" type="ACTION" value="90ee50cb-9dc2-4a2a-9026-11294fc506bf"/>
<objectids-entry key="Default zone¤OB¤OB_Standard_C4484603" objectid="215" type="ACTION" value="5ffbb1b2-dd59-488e-bb91-0200adaf53b7"/>
<objectids-entry key="Default zone¤OB¤OB_Standard_C4484603" objectid="216" type="BASIC_LOGICAL_CONTAINER" value="f1cfa242-526e-437d-a5c8-e56ba73e2543"/>
<objectids-entry key="Default zone¤OB¤OB_Standard_C4484603" objectid="217" type="DELAY" value="56241d42-5ab9-4b84-b947-b150d4b25b3b"/>
<objectids-entry key="Default zone¤OB¤OB_Standard_C4484603" objectid="218" type="BASIC_LOGICAL_CONTAINER" value="$parent=OB_Standard_C4484603;$index=2"/>
<objectids-entry key="¤¤" objectid="219" type="MONITORED_HOST" value="NeoLoad"/>
<objectids-entry key="¤¤" objectid="220" type="MONITORCONNECTION" value="NeoLoad$NeoLoad"/>
<objectids-entry key="¤¤" objectid="221" type="MONITOR" value="NeoLoad$NeoLoad$UserLoad"/>
<objectids-entry key="¤¤" objectid="222" type="MONITOR" value="NeoLoad$NeoLoad$throughput"/>
<objectids-entry key="¤¤" objectid="223" type="MONITOR" value="NeoLoad$NeoLoad$Alerts"/>
<objectids-entry key="¤¤" objectid="224" type="MONITOR" value="NeoLoad$NeoLoad$CriticalAlerts"/>
<objectids-entry key="¤¤" objectid="225" type="MONITOR" value="NeoLoad$NeoLoad$WarningAlerts"/>
<objectids-entry key="¤¤" objectid="226" type="MONITOR" value="NeoLoad$NeoLoad$cpu"/>
<objectids-entry key="¤¤" objectid="227" type="THRESHOLD" value="NeoLoad$NeoLoad$2586d842-8b2a-4321-9f20-496e99c19b4a"/>
<objectids-entry key="¤¤" objectid="228" type="MONITOR" value="NeoLoad$NeoLoad$memory"/>
<objectids-entry key="¤¤" objectid="229" type="THRESHOLD" value="NeoLoad$NeoLoad$ae94164f-e11d-48c9-beda-bff4cc5415fe"/>
<objectids-entry key="¤¤" objectid="230" type="MONITOR" value="NeoLoad$NeoLoad$threadcount"/>
<objectids-entry key="¤¤" objectid="231" type="MONITOR" value="NeoLoad$NeoLoad$memoryos"/>
<objectids-entry key="¤¤" objectid="232" type="THRESHOLD" value="NeoLoad$NeoLoad$63699e0e-bf89-4694-8e08-429a21e9343b"/>
<objectids-entry key="¤¤" objectid="233" type="MONITOR" value="NeoLoad$NeoLoad$connectedlg"/>
<objectids-entry key="¤¤" objectid="234" type="MONITOR" value="NeoLoad$NeoLoad$totallgdisconnections"/>
<objectids-entry key="¤¤" objectid="235" type="THRESHOLD" value="NeoLoad$NeoLoad$50e8b0e3-fbe7-41d1-a216-3124df4c2795"/>
<objectids-entry key="¤¤" objectid="236" type="MONITOR" value="NeoLoad$NeoLoad$totallgreconnections"/>
<objectids-entry key="¤¤" objectid="237" type="MONITOR" value="NeoLoad$NeoLoad$otcp.NeoLoad"/>
<objectids-entry key="¤¤" objectid="238" type="MONITOR" value="NeoLoad$NeoLoad$tcp.NeoLoad"/>
<objectids-entry key="¤¤" objectid="239" type="MONITOR" value="NeoLoad$NeoLoad$ibytesperinterface~NeoLoad~eth11"/>
<objectids-entry key="¤¤" objectid="240" type="MONITOR" value="NeoLoad$NeoLoad$obytesperinterface~NeoLoad~eth11"/>
<objectids-entry key="¤¤" objectid="241" type="MONITOR" value="NeoLoad$NeoLoad$ibytesperinterface~NeoLoad~eth13"/>
<objectids-entry key="¤¤" objectid="242" type="MONITOR" value="NeoLoad$NeoLoad$obytesperinterface~NeoLoad~eth13"/>
<objectids-entry key="¤¤" objectid="243" type="MONITOR" value="NeoLoad$NeoLoad$SapUserLoad"/>
<objectids-entry key="¤¤" objectid="244" type="MONITOR" value="NeoLoad$NeoLoad$zoneuserload~Default zone"/>
<objectids-entry key="¤¤" objectid="245" type="MONITOR" value="NeoLoad$NeoLoad$zoneuserloadperpopulation~Default zone~OB"/>
<objectids-entry key="¤¤" objectid="246" type="MONITOR" value="NeoLoad$NeoLoad$zoneuserloadperpopulation~Default zone~OB~OB_Standard_C4484603"/>
<objectids-entry key="¤¤" objectid="247" type="MONITORED_HOST" value="LG 10.149.80.138:7100"/>
<objectids-entry key="¤¤" objectid="248" type="MONITORCONNECTION" value="LG 10.149.80.138:7100$NeoLoad"/>
<objectids-entry key="¤¤" objectid="249" type="MONITOR" value="LG 10.149.80.138:7100$NeoLoad$lgcpu.10.149.80.138:7100"/>
<objectids-entry key="¤¤" objectid="250" type="THRESHOLD" value="LG 10.149.80.138:7100$NeoLoad$cee79022-230e-4f10-8ed5-1a3c7395a8c0"/>
<objectids-entry key="¤¤" objectid="251" type="MONITOR" value="LG 10.149.80.138:7100$NeoLoad$lgmemory.10.149.80.138:7100"/>
<objectids-entry key="¤¤" objectid="252" type="THRESHOLD" value="LG 10.149.80.138:7100$NeoLoad$60bb7ad6-9c1f-4a96-938c-2296ed77b44e"/>
<objectids-entry key="¤¤" objectid="253" type="MONITOR" value="LG 10.149.80.138:7100$NeoLoad$lgthroughput.10.149.80.138:7100"/>
<objectids-entry key="¤¤" objectid="254" type="MONITOR" value="LG 10.149.80.138:7100$NeoLoad$lgosmemory.10.149.80.138:7100"/>
<objectids-entry key="¤¤" objectid="255" type="THRESHOLD" value="LG 10.149.80.138:7100$NeoLoad$3bd30371-4a50-4483-ad0a-be5f143acc85"/>
<objectids-entry key="¤¤" objectid="256" type="MONITOR" value="LG 10.149.80.138:7100$NeoLoad$lguserloadperpopulation~10.149.80.138:7100"/>
<objectids-entry key="¤¤" objectid="257" type="MONITOR" value="LG 10.149.80.138:7100$NeoLoad$lgthreadcount.10.149.80.138:7100"/>
<objectids-entry key="¤¤" objectid="258" type="MONITOR" value="LG 10.149.80.138:7100$NeoLoad$lg.jetty.httpclient.threadpool.used.10.149.80.138:7100"/>
<objectids-entry key="¤¤" objectid="259" type="MONITOR" value="LG 10.149.80.138:7100$NeoLoad$lg.jetty.httpclient.taskpool.used.10.149.80.138:7100"/>
<objectids-entry key="¤¤" objectid="260" type="THRESHOLD" value="LG 10.149.80.138:7100$NeoLoad$fdbf41fb-66e0-4196-b05f-110907d6937e"/>
<objectids-entry key="¤¤" objectid="261" type="MONITOR" value="LG 10.149.80.138:7100$NeoLoad$lgdisconnections.10.149.80.138:7100"/>
<objectids-entry key="¤¤" objectid="262" type="MONITOR" value="LG 10.149.80.138:7100$NeoLoad$lgreconnections.10.149.80.138:7100"/>
<objectids-entry key="¤¤" objectid="263" type="MONITOR" value="LG 10.149.80.138:7100$NeoLoad$lgping.10.149.80.138:7100"/>
<objectids-entry key="¤¤" objectid="264" type="MONITOR" value="LG 10.149.80.138:7100$NeoLoad$lgotcp.10.149.80.138:7100"/>
<objectids-entry key="¤¤" objectid="265" type="MONITOR" value="LG 10.149.80.138:7100$NeoLoad$lgtcp.10.149.80.138:7100"/>
<objectids-entry key="¤¤" objectid="266" type="MONITOR" value="LG 10.149.80.138:7100$NeoLoad$lgibytesperinterface~10.149.80.138:7100~eth5"/>
<objectids-entry key="¤¤" objectid="267" type="MONITOR" value="LG 10.149.80.138:7100$NeoLoad$lgobytesperinterface~10.149.80.138:7100~eth5"/>
<objectids-entry key="¤¤" objectid="268" type="MONITOR" value="LG 10.149.80.138:7100$NeoLoad$lgibytesperinterface~10.149.80.138:7100~eth4"/>
<objectids-entry key="¤¤" objectid="269" type="MONITOR" value="LG 10.149.80.138:7100$NeoLoad$lgobytesperinterface~10.149.80.138:7100~eth4"/>
</objectids-table>
<!--****** DURATION ******-->
<duration value="0"/>
<!--****** AGGREGATION PERIOD ******-->
<aggregation-period value="1000"/>
<!--****** EXTENDED STATISTICS ******-->
<truncated-mean centered-interval="true" percentage="90"/>
<percentile percentage="50"/>
</project>
