
	<!DOCTYPE project [
		<!ELEMENT project (objectids-table | current-scenario | duration | aggregation-period | truncated-mean | percentile)* >
	
		<!ELEMENT objectids-table (objectids-entry)* >
		<!ELEMENT objectids-entry (#PCDATA)>
		<!ELEMENT duration (#PCDATA)>
		<!ELEMENT truncated-mean (#PCDATA)>
		<!ELEMENT percentile (#PCDATA)>
		<!ELEMENT aggregation-period (#PCDATA)>
		<!ELEMENT current-scenario (#PCDATA)>
		<!ATTLIST duration
		    value CDATA #REQUIRED>
	    <!ATTLIST aggregation-period
		    value CDATA #REQUIRED>
		<!ATTLIST objectids-entry
		    objectid CDATA #REQUIRED
		    type CDATA #REQUIRED
		    value CDATA #REQUIRED
		    key CDATA #REQUIRED>
		<!ATTLIST truncated-mean
		    centered-interval CDATA #REQUIRED
		    percentage CDATA #REQUIRED>
		 <!ATTLIST percentile
		    percentage CDATA #REQUIRED>
	]>


<!--****** RUNTIME PROJECT ******--><project>
<!--****** CURRENT SCENARIO ******-->
<current-scenario>OB_QR_001_C5241577</current-scenario>
<!--****** OBJECTIDS ******-->
<objectids-table>
<objectids-entry key="" objectid="0" type="LG_HOST" value="10.149.80.138:7100"/>
<objectids-entry key="" objectid="1" type="ZONE" value="Default zone"/>
<objectids-entry key="Default zone¤OB¤" objectid="2" type="POPULATION" value="OB"/>
<objectids-entry key="Default zone¤OB¤OB_Standard_C4484603" objectid="3" type="VIRTUAL_USER" value="OB_Standard_C4484603"/>
<objectids-entry key="Default zone¤OB¤OB_Standard_C4484603" objectid="4" type="BASIC_LOGICAL_CONTAINER" value="$parent=OB_Standard_C4484603;$index=0"/>
<objectids-entry key="Default zone¤OB¤OB_Standard_C4484603" objectid="5" type="BASIC_LOGICAL_CONTAINER" value="$parent=OB_Standard_C4484603;$index=1"/>
<objectids-entry key="Default zone¤OB¤OB_Standard_C4484603" objectid="6" type="BASIC_LOGICAL_CONTAINER" value="615b8829-2cb4-4bfa-8dac-97cc21cd3e40"/>
<objectids-entry key="Default zone¤OB¤OB_Standard_C4484603" objectid="7" type="DELAY" value="3da827d1-aa02-45bf-8c37-2b79a1e3c34f"/>
<objectids-entry key="Default zone¤OB¤OB_Standard_C4484603" objectid="8" type="BASIC_LOGICAL_CONTAINER" value="64abe0f3-617f-4ee5-bd48-832692850d2e"/>
<objectids-entry key="Default zone¤OB¤OB_Standard_C4484603" objectid="9" type="HTTP_PAGE" value="031b65f8-bf7d-4587-810d-9a4f65bbc03c"/>
<objectids-entry key="Default zone¤OB¤OB_Standard_C4484603" objectid="10" type="ACTION" value="0c693d64-9d1b-43de-a520-1c93400c2434"/>
<objectids-entry key="Default zone¤OB¤OB_Standard_C4484603" objectid="11" type="ACTION" value="c76d917c-2e0b-4ea4-abcd-9b9c365adadb"/>
<objectids-entry key="Default zone¤OB¤OB_Standard_C4484603" objectid="12" type="ACTION" value="77752361-008f-48f3-8ea4-8aa0eae2a2f3"/>
<objectids-entry key="Default zone¤OB¤OB_Standard_C4484603" objectid="13" type="ACTION" value="23296ccd-ce9b-401a-9ec5-27b92d33d68f"/>
<objectids-entry key="Default zone¤OB¤OB_Standard_C4484603" objectid="14" type="ACTION" value="c548b817-f5d2-4c49-a3d4-b5b648cdf341"/>
<objectids-entry key="Default zone¤OB¤OB_Standard_C4484603" objectid="15" type="HTTP_PAGE" value="599f7b1c-eeb4-4a22-b8d9-d4b477a727b4"/>
<objectids-entry key="Default zone¤OB¤OB_Standard_C4484603" objectid="16" type="ACTION" value="0487b664-51a4-4c54-a1f7-add1eb58d520"/>
<objectids-entry key="Default zone¤OB¤OB_Standard_C4484603" objectid="17" type="HTTP_PAGE" value="98bba1f9-6b4c-4a7e-bf60-14d3f5214ab8"/>
<objectids-entry key="Default zone¤OB¤OB_Standard_C4484603" objectid="18" type="ACTION" value="59f4e7b4-9b95-4ef0-a999-0878649d583c"/>
<objectids-entry key="Default zone¤OB¤OB_Standard_C4484603" objectid="19" type="ACTION" value="71dd060c-cace-4028-b106-3d30c09d9653"/>
<objectids-entry key="Default zone¤OB¤OB_Standard_C4484603" objectid="20" type="ACTION" value="d958c3e2-db4e-47bd-8f4b-ff0ea6946bfa"/>
<objectids-entry key="Default zone¤OB¤OB_Standard_C4484603" objectid="21" type="ACTION" value="d5b075db-c170-48f9-9ed5-b1e5616ca920"/>
<objectids-entry key="Default zone¤OB¤OB_Standard_C4484603" objectid="22" type="ACTION" value="7106c3fa-96f5-43e7-9178-df5b0225e7eb"/>
<objectids-entry key="Default zone¤OB¤OB_Standard_C4484603" objectid="23" type="ACTION" value="105927af-2583-41b9-81a6-b6d962c208ed"/>
<objectids-entry key="Default zone¤OB¤OB_Standard_C4484603" objectid="24" type="ACTION" value="00e5679c-70f3-46cb-bd96-8372d85f6c31"/>
<objectids-entry key="Default zone¤OB¤OB_Standard_C4484603" objectid="25" type="HTTP_PAGE" value="04ddf819-d51b-47f9-9311-e29454601cb7"/>
<objectids-entry key="Default zone¤OB¤OB_Standard_C4484603" objectid="26" type="ACTION" value="4fccccdf-1e00-49dd-88dd-f1f4a75a905e"/>
<objectids-entry key="Default zone¤OB¤OB_Standard_C4484603" objectid="27" type="HTTP_PAGE" value="cf7bb88b-f0e0-4970-9f5f-0b230a7cbe38"/>
<objectids-entry key="Default zone¤OB¤OB_Standard_C4484603" objectid="28" type="ACTION" value="553a2516-202b-49ac-b145-8147c2554569"/>
<objectids-entry key="Default zone¤OB¤OB_Standard_C4484603" objectid="29" type="ACTION" value="cb929b41-3d33-4bf3-b2f5-3bd1640d7191"/>
<objectids-entry key="Default zone¤OB¤OB_Standard_C4484603" objectid="30" type="ACTION" value="519eb349-c0d6-4989-8aa5-852e93cee95e"/>
<objectids-entry key="Default zone¤OB¤OB_Standard_C4484603" objectid="31" type="ACTION" value="ee703ff4-dd5c-409c-a4fd-c9dbd7994bad"/>
<objectids-entry key="Default zone¤OB¤OB_Standard_C4484603" objectid="32" type="BASIC_LOGICAL_CONTAINER" value="8a9daaa3-c8ce-4194-a127-4fe785367f65"/>
<objectids-entry key="Default zone¤OB¤OB_Standard_C4484603" objectid="33" type="HTTP_PAGE" value="fa997dc2-a7fc-42ff-bb6a-5f9dded36fd1"/>
<objectids-entry key="Default zone¤OB¤OB_Standard_C4484603" objectid="34" type="ACTION" value="674d4a2b-9bba-441a-aaa6-1c61adfea650"/>
<objectids-entry key="Default zone¤OB¤OB_Standard_C4484603" objectid="35" type="ACTION" value="fc8b2455-6f21-4c77-b0e1-7e3fe485d119"/>
<objectids-entry key="Default zone¤OB¤OB_Standard_C4484603" objectid="36" type="ACTION" value="db54b359-487e-450d-9521-934eb809908a"/>
<objectids-entry key="Default zone¤OB¤OB_Standard_C4484603" objectid="37" type="ACTION" value="79ff4ef9-a3f4-44ff-8eeb-486840b3b07d"/>
<objectids-entry key="Default zone¤OB¤OB_Standard_C4484603" objectid="38" type="ACTION" value="75a2c501-a624-4a91-af1d-3380480128ba"/>
<objectids-entry key="Default zone¤OB¤OB_Standard_C4484603" objectid="39" type="HTTP_PAGE" value="7bb8c3f9-c83d-4851-9134-debfd8909f09"/>
<objectids-entry key="Default zone¤OB¤OB_Standard_C4484603" objectid="40" type="ACTION" value="e52517f7-9743-42b4-9aaa-b01faec9fc16"/>
<objectids-entry key="Default zone¤OB¤OB_Standard_C4484603" objectid="41" type="ACTION" value="23a3dd9e-5584-43c3-bf20-90a6cfd22a41"/>
<objectids-entry key="Default zone¤OB¤OB_Standard_C4484603" objectid="42" type="ACTION" value="a26b2c46-2e33-4eae-a2e4-79412fe69508"/>
<objectids-entry key="Default zone¤OB¤OB_Standard_C4484603" objectid="43" type="ACTION" value="3698af56-2055-4a3d-af56-b16c87f9a463"/>
<objectids-entry key="Default zone¤OB¤OB_Standard_C4484603" objectid="44" type="ACTION" value="e2485406-e6ac-4184-9971-24c04f76ed3a"/>
<objectids-entry key="Default zone¤OB¤OB_Standard_C4484603" objectid="45" type="ACTION" value="3bfd6440-3b9e-4b1b-9e39-3eba8c714d71"/>
<objectids-entry key="Default zone¤OB¤OB_Standard_C4484603" objectid="46" type="ACTION" value="da692f37-b7b7-42da-97af-0598a9a5cd0e"/>
<objectids-entry key="Default zone¤OB¤OB_Standard_C4484603" objectid="47" type="ACTION" value="9189529d-8ee5-42e7-923b-e371f0497774"/>
<objectids-entry key="Default zone¤OB¤OB_Standard_C4484603" objectid="48" type="ACTION" value="2ee18141-575f-4666-983d-9392c4fb5039"/>
<objectids-entry key="Default zone¤OB¤OB_Standard_C4484603" objectid="49" type="ACTION" value="28562b71-8337-4553-80f2-787efe2e2fc7"/>
<objectids-entry key="Default zone¤OB¤OB_Standard_C4484603" objectid="50" type="ACTION" value="cc740e51-d370-4821-ba28-d234d5fecaf5"/>
<objectids-entry key="Default zone¤OB¤OB_Standard_C4484603" objectid="51" type="ACTION" value="55f20d30-2e1c-4c36-9901-6a024f6cb509"/>
<objectids-entry key="Default zone¤OB¤OB_Standard_C4484603" objectid="52" type="ACTION" value="53b85a95-7ca9-4bd1-a3e9-65a1844d5666"/>
<objectids-entry key="Default zone¤OB¤OB_Standard_C4484603" objectid="53" type="ACTION" value="a5a893d1-baab-4bcc-969c-d1443c09f359"/>
<objectids-entry key="Default zone¤OB¤OB_Standard_C4484603" objectid="54" type="ACTION" value="548da28a-918b-4a28-97d6-ce72c1251281"/>
<objectids-entry key="Default zone¤OB¤OB_Standard_C4484603" objectid="55" type="ACTION" value="c7be2e96-ff56-474c-9a71-d64b7a335bd9"/>
<objectids-entry key="Default zone¤OB¤OB_Standard_C4484603" objectid="56" type="ACTION" value="6b85c490-a256-4de6-9d96-2f855fdee068"/>
<objectids-entry key="Default zone¤OB¤OB_Standard_C4484603" objectid="57" type="ACTION" value="890b2060-d327-4914-b7ec-c7ca691fa624"/>
<objectids-entry key="Default zone¤OB¤OB_Standard_C4484603" objectid="58" type="ACTION" value="8de51d88-38af-4d8d-9eb9-4b260c6f85f7"/>
<objectids-entry key="Default zone¤OB¤OB_Standard_C4484603" objectid="59" type="ACTION" value="fdc359ed-725b-4b3a-8e06-fc4ff2ea870f"/>
<objectids-entry key="Default zone¤OB¤OB_Standard_C4484603" objectid="60" type="ACTION" value="6b30a3f0-796c-4d9f-a6a0-6ff01e9bd7a2"/>
<objectids-entry key="Default zone¤OB¤OB_Standard_C4484603" objectid="61" type="ACTION" value="dffb5c2b-dac2-44f6-94fc-aed88a9a1753"/>
<objectids-entry key="Default zone¤OB¤OB_Standard_C4484603" objectid="62" type="ACTION" value="ed67f12d-5bd3-4ed4-8ba0-e2dfa025396d"/>
<objectids-entry key="Default zone¤OB¤OB_Standard_C4484603" objectid="63" type="ACTION" value="1ea56a10-3776-4c80-87d5-b042301ea7bd"/>
<objectids-entry key="Default zone¤OB¤OB_Standard_C4484603" objectid="64" type="ACTION" value="e9777b34-a1fe-4324-896c-7e5bb3bfa36f"/>
<objectids-entry key="Default zone¤OB¤OB_Standard_C4484603" objectid="65" type="ACTION" value="9a7883d0-efa3-441c-9f7b-5a75a2adc8f7"/>
<objectids-entry key="Default zone¤OB¤OB_Standard_C4484603" objectid="66" type="ACTION" value="92f72187-7b16-422d-9eb1-f3898e3a51ae"/>
<objectids-entry key="Default zone¤OB¤OB_Standard_C4484603" objectid="67" type="ACTION" value="a9b75b29-c767-4636-99fe-d529816aac4d"/>
<objectids-entry key="Default zone¤OB¤OB_Standard_C4484603" objectid="68" type="HTTP_PAGE" value="f7e167d8-6663-43bb-a182-3c7b2913f550"/>
<objectids-entry key="Default zone¤OB¤OB_Standard_C4484603" objectid="69" type="ACTION" value="ab172f8a-6701-4869-a501-9c17389a72a5"/>
<objectids-entry key="Default zone¤OB¤OB_Standard_C4484603" objectid="70" type="ACTION" value="eca0c5a6-2b6c-4984-8ca4-9a766559d2a9"/>
<objectids-entry key="Default zone¤OB¤OB_Standard_C4484603" objectid="71" type="ACTION" value="5917f362-6e8c-4ada-8b8a-978d8c92773a"/>
<objectids-entry key="Default zone¤OB¤OB_Standard_C4484603" objectid="72" type="ACTION" value="a3b6a741-4b27-4a58-a252-5c87c418eb0c"/>
<objectids-entry key="Default zone¤OB¤OB_Standard_C4484603" objectid="73" type="ACTION" value="e04cb18d-d987-40fd-b5e2-26e138928f5a"/>
<objectids-entry key="Default zone¤OB¤OB_Standard_C4484603" objectid="74" type="ACTION" value="7abc1c48-64a6-41b1-b94e-2d9bb0bf7f56"/>
<objectids-entry key="Default zone¤OB¤OB_Standard_C4484603" objectid="75" type="ACTION" value="060d8592-6254-44f2-9291-3ef9340261fa"/>
<objectids-entry key="Default zone¤OB¤OB_Standard_C4484603" objectid="76" type="ACTION" value="631fa444-279a-4f08-9b53-dda699c76b02"/>
<objectids-entry key="Default zone¤OB¤OB_Standard_C4484603" objectid="77" type="ACTION" value="67c101aa-254a-499a-8af1-0eca85012cc9"/>
<objectids-entry key="Default zone¤OB¤OB_Standard_C4484603" objectid="78" type="ACTION" value="9fd704f1-f838-4ec8-b570-31150d55a0f0"/>
<objectids-entry key="Default zone¤OB¤OB_Standard_C4484603" objectid="79" type="ACTION" value="cadae1f3-8e45-4b55-a5e6-e38b352527dd"/>
<objectids-entry key="Default zone¤OB¤OB_Standard_C4484603" objectid="80" type="ACTION" value="ba09d498-94e8-4b6f-b7a2-7eac34a64907"/>
<objectids-entry key="Default zone¤OB¤OB_Standard_C4484603" objectid="81" type="BASIC_LOGICAL_CONTAINER" value="09ab2996-cd34-44b8-837e-0f781a3f837b"/>
<objectids-entry key="Default zone¤OB¤OB_Standard_C4484603" objectid="82" type="HTTP_PAGE" value="12d150b2-e38d-42bf-9c91-3dde1508bcae"/>
<objectids-entry key="Default zone¤OB¤OB_Standard_C4484603" objectid="83" type="ACTION" value="18b62bed-b3e5-42bc-9944-a1c74891c65d"/>
<objectids-entry key="Default zone¤OB¤OB_Standard_C4484603" objectid="84" type="ACTION" value="5ca95b34-b402-4937-bd0d-0a8ece60f8f0"/>
<objectids-entry key="Default zone¤OB¤OB_Standard_C4484603" objectid="85" type="BASIC_LOGICAL_CONTAINER" value="028f400e-20e8-4872-9165-fadfe419b889"/>
<objectids-entry key="Default zone¤OB¤OB_Standard_C4484603" objectid="86" type="HTTP_PAGE" value="011c5dcb-acd6-42db-9e35-25474e198692"/>
<objectids-entry key="Default zone¤OB¤OB_Standard_C4484603" objectid="87" type="ACTION" value="0c576fce-b568-4f29-a241-5543ed103d6c"/>
<objectids-entry key="Default zone¤OB¤OB_Standard_C4484603" objectid="88" type="BASIC_LOGICAL_CONTAINER" value="6dc8d0db-ab54-41e7-9bdd-0c24d7df169d"/>
<objectids-entry key="Default zone¤OB¤OB_Standard_C4484603" objectid="89" type="HTTP_PAGE" value="e820f6a8-fda5-4a7a-8f24-ed47c77e3d94"/>
<objectids-entry key="Default zone¤OB¤OB_Standard_C4484603" objectid="90" type="ACTION" value="dafec1da-5f61-4165-892b-843d771618a4"/>
<objectids-entry key="Default zone¤OB¤OB_Standard_C4484603" objectid="91" type="ACTION" value="e6cfaec3-7356-4b09-862f-86def880f8d4"/>
<objectids-entry key="Default zone¤OB¤OB_Standard_C4484603" objectid="92" type="ACTION" value="1eabe2f2-c371-43a6-b842-c2f3adc5d4de"/>
<objectids-entry key="Default zone¤OB¤OB_Standard_C4484603" objectid="93" type="BASIC_LOGICAL_CONTAINER" value="38ea340c-5963-43fb-bdb1-60f636d97bf2"/>
<objectids-entry key="Default zone¤OB¤OB_Standard_C4484603" objectid="94" type="HTTP_PAGE" value="6432851b-543f-4924-a848-5a2b782e31e9"/>
<objectids-entry key="Default zone¤OB¤OB_Standard_C4484603" objectid="95" type="ACTION" value="02e820fa-038a-4c74-bba7-18cb12d37510"/>
<objectids-entry key="Default zone¤OB¤OB_Standard_C4484603" objectid="96" type="ACTION" value="70efb4e0-f3e7-46fd-b02e-e0fddff7bb55"/>
<objectids-entry key="Default zone¤OB¤OB_Standard_C4484603" objectid="97" type="ACTION" value="5af422e9-b828-4d00-990d-02596d5fd7cb"/>
<objectids-entry key="Default zone¤OB¤OB_Standard_C4484603" objectid="98" type="ACTION" value="f669fd38-0efd-4cf2-9c2a-193290ebeb56"/>
<objectids-entry key="Default zone¤OB¤OB_Standard_C4484603" objectid="99" type="BASIC_LOGICAL_CONTAINER" value="b3e142c1-f495-4262-af1b-5d5caecaa8d3"/>
<objectids-entry key="Default zone¤OB¤OB_Standard_C4484603" objectid="100" type="HTTP_PAGE" value="6f51ebd5-7312-4a6f-8cab-a71cd0dcd48a"/>
<objectids-entry key="Default zone¤OB¤OB_Standard_C4484603" objectid="101" type="ACTION" value="c688139c-2d96-4647-9ccf-fec099b0ba36"/>
<objectids-entry key="Default zone¤OB¤OB_Standard_C4484603" objectid="102" type="HTTP_PAGE" value="d503673a-4f76-432a-8b58-25c02e271e56"/>
<objectids-entry key="Default zone¤OB¤OB_Standard_C4484603" objectid="103" type="ACTION" value="fa08c57c-49e8-45f8-bae9-635cf96414f4"/>
<objectids-entry key="Default zone¤OB¤OB_Standard_C4484603" objectid="104" type="ACTION" value="977bdfb8-36b3-43d7-99f9-db355dd0f9a2"/>
<objectids-entry key="Default zone¤OB¤OB_Standard_C4484603" objectid="105" type="BASIC_LOGICAL_CONTAINER" value="a11891d9-7323-4954-9280-3c30367ff84c"/>
<objectids-entry key="Default zone¤OB¤OB_Standard_C4484603" objectid="106" type="HTTP_PAGE" value="70a3171e-8520-4a0e-817e-0f0bb18e9464"/>
<objectids-entry key="Default zone¤OB¤OB_Standard_C4484603" objectid="107" type="ACTION" value="a09019e5-4ad0-48e8-9380-4f36b0cd6a78"/>
<objectids-entry key="Default zone¤OB¤OB_Standard_C4484603" objectid="108" type="ACTION" value="8d9e350b-5033-4208-aa3a-468bdc696a4c"/>
<objectids-entry key="Default zone¤OB¤OB_Standard_C4484603" objectid="109" type="ACTION" value="d75fcbbf-5f6d-4019-8bab-1bd650d49343"/>
<objectids-entry key="Default zone¤OB¤OB_Standard_C4484603" objectid="110" type="ACTION" value="34cb2214-1449-485d-b74c-70942169d18d"/>
<objectids-entry key="Default zone¤OB¤OB_Standard_C4484603" objectid="111" type="ACTION" value="c27e5f15-b778-4d08-815e-9f3b6abd45a1"/>
<objectids-entry key="Default zone¤OB¤OB_Standard_C4484603" objectid="112" type="ACTION" value="6cdd5943-f825-4ea5-ad2b-7a5de5fe06fd"/>
<objectids-entry key="Default zone¤OB¤OB_Standard_C4484603" objectid="113" type="BASIC_LOGICAL_CONTAINER" value="187a95ad-e63a-40bb-861c-95cd5a99c3a9"/>
<objectids-entry key="Default zone¤OB¤OB_Standard_C4484603" objectid="114" type="HTTP_PAGE" value="753133f4-930b-4a03-92d1-ec4a8e1e3409"/>
<objectids-entry key="Default zone¤OB¤OB_Standard_C4484603" objectid="115" type="ACTION" value="15d472c7-2d65-4ca6-84f5-c40992a83f22"/>
<objectids-entry key="Default zone¤OB¤OB_Standard_C4484603" objectid="116" type="ACTION" value="a65ca5a8-86ab-4380-a5b1-c817035b6f2c"/>
<objectids-entry key="Default zone¤OB¤OB_Standard_C4484603" objectid="117" type="ACTION" value="27e0b8ac-d2e2-4dcd-b87a-b41c2920e4f6"/>
<objectids-entry key="Default zone¤OB¤OB_Standard_C4484603" objectid="118" type="ACTION" value="0e2c6e53-ac49-4578-bd5d-2062b1c135ad"/>
<objectids-entry key="Default zone¤OB¤OB_Standard_C4484603" objectid="119" type="ACTION" value="c9b15b3b-86d9-49a2-8b68-14cceb59a4f8"/>
<objectids-entry key="Default zone¤OB¤OB_Standard_C4484603" objectid="120" type="ACTION" value="1790e61e-50df-4965-b9eb-ee4c24119b50"/>
<objectids-entry key="Default zone¤OB¤OB_Standard_C4484603" objectid="121" type="ACTION" value="8de5dd7b-4673-4f39-9752-a195236b0a00"/>
<objectids-entry key="Default zone¤OB¤OB_Standard_C4484603" objectid="122" type="BASIC_LOGICAL_CONTAINER" value="5c5c075f-d198-4ca1-91f5-b841b8d6b377"/>
<objectids-entry key="Default zone¤OB¤OB_Standard_C4484603" objectid="123" type="HTTP_PAGE" value="3815c117-b961-465d-8065-ad52ae90e631"/>
<objectids-entry key="Default zone¤OB¤OB_Standard_C4484603" objectid="124" type="ACTION" value="22781616-dee2-49dc-b162-a2a35a3b1fe8"/>
<objectids-entry key="Default zone¤OB¤OB_Standard_C4484603" objectid="125" type="ACTION" value="31b868ee-0017-4837-b10d-32d3b25c2f6f"/>
<objectids-entry key="Default zone¤OB¤OB_Standard_C4484603" objectid="126" type="ACTION" value="a3359d41-da62-444e-ba40-adf03294b474"/>
<objectids-entry key="Default zone¤OB¤OB_Standard_C4484603" objectid="127" type="ACTION" value="399cb879-c0a0-4ad3-acdb-fceac13722d6"/>
<objectids-entry key="Default zone¤OB¤OB_Standard_C4484603" objectid="128" type="ACTION" value="b07da0d9-16fa-43bb-ba61-01c9844f83d4"/>
<objectids-entry key="Default zone¤OB¤OB_Standard_C4484603" objectid="129" type="BASIC_LOGICAL_CONTAINER" value="bbfc2454-0782-4ef0-8639-ce41266d8cd6"/>
<objectids-entry key="Default zone¤OB¤OB_Standard_C4484603" objectid="130" type="HTTP_PAGE" value="df496102-8166-48c6-af2a-9d6ebc5b11f3"/>
<objectids-entry key="Default zone¤OB¤OB_Standard_C4484603" objectid="131" type="ACTION" value="514ff59c-92a0-4ccf-9dfe-3ee0fae41327"/>
<objectids-entry key="Default zone¤OB¤OB_Standard_C4484603" objectid="132" type="ACTION" value="2c119b8e-29a9-4e15-87c7-d185ca5b5a19"/>
<objectids-entry key="Default zone¤OB¤OB_Standard_C4484603" objectid="133" type="ACTION" value="46693d73-d97b-4b40-a5eb-fdcdea59db8d"/>
<objectids-entry key="Default zone¤OB¤OB_Standard_C4484603" objectid="134" type="BASIC_LOGICAL_CONTAINER" value="6f3c4e2e-af0b-403e-9710-1641e115b9a6"/>
<objectids-entry key="Default zone¤OB¤OB_Standard_C4484603" objectid="135" type="HTTP_PAGE" value="98dcf375-04cc-481a-8213-6640df5a5715"/>
<objectids-entry key="Default zone¤OB¤OB_Standard_C4484603" objectid="136" type="ACTION" value="54016325-c4ca-43ab-88c1-6716f95843ac"/>
<objectids-entry key="Default zone¤OB¤OB_Standard_C4484603" objectid="137" type="ACTION" value="4965fd65-6f70-44fd-9953-16d1f0832ffd"/>
<objectids-entry key="Default zone¤OB¤OB_Standard_C4484603" objectid="138" type="BASIC_LOGICAL_CONTAINER" value="ac08cc89-5d5d-47c1-baf6-dbb7f2cd643d"/>
<objectids-entry key="Default zone¤OB¤OB_Standard_C4484603" objectid="139" type="HTTP_PAGE" value="3e45d653-c479-4db8-a108-d6098da98b3b"/>
<objectids-entry key="Default zone¤OB¤OB_Standard_C4484603" objectid="140" type="ACTION" value="b2ece302-04c8-4ead-87d3-76acded361a1"/>
<objectids-entry key="Default zone¤OB¤OB_Standard_C4484603" objectid="141" type="ACTION" value="f01d2585-f0cc-4300-999d-407ff32ea687"/>
<objectids-entry key="Default zone¤OB¤OB_Standard_C4484603" objectid="142" type="ACTION" value="c9c9bb11-34a2-4bf3-82ae-d7550c582742"/>
<objectids-entry key="Default zone¤OB¤OB_Standard_C4484603" objectid="143" type="ACTION" value="cb0e711b-5886-44c4-abc1-a17b4dab200a"/>
<objectids-entry key="Default zone¤OB¤OB_Standard_C4484603" objectid="144" type="ACTION" value="fb142ff7-b0e9-42b8-947c-c2116a2f49a2"/>
<objectids-entry key="Default zone¤OB¤OB_Standard_C4484603" objectid="145" type="ACTION" value="9d02de1a-34e3-485b-8caf-102219c8fb0f"/>
<objectids-entry key="Default zone¤OB¤OB_Standard_C4484603" objectid="146" type="ACTION" value="dcbc2665-cc0a-4982-8658-925527242096"/>
<objectids-entry key="Default zone¤OB¤OB_Standard_C4484603" objectid="147" type="BASIC_LOGICAL_CONTAINER" value="a87e6b63-f25a-4a0c-a509-5b6bd69eb7b2"/>
<objectids-entry key="Default zone¤OB¤OB_Standard_C4484603" objectid="148" type="HTTP_PAGE" value="67ed7d6d-326b-4a73-9f3b-3274198e113a"/>
<objectids-entry key="Default zone¤OB¤OB_Standard_C4484603" objectid="149" type="ACTION" value="ebd932ba-4b1f-406c-826d-7e07a1578f98"/>
<objectids-entry key="Default zone¤OB¤OB_Standard_C4484603" objectid="150" type="ACTION" value="3eaab8c9-3914-402b-be9b-8c9cbc55212f"/>
<objectids-entry key="Default zone¤OB¤OB_Standard_C4484603" objectid="151" type="BASIC_LOGICAL_CONTAINER" value="d1c6818d-c019-47d7-879c-7d94dd6d2d72"/>
<objectids-entry key="Default zone¤OB¤OB_Standard_C4484603" objectid="152" type="HTTP_PAGE" value="a2724b10-3e7b-4f41-ad29-5225b6656306"/>
<objectids-entry key="Default zone¤OB¤OB_Standard_C4484603" objectid="153" type="ACTION" value="011a9bb0-4597-4fec-96fd-d63821f5c910"/>
<objectids-entry key="Default zone¤OB¤OB_Standard_C4484603" objectid="154" type="ACTION" value="babb69e7-8109-4eec-a0ae-227433ece5c0"/>
<objectids-entry key="Default zone¤OB¤OB_Standard_C4484603" objectid="155" type="HTTP_PAGE" value="49b54397-8dfa-4565-a304-d49b3ee20def"/>
<objectids-entry key="Default zone¤OB¤OB_Standard_C4484603" objectid="156" type="ACTION" value="e1b65709-da7d-4d53-a596-8f180e533069"/>
<objectids-entry key="Default zone¤OB¤OB_Standard_C4484603" objectid="157" type="HTTP_PAGE" value="5efe36f1-e850-4764-84ba-57e452ed3ef1"/>
<objectids-entry key="Default zone¤OB¤OB_Standard_C4484603" objectid="158" type="ACTION" value="9fc0a3ae-3e31-4a82-883e-9ba251d6fe09"/>
<objectids-entry key="Default zone¤OB¤OB_Standard_C4484603" objectid="159" type="BASIC_LOGICAL_CONTAINER" value="9097f82d-7f1a-4031-a862-cb3a6f969ae1"/>
<objectids-entry key="Default zone¤OB¤OB_Standard_C4484603" objectid="160" type="HTTP_PAGE" value="cdfa8701-a247-4521-97b3-8872ffb9480d"/>
<objectids-entry key="Default zone¤OB¤OB_Standard_C4484603" objectid="161" type="ACTION" value="28f0a5d2-52d2-4fcd-9ffc-0233cd88c9a0"/>
<objectids-entry key="Default zone¤OB¤OB_Standard_C4484603" objectid="162" type="ACTION" value="9da358f1-df53-4a10-a8bf-45a31c6eddc5"/>
<objectids-entry key="Default zone¤OB¤OB_Standard_C4484603" objectid="163" type="ACTION" value="25cc9997-eb8a-49eb-8fad-9018ef25dd49"/>
<objectids-entry key="Default zone¤OB¤OB_Standard_C4484603" objectid="164" type="ACTION" value="b2ca15a0-6a7b-4ce5-a043-d4c014591d8c"/>
<objectids-entry key="Default zone¤OB¤OB_Standard_C4484603" objectid="165" type="ACTION" value="8cb3989d-4b6c-4217-b78f-8d5d1a3c07d8"/>
<objectids-entry key="Default zone¤OB¤OB_Standard_C4484603" objectid="166" type="ACTION" value="d300ccb1-df4b-4f27-929a-c030689fdcf8"/>
<objectids-entry key="Default zone¤OB¤OB_Standard_C4484603" objectid="167" type="ACTION" value="55c170f6-d083-4b95-beaa-e9033143f546"/>
<objectids-entry key="Default zone¤OB¤OB_Standard_C4484603" objectid="168" type="BASIC_LOGICAL_CONTAINER" value="d4b6b977-5e7f-4d5d-a776-bac929970977"/>
<objectids-entry key="Default zone¤OB¤OB_Standard_C4484603" objectid="169" type="HTTP_PAGE" value="ebcbb9cd-16c6-4721-b1f7-c02175101321"/>
<objectids-entry key="Default zone¤OB¤OB_Standard_C4484603" objectid="170" type="ACTION" value="fd1adaad-5113-4f88-8ec3-06405f01ee89"/>
<objectids-entry key="Default zone¤OB¤OB_Standard_C4484603" objectid="171" type="ACTION" value="a3629f12-8783-4190-8845-c17a1e0c7e90"/>
<objectids-entry key="Default zone¤OB¤OB_Standard_C4484603" objectid="172" type="ACTION" value="62bf28c4-3bd0-4cdf-b6df-1b3fc0687271"/>
<objectids-entry key="Default zone¤OB¤OB_Standard_C4484603" objectid="173" type="ACTION" value="fe974cf2-63b7-467f-acd7-f51e3208ef63"/>
<objectids-entry key="Default zone¤OB¤OB_Standard_C4484603" objectid="174" type="ACTION" value="5e4c708b-dda5-4cc5-b720-eb3b786be52d"/>
<objectids-entry key="Default zone¤OB¤OB_Standard_C4484603" objectid="175" type="ACTION" value="3e153e24-d9b2-4833-a7d2-595051ca76b7"/>
<objectids-entry key="Default zone¤OB¤OB_Standard_C4484603" objectid="176" type="BASIC_LOGICAL_CONTAINER" value="0f1b7f9f-9f9b-4c00-a164-dfcf15328e93"/>
<objectids-entry key="Default zone¤OB¤OB_Standard_C4484603" objectid="177" type="HTTP_PAGE" value="43cf5e9c-14c1-4042-a3ee-787f3e566b64"/>
<objectids-entry key="Default zone¤OB¤OB_Standard_C4484603" objectid="178" type="ACTION" value="0ae06733-161d-4ef1-9a36-d421532e2398"/>
<objectids-entry key="Default zone¤OB¤OB_Standard_C4484603" objectid="179" type="ACTION" value="8ccd6a00-88d4-4924-9b46-75e796f7c60c"/>
<objectids-entry key="Default zone¤OB¤OB_Standard_C4484603" objectid="180" type="ACTION" value="6e30220e-1515-412c-8adb-b4f8c4748fbc"/>
<objectids-entry key="Default zone¤OB¤OB_Standard_C4484603" objectid="181" type="ACTION" value="e0a3855c-b04b-425c-af7e-3a924aa52933"/>
<objectids-entry key="Default zone¤OB¤OB_Standard_C4484603" objectid="182" type="ACTION" value="a9f4fbe1-df28-4278-89c7-3390105ea237"/>
<objectids-entry key="Default zone¤OB¤OB_Standard_C4484603" objectid="183" type="BASIC_LOGICAL_CONTAINER" value="7f0a4367-4428-489d-af14-03d8320bc47d"/>
<objectids-entry key="Default zone¤OB¤OB_Standard_C4484603" objectid="184" type="HTTP_PAGE" value="2573e99f-c9d2-4eef-be1f-5acbf77c1b8b"/>
<objectids-entry key="Default zone¤OB¤OB_Standard_C4484603" objectid="185" type="ACTION" value="b39f6236-e5a1-4bd0-aa29-0aaaa8cbda36"/>
<objectids-entry key="Default zone¤OB¤OB_Standard_C4484603" objectid="186" type="ACTION" value="501a8474-5c30-4b7b-a801-33501e990526"/>
<objectids-entry key="Default zone¤OB¤OB_Standard_C4484603" objectid="187" type="ACTION" value="23e7ac6b-de41-4a73-bf43-f09194f4b9d2"/>
<objectids-entry key="Default zone¤OB¤OB_Standard_C4484603" objectid="188" type="ACTION" value="1a294f8a-d2f3-47fa-9f0c-0c4e7005b9fc"/>
<objectids-entry key="Default zone¤OB¤OB_Standard_C4484603" objectid="189" type="ACTION" value="1e093863-774d-414c-815c-844afb77ee77"/>
<objectids-entry key="Default zone¤OB¤OB_Standard_C4484603" objectid="190" type="BASIC_LOGICAL_CONTAINER" value="56fe69eb-9bc0-44b5-8b41-9af28040314f"/>
<objectids-entry key="Default zone¤OB¤OB_Standard_C4484603" objectid="191" type="HTTP_PAGE" value="d6af6654-9a03-43d5-977c-0ffe625bd823"/>
<objectids-entry key="Default zone¤OB¤OB_Standard_C4484603" objectid="192" type="ACTION" value="d5223191-b91a-4d10-a36d-9a6292f78141"/>
<objectids-entry key="Default zone¤OB¤OB_Standard_C4484603" objectid="193" type="BASIC_LOGICAL_CONTAINER" value="ab50305c-7938-46cd-9db8-0dac61a75221"/>
<objectids-entry key="Default zone¤OB¤OB_Standard_C4484603" objectid="194" type="HTTP_PAGE" value="e670daef-41b1-4701-b916-05f7f1a6bd48"/>
<objectids-entry key="Default zone¤OB¤OB_Standard_C4484603" objectid="195" type="ACTION" value="26b294fb-5124-4185-b171-445014b80193"/>
<objectids-entry key="Default zone¤OB¤OB_Standard_C4484603" objectid="196" type="ACTION" value="ca0d5b78-bc36-4d84-b3e0-1341a8cef89a"/>
<objectids-entry key="Default zone¤OB¤OB_Standard_C4484603" objectid="197" type="ACTION" value="b2e9277e-dcc2-452c-860a-fef610bcd416"/>
<objectids-entry key="Default zone¤OB¤OB_Standard_C4484603" objectid="198" type="ACTION" value="2872583f-80af-4105-9d67-5e5e18ac58ae"/>
<objectids-entry key="Default zone¤OB¤OB_Standard_C4484603" objectid="199" type="ACTION" value="0e92a07b-832f-4261-98a4-622b005d1296"/>
<objectids-entry key="Default zone¤OB¤OB_Standard_C4484603" objectid="200" type="ACTION" value="16b32ce7-b166-4e4d-86cb-1ab2f0dae0a6"/>
<objectids-entry key="Default zone¤OB¤OB_Standard_C4484603" objectid="201" type="ACTION" value="bf5c624e-e4fc-4184-b45e-235e08978850"/>
<objectids-entry key="Default zone¤OB¤OB_Standard_C4484603" objectid="202" type="ACTION" value="065bb447-eb58-4114-bce9-e7c88cd1de45"/>
<objectids-entry key="Default zone¤OB¤OB_Standard_C4484603" objectid="203" type="ACTION" value="6e0de881-5213-4bd2-a487-b48e3986671a"/>
<objectids-entry key="Default zone¤OB¤OB_Standard_C4484603" objectid="204" type="ACTION" value="93ce2ab8-e931-463e-bf00-2e87a1f4eb17"/>
<objectids-entry key="Default zone¤OB¤OB_Standard_C4484603" objectid="205" type="BASIC_LOGICAL_CONTAINER" value="c1fcdb0b-30e6-4ec3-94c8-3348bb53ff4c"/>
<objectids-entry key="Default zone¤OB¤OB_Standard_C4484603" objectid="206" type="HTTP_PAGE" value="676c0767-69f9-45d0-a0d9-121a79100d08"/>
<objectids-entry key="Default zone¤OB¤OB_Standard_C4484603" objectid="207" type="ACTION" value="c9429406-a8d8-4431-8474-07e5ab8e45d6"/>
<objectids-entry key="Default zone¤OB¤OB_Standard_C4484603" objectid="208" type="HTTP_PAGE" value="fd247c45-3692-4a30-9f8c-1bcd773e8a43"/>
<objectids-entry key="Default zone¤OB¤OB_Standard_C4484603" objectid="209" type="ACTION" value="bcada2cd-6304-41b2-8248-b9ec452bb735"/>
<objectids-entry key="Default zone¤OB¤OB_Standard_C4484603" objectid="210" type="ACTION" value="8be2bfe1-8120-46d1-9824-0eff4af1e4b8"/>
<objectids-entry key="Default zone¤OB¤OB_Standard_C4484603" objectid="211" type="HTTP_PAGE" value="24f640d5-e2a1-4856-806e-e76170099935"/>
<objectids-entry key="Default zone¤OB¤OB_Standard_C4484603" objectid="212" type="ACTION" value="69043d73-19f8-4519-8dee-1e57db186313"/>
<objectids-entry key="Default zone¤OB¤OB_Standard_C4484603" objectid="213" type="HTTP_PAGE" value="eab887ca-d8a2-4c48-8536-05a5f608a983"/>
<objectids-entry key="Default zone¤OB¤OB_Standard_C4484603" objectid="214" type="ACTION" value="005464da-6030-40ae-9fae-add834257a41"/>
<objectids-entry key="Default zone¤OB¤OB_Standard_C4484603" objectid="215" type="ACTION" value="69bd8bfb-f92a-4757-a2a2-362d52f753a9"/>
<objectids-entry key="Default zone¤OB¤OB_Standard_C4484603" objectid="216" type="ACTION" value="6258cf18-314b-4c97-ba16-44b39aee5433"/>
<objectids-entry key="Default zone¤OB¤OB_Standard_C4484603" objectid="217" type="BASIC_LOGICAL_CONTAINER" value="706855b2-c4c9-4bd1-bb0d-9aee20a7a2c8"/>
<objectids-entry key="Default zone¤OB¤OB_Standard_C4484603" objectid="218" type="DELAY" value="e1167136-458c-48a6-9ead-232c600ced8d"/>
<objectids-entry key="Default zone¤OB¤OB_Standard_C4484603" objectid="219" type="BASIC_LOGICAL_CONTAINER" value="$parent=OB_Standard_C4484603;$index=2"/>
<objectids-entry key="¤¤" objectid="220" type="MONITORED_HOST" value="NeoLoad"/>
<objectids-entry key="¤¤" objectid="221" type="MONITORCONNECTION" value="NeoLoad$NeoLoad"/>
<objectids-entry key="¤¤" objectid="222" type="MONITOR" value="NeoLoad$NeoLoad$UserLoad"/>
<objectids-entry key="¤¤" objectid="223" type="MONITOR" value="NeoLoad$NeoLoad$throughput"/>
<objectids-entry key="¤¤" objectid="224" type="MONITOR" value="NeoLoad$NeoLoad$Alerts"/>
<objectids-entry key="¤¤" objectid="225" type="MONITOR" value="NeoLoad$NeoLoad$CriticalAlerts"/>
<objectids-entry key="¤¤" objectid="226" type="MONITOR" value="NeoLoad$NeoLoad$WarningAlerts"/>
<objectids-entry key="¤¤" objectid="227" type="MONITOR" value="NeoLoad$NeoLoad$cpu"/>
<objectids-entry key="¤¤" objectid="228" type="THRESHOLD" value="NeoLoad$NeoLoad$b053c3a8-a300-4bd4-b74e-a21f90144334"/>
<objectids-entry key="¤¤" objectid="229" type="MONITOR" value="NeoLoad$NeoLoad$memory"/>
<objectids-entry key="¤¤" objectid="230" type="THRESHOLD" value="NeoLoad$NeoLoad$ca052959-27e5-4881-a83b-dbf78e426ab1"/>
<objectids-entry key="¤¤" objectid="231" type="MONITOR" value="NeoLoad$NeoLoad$threadcount"/>
<objectids-entry key="¤¤" objectid="232" type="MONITOR" value="NeoLoad$NeoLoad$memoryos"/>
<objectids-entry key="¤¤" objectid="233" type="THRESHOLD" value="NeoLoad$NeoLoad$bcacc2fa-41b5-43fc-80ff-d92e3accc6b0"/>
<objectids-entry key="¤¤" objectid="234" type="MONITOR" value="NeoLoad$NeoLoad$connectedlg"/>
<objectids-entry key="¤¤" objectid="235" type="MONITOR" value="NeoLoad$NeoLoad$totallgdisconnections"/>
<objectids-entry key="¤¤" objectid="236" type="THRESHOLD" value="NeoLoad$NeoLoad$4394fc73-ec50-4ef0-b8d5-38f64979975a"/>
<objectids-entry key="¤¤" objectid="237" type="MONITOR" value="NeoLoad$NeoLoad$totallgreconnections"/>
<objectids-entry key="¤¤" objectid="238" type="MONITOR" value="NeoLoad$NeoLoad$otcp.NeoLoad"/>
<objectids-entry key="¤¤" objectid="239" type="MONITOR" value="NeoLoad$NeoLoad$tcp.NeoLoad"/>
<objectids-entry key="¤¤" objectid="240" type="MONITOR" value="NeoLoad$NeoLoad$ibytesperinterface~NeoLoad~eth11"/>
<objectids-entry key="¤¤" objectid="241" type="MONITOR" value="NeoLoad$NeoLoad$obytesperinterface~NeoLoad~eth11"/>
<objectids-entry key="¤¤" objectid="242" type="MONITOR" value="NeoLoad$NeoLoad$ibytesperinterface~NeoLoad~eth13"/>
<objectids-entry key="¤¤" objectid="243" type="MONITOR" value="NeoLoad$NeoLoad$obytesperinterface~NeoLoad~eth13"/>
<objectids-entry key="¤¤" objectid="244" type="MONITOR" value="NeoLoad$NeoLoad$SapUserLoad"/>
<objectids-entry key="¤¤" objectid="245" type="MONITOR" value="NeoLoad$NeoLoad$zoneuserload~Default zone"/>
<objectids-entry key="¤¤" objectid="246" type="MONITOR" value="NeoLoad$NeoLoad$zoneuserloadperpopulation~Default zone~OB"/>
<objectids-entry key="¤¤" objectid="247" type="MONITOR" value="NeoLoad$NeoLoad$zoneuserloadperpopulation~Default zone~OB~OB_Standard_C4484603"/>
<objectids-entry key="¤¤" objectid="248" type="MONITORED_HOST" value="LG 10.149.80.138:7100"/>
<objectids-entry key="¤¤" objectid="249" type="MONITORCONNECTION" value="LG 10.149.80.138:7100$NeoLoad"/>
<objectids-entry key="¤¤" objectid="250" type="MONITOR" value="LG 10.149.80.138:7100$NeoLoad$lgcpu.10.149.80.138:7100"/>
<objectids-entry key="¤¤" objectid="251" type="THRESHOLD" value="LG 10.149.80.138:7100$NeoLoad$911618ae-6ef8-4b3f-b101-fc643404273f"/>
<objectids-entry key="¤¤" objectid="252" type="MONITOR" value="LG 10.149.80.138:7100$NeoLoad$lgmemory.10.149.80.138:7100"/>
<objectids-entry key="¤¤" objectid="253" type="THRESHOLD" value="LG 10.149.80.138:7100$NeoLoad$3aa48b70-7a00-4ea0-9411-ac0ce1ea96d2"/>
<objectids-entry key="¤¤" objectid="254" type="MONITOR" value="LG 10.149.80.138:7100$NeoLoad$lgthroughput.10.149.80.138:7100"/>
<objectids-entry key="¤¤" objectid="255" type="MONITOR" value="LG 10.149.80.138:7100$NeoLoad$lgosmemory.10.149.80.138:7100"/>
<objectids-entry key="¤¤" objectid="256" type="THRESHOLD" value="LG 10.149.80.138:7100$NeoLoad$c7fd2f35-61d2-497d-9f2c-152c0e3278ee"/>
<objectids-entry key="¤¤" objectid="257" type="MONITOR" value="LG 10.149.80.138:7100$NeoLoad$lguserloadperpopulation~10.149.80.138:7100"/>
<objectids-entry key="¤¤" objectid="258" type="MONITOR" value="LG 10.149.80.138:7100$NeoLoad$lgthreadcount.10.149.80.138:7100"/>
<objectids-entry key="¤¤" objectid="259" type="MONITOR" value="LG 10.149.80.138:7100$NeoLoad$lg.jetty.httpclient.threadpool.used.10.149.80.138:7100"/>
<objectids-entry key="¤¤" objectid="260" type="MONITOR" value="LG 10.149.80.138:7100$NeoLoad$lg.jetty.httpclient.taskpool.used.10.149.80.138:7100"/>
<objectids-entry key="¤¤" objectid="261" type="THRESHOLD" value="LG 10.149.80.138:7100$NeoLoad$34fae523-a178-4dac-b607-0903e6ef6ad6"/>
<objectids-entry key="¤¤" objectid="262" type="MONITOR" value="LG 10.149.80.138:7100$NeoLoad$lgdisconnections.10.149.80.138:7100"/>
<objectids-entry key="¤¤" objectid="263" type="MONITOR" value="LG 10.149.80.138:7100$NeoLoad$lgreconnections.10.149.80.138:7100"/>
<objectids-entry key="¤¤" objectid="264" type="MONITOR" value="LG 10.149.80.138:7100$NeoLoad$lgping.10.149.80.138:7100"/>
<objectids-entry key="¤¤" objectid="265" type="MONITOR" value="LG 10.149.80.138:7100$NeoLoad$lgotcp.10.149.80.138:7100"/>
<objectids-entry key="¤¤" objectid="266" type="MONITOR" value="LG 10.149.80.138:7100$NeoLoad$lgtcp.10.149.80.138:7100"/>
<objectids-entry key="¤¤" objectid="267" type="MONITOR" value="LG 10.149.80.138:7100$NeoLoad$lgibytesperinterface~10.149.80.138:7100~eth5"/>
<objectids-entry key="¤¤" objectid="268" type="MONITOR" value="LG 10.149.80.138:7100$NeoLoad$lgobytesperinterface~10.149.80.138:7100~eth5"/>
<objectids-entry key="¤¤" objectid="269" type="MONITOR" value="LG 10.149.80.138:7100$NeoLoad$lgibytesperinterface~10.149.80.138:7100~eth4"/>
<objectids-entry key="¤¤" objectid="270" type="MONITOR" value="LG 10.149.80.138:7100$NeoLoad$lgobytesperinterface~10.149.80.138:7100~eth4"/>
</objectids-table>
<!--****** DURATION ******-->
<duration value="0"/>
<!--****** AGGREGATION PERIOD ******-->
<aggregation-period value="1000"/>
<!--****** EXTENDED STATISTICS ******-->
<truncated-mean centered-interval="true" percentage="90"/>
<percentile percentage="50"/>
</project>
