
	<!DOCTYPE project [
		<!ELEMENT project (objectids-table | current-scenario | duration | aggregation-period | truncated-mean | percentile)* >
	
		<!ELEMENT objectids-table (objectids-entry)* >
		<!ELEMENT objectids-entry (#PCDATA)>
		<!ELEMENT duration (#PCDATA)>
		<!ELEMENT truncated-mean (#PCDATA)>
		<!ELEMENT percentile (#PCDATA)>
		<!ELEMENT aggregation-period (#PCDATA)>
		<!ELEMENT current-scenario (#PCDATA)>
		<!ATTLIST duration
		    value CDATA #REQUIRED>
	    <!ATTLIST aggregation-period
		    value CDATA #REQUIRED>
		<!ATTLIST objectids-entry
		    objectid CDATA #REQUIRED
		    type CDATA #REQUIRED
		    value CDATA #REQUIRED
		    key CDATA #REQUIRED>
		<!ATTLIST truncated-mean
		    centered-interval CDATA #REQUIRED
		    percentage CDATA #REQUIRED>
		 <!ATTLIST percentile
		    percentage CDATA #REQUIRED>
	]>


<!--****** RUNTIME PROJECT ******--><project>
<!--****** CURRENT SCENARIO ******-->
<current-scenario>EP_C5241575</current-scenario>
<!--****** OBJECTIDS ******-->
<objectids-table>
<objectids-entry key="" objectid="0" type="LG_HOST" value="10.149.80.138:7100"/>
<objectids-entry key="" objectid="1" type="ZONE" value="Default zone"/>
<objectids-entry key="Default zone¤EP¤" objectid="2" type="POPULATION" value="EP"/>
<objectids-entry key="Default zone¤EP¤EP_Standard_C4484572" objectid="3" type="VIRTUAL_USER" value="EP_Standard_C4484572"/>
<objectids-entry key="Default zone¤EP¤EP_Standard_C4484572" objectid="4" type="BASIC_LOGICAL_CONTAINER" value="$parent=EP_Standard_C4484572;$index=0"/>
<objectids-entry key="Default zone¤EP¤EP_Standard_C4484572" objectid="5" type="BASIC_LOGICAL_CONTAINER" value="$parent=EP_Standard_C4484572;$index=1"/>
<objectids-entry key="Default zone¤EP¤EP_Standard_C4484572" objectid="6" type="BASIC_LOGICAL_CONTAINER" value="ec46875e-b894-47ba-9cef-3d4cae7b59ca"/>
<objectids-entry key="Default zone¤EP¤EP_Standard_C4484572" objectid="7" type="DELAY" value="daff91d7-84f8-4070-be7f-c3c8d484efeb"/>
<objectids-entry key="Default zone¤EP¤EP_Standard_C4484572" objectid="8" type="BASIC_LOGICAL_CONTAINER" value="eaa3220b-1bc0-4d7d-91d2-52238f45cd0e"/>
<objectids-entry key="Default zone¤EP¤EP_Standard_C4484572" objectid="9" type="HTTP_PAGE" value="7c7c7ca2-d1f4-401e-a8ab-a01f62c8770f"/>
<objectids-entry key="Default zone¤EP¤EP_Standard_C4484572" objectid="10" type="ACTION" value="63468a74-60da-4e1f-8e23-f6128bcdbd8c"/>
<objectids-entry key="Default zone¤EP¤EP_Standard_C4484572" objectid="11" type="ACTION" value="6aa548de-5c20-4625-979e-d99b735be23d"/>
<objectids-entry key="Default zone¤EP¤EP_Standard_C4484572" objectid="12" type="ACTION" value="163f9ec2-80c5-48a8-bea5-8a77a4cfebe0"/>
<objectids-entry key="Default zone¤EP¤EP_Standard_C4484572" objectid="13" type="ACTION" value="21705f59-4307-4c8c-9b08-6be88b9bd4c3"/>
<objectids-entry key="Default zone¤EP¤EP_Standard_C4484572" objectid="14" type="ACTION" value="ec76921c-6728-4582-a0d3-ee02f3e5bba5"/>
<objectids-entry key="Default zone¤EP¤EP_Standard_C4484572" objectid="15" type="HTTP_PAGE" value="524855f1-5afa-4d20-b3ad-6dd8ceb202d6"/>
<objectids-entry key="Default zone¤EP¤EP_Standard_C4484572" objectid="16" type="ACTION" value="6065a48f-dafe-4353-b83f-7c1bedccdc86"/>
<objectids-entry key="Default zone¤EP¤EP_Standard_C4484572" objectid="17" type="ACTION" value="d95b33d6-0d15-45c0-a72f-81269a220c05"/>
<objectids-entry key="Default zone¤EP¤EP_Standard_C4484572" objectid="18" type="ACTION" value="7cfbfd50-24ea-4dd0-86f1-2f77cb471823"/>
<objectids-entry key="Default zone¤EP¤EP_Standard_C4484572" objectid="19" type="ACTION" value="64c6d7cb-a914-4ec5-b32b-4fb57047e2d1"/>
<objectids-entry key="Default zone¤EP¤EP_Standard_C4484572" objectid="20" type="ACTION" value="3e0621b9-c300-4264-84a5-9f121dbac124"/>
<objectids-entry key="Default zone¤EP¤EP_Standard_C4484572" objectid="21" type="ACTION" value="a55dd9d1-743a-47a7-be92-0cf41c9e3522"/>
<objectids-entry key="Default zone¤EP¤EP_Standard_C4484572" objectid="22" type="ACTION" value="06b6834d-20ca-453c-9882-9fd46b3bd99e"/>
<objectids-entry key="Default zone¤EP¤EP_Standard_C4484572" objectid="23" type="HTTP_PAGE" value="c443b416-f391-4210-95a3-e7891ca1ce72"/>
<objectids-entry key="Default zone¤EP¤EP_Standard_C4484572" objectid="24" type="ACTION" value="4c08fe89-ffa1-476e-b2f3-77756ca7f995"/>
<objectids-entry key="Default zone¤EP¤EP_Standard_C4484572" objectid="25" type="HTTP_PAGE" value="59bb8726-5454-47f4-8c47-4642782b02c7"/>
<objectids-entry key="Default zone¤EP¤EP_Standard_C4484572" objectid="26" type="ACTION" value="943e3074-d216-49da-bb6c-29c5b1aeeb6c"/>
<objectids-entry key="Default zone¤EP¤EP_Standard_C4484572" objectid="27" type="ACTION" value="593ebd0d-b293-4b0e-aee7-75d069b64b86"/>
<objectids-entry key="Default zone¤EP¤EP_Standard_C4484572" objectid="28" type="ACTION" value="ba068c87-810c-4af3-a3e4-7f1007500a96"/>
<objectids-entry key="Default zone¤EP¤EP_Standard_C4484572" objectid="29" type="HTTP_PAGE" value="0754c3d9-1ee8-4382-8048-f8f3d884e7a4"/>
<objectids-entry key="Default zone¤EP¤EP_Standard_C4484572" objectid="30" type="ACTION" value="423192ae-5c74-411a-b5e1-1040ee046c9b"/>
<objectids-entry key="Default zone¤EP¤EP_Standard_C4484572" objectid="31" type="HTTP_PAGE" value="9ba381d2-44d0-4cf9-9529-02dbe4ca044b"/>
<objectids-entry key="Default zone¤EP¤EP_Standard_C4484572" objectid="32" type="ACTION" value="cf9e0eae-34a7-46fa-a431-048638768434"/>
<objectids-entry key="Default zone¤EP¤EP_Standard_C4484572" objectid="33" type="ACTION" value="f5777867-08d8-4eb9-8c6a-ab39f15beb92"/>
<objectids-entry key="Default zone¤EP¤EP_Standard_C4484572" objectid="34" type="ACTION" value="e5f8315b-daaf-4abf-94ef-2feb429eba8e"/>
<objectids-entry key="Default zone¤EP¤EP_Standard_C4484572" objectid="35" type="HTTP_PAGE" value="fecba55d-eeed-4def-a85f-90daa05e81e1"/>
<objectids-entry key="Default zone¤EP¤EP_Standard_C4484572" objectid="36" type="ACTION" value="04d875c5-a63e-455f-b53a-f01247b83e63"/>
<objectids-entry key="Default zone¤EP¤EP_Standard_C4484572" objectid="37" type="HTTP_PAGE" value="ef35df4f-93aa-4759-8029-c0d4a6f6de4a"/>
<objectids-entry key="Default zone¤EP¤EP_Standard_C4484572" objectid="38" type="ACTION" value="7d4cd4ae-c25c-4eb9-8d5b-af8f10083871"/>
<objectids-entry key="Default zone¤EP¤EP_Standard_C4484572" objectid="39" type="BASIC_LOGICAL_CONTAINER" value="e61392bc-ee46-4c4b-b01a-0e103df70e14"/>
<objectids-entry key="Default zone¤EP¤EP_Standard_C4484572" objectid="40" type="HTTP_PAGE" value="b05ac6ed-da5c-4618-9aa7-4eaee69b7390"/>
<objectids-entry key="Default zone¤EP¤EP_Standard_C4484572" objectid="41" type="ACTION" value="ad63a0a2-9c87-44a2-b3b0-fb436e740a08"/>
<objectids-entry key="Default zone¤EP¤EP_Standard_C4484572" objectid="42" type="ACTION" value="45534973-e131-4039-b7c1-cd2465eba306"/>
<objectids-entry key="Default zone¤EP¤EP_Standard_C4484572" objectid="43" type="ACTION" value="b841357b-0dac-4614-97ee-91a825961368"/>
<objectids-entry key="Default zone¤EP¤EP_Standard_C4484572" objectid="44" type="ACTION" value="b4acdbb0-2581-476a-89c7-2700586767b6"/>
<objectids-entry key="Default zone¤EP¤EP_Standard_C4484572" objectid="45" type="ACTION" value="544709f8-553a-4af7-8a35-8d12e0c76178"/>
<objectids-entry key="Default zone¤EP¤EP_Standard_C4484572" objectid="46" type="ACTION" value="0b851da8-2ced-4c48-affe-1b57da211f7a"/>
<objectids-entry key="Default zone¤EP¤EP_Standard_C4484572" objectid="47" type="ACTION" value="5946a089-8b6b-4205-8b25-e317ef8377c6"/>
<objectids-entry key="Default zone¤EP¤EP_Standard_C4484572" objectid="48" type="ACTION" value="28e5dd1b-21a3-4028-af54-5b1367a3682e"/>
<objectids-entry key="Default zone¤EP¤EP_Standard_C4484572" objectid="49" type="ACTION" value="13375fe5-823e-4844-a5bc-0fd43b4f3f36"/>
<objectids-entry key="Default zone¤EP¤EP_Standard_C4484572" objectid="50" type="ACTION" value="c90ac852-82a5-48f1-9ae0-a77a3d447dd6"/>
<objectids-entry key="Default zone¤EP¤EP_Standard_C4484572" objectid="51" type="ACTION" value="8ef8cf2b-e1c0-4d97-93c1-8482e7898527"/>
<objectids-entry key="Default zone¤EP¤EP_Standard_C4484572" objectid="52" type="ACTION" value="7e74a3c9-ef97-482c-8536-b45511373337"/>
<objectids-entry key="Default zone¤EP¤EP_Standard_C4484572" objectid="53" type="ACTION" value="3e0110f2-79b7-4fde-adf1-b4ba852123ea"/>
<objectids-entry key="Default zone¤EP¤EP_Standard_C4484572" objectid="54" type="ACTION" value="362b36dd-aa81-40c2-8e54-52a9e881c362"/>
<objectids-entry key="Default zone¤EP¤EP_Standard_C4484572" objectid="55" type="ACTION" value="5ca71d18-1b1b-4523-9f42-bdff72c0fb97"/>
<objectids-entry key="Default zone¤EP¤EP_Standard_C4484572" objectid="56" type="ACTION" value="2bd5237c-2039-4113-b9fd-73efbea74fe9"/>
<objectids-entry key="Default zone¤EP¤EP_Standard_C4484572" objectid="57" type="ACTION" value="87aa77bd-920b-4260-abf3-d99fbb3c79da"/>
<objectids-entry key="Default zone¤EP¤EP_Standard_C4484572" objectid="58" type="ACTION" value="dda4ba2b-e97b-4322-a1de-a6c68d1fbb3a"/>
<objectids-entry key="Default zone¤EP¤EP_Standard_C4484572" objectid="59" type="ACTION" value="89ba2705-dfc9-4891-8911-f12f54b6df38"/>
<objectids-entry key="Default zone¤EP¤EP_Standard_C4484572" objectid="60" type="ACTION" value="97a0e0df-31ea-44eb-b8e5-70a5cf3c47c5"/>
<objectids-entry key="Default zone¤EP¤EP_Standard_C4484572" objectid="61" type="ACTION" value="c2883f18-f068-48eb-b99f-4a773fb1a775"/>
<objectids-entry key="Default zone¤EP¤EP_Standard_C4484572" objectid="62" type="ACTION" value="040e8314-766c-4593-8c53-e1f630e04e5c"/>
<objectids-entry key="Default zone¤EP¤EP_Standard_C4484572" objectid="63" type="ACTION" value="69b1d92e-6c8d-4404-b042-36e9a8bd3d9b"/>
<objectids-entry key="Default zone¤EP¤EP_Standard_C4484572" objectid="64" type="ACTION" value="14d42aa3-3adb-4b0b-b34b-4aa388afdc16"/>
<objectids-entry key="Default zone¤EP¤EP_Standard_C4484572" objectid="65" type="ACTION" value="3a58a8e1-4bfb-457a-a761-d512c0628045"/>
<objectids-entry key="Default zone¤EP¤EP_Standard_C4484572" objectid="66" type="ACTION" value="865ac0d5-0e7e-4342-acbb-991fc422e1c4"/>
<objectids-entry key="Default zone¤EP¤EP_Standard_C4484572" objectid="67" type="ACTION" value="e9b7a3ca-5e05-4663-b045-5ce4ebed3166"/>
<objectids-entry key="Default zone¤EP¤EP_Standard_C4484572" objectid="68" type="ACTION" value="cab2ae23-ccb4-4158-b7e9-228da804d38b"/>
<objectids-entry key="Default zone¤EP¤EP_Standard_C4484572" objectid="69" type="ACTION" value="20538a61-375b-4994-a69a-9832fe286b64"/>
<objectids-entry key="Default zone¤EP¤EP_Standard_C4484572" objectid="70" type="HTTP_PAGE" value="2d60d2fb-b420-4137-9009-8309a8ba80fc"/>
<objectids-entry key="Default zone¤EP¤EP_Standard_C4484572" objectid="71" type="ACTION" value="1c375c3a-d65c-4a2b-b214-318d38c0e9cd"/>
<objectids-entry key="Default zone¤EP¤EP_Standard_C4484572" objectid="72" type="ACTION" value="2f8ef0d8-5493-4a45-a3ca-b236bf09cd8d"/>
<objectids-entry key="Default zone¤EP¤EP_Standard_C4484572" objectid="73" type="ACTION" value="df772789-f298-4638-9524-e78562ff178c"/>
<objectids-entry key="Default zone¤EP¤EP_Standard_C4484572" objectid="74" type="ACTION" value="59690b20-290c-4c53-9e2f-d9072d50d4fb"/>
<objectids-entry key="Default zone¤EP¤EP_Standard_C4484572" objectid="75" type="ACTION" value="e06c9eac-8fe8-4636-9929-f994a6970761"/>
<objectids-entry key="Default zone¤EP¤EP_Standard_C4484572" objectid="76" type="ACTION" value="0d225969-ff85-44de-8ec4-f355669801ce"/>
<objectids-entry key="Default zone¤EP¤EP_Standard_C4484572" objectid="77" type="ACTION" value="d59eaa5f-95b3-428c-9d0d-4614416714ab"/>
<objectids-entry key="Default zone¤EP¤EP_Standard_C4484572" objectid="78" type="ACTION" value="bc8357b3-aedf-4989-9f3f-9de841b25134"/>
<objectids-entry key="Default zone¤EP¤EP_Standard_C4484572" objectid="79" type="ACTION" value="494c529e-7b5e-4cef-a354-36f470b87bef"/>
<objectids-entry key="Default zone¤EP¤EP_Standard_C4484572" objectid="80" type="ACTION" value="552f3f02-40f0-4dde-b0ab-5a1036cbec0b"/>
<objectids-entry key="Default zone¤EP¤EP_Standard_C4484572" objectid="81" type="ACTION" value="757ccb1d-b4af-414a-9428-ee246e585326"/>
<objectids-entry key="Default zone¤EP¤EP_Standard_C4484572" objectid="82" type="ACTION" value="c54b3944-a08b-47f3-876b-3f0fb8813cba"/>
<objectids-entry key="Default zone¤EP¤EP_Standard_C4484572" objectid="83" type="ACTION" value="f952fb77-cc50-45ee-a4e4-3e3bbfcdb1d5"/>
<objectids-entry key="Default zone¤EP¤EP_Standard_C4484572" objectid="84" type="ACTION" value="a38e2549-1c7b-4445-a95f-f270628c5e8e"/>
<objectids-entry key="Default zone¤EP¤EP_Standard_C4484572" objectid="85" type="ACTION" value="36971359-5c36-4680-8e7e-24aec3177a7f"/>
<objectids-entry key="Default zone¤EP¤EP_Standard_C4484572" objectid="86" type="ACTION" value="85534f64-298c-4582-b69b-2cf5e4bc2868"/>
<objectids-entry key="Default zone¤EP¤EP_Standard_C4484572" objectid="87" type="ACTION" value="1a75d5da-f760-42ef-a3fe-dd664e2364e3"/>
<objectids-entry key="Default zone¤EP¤EP_Standard_C4484572" objectid="88" type="ACTION" value="d86789bb-f4df-4424-b570-4f7c4c48e60b"/>
<objectids-entry key="Default zone¤EP¤EP_Standard_C4484572" objectid="89" type="ACTION" value="8993d8c1-8035-4df5-b925-a525ee6380a9"/>
<objectids-entry key="Default zone¤EP¤EP_Standard_C4484572" objectid="90" type="ACTION" value="07adc8c3-147a-44b5-a003-51507644cbfd"/>
<objectids-entry key="Default zone¤EP¤EP_Standard_C4484572" objectid="91" type="ACTION" value="8d0bbb69-7717-437d-be41-d2a6d320932e"/>
<objectids-entry key="Default zone¤EP¤EP_Standard_C4484572" objectid="92" type="ACTION" value="409f9174-a647-484a-b0de-33a96fe8417d"/>
<objectids-entry key="Default zone¤EP¤EP_Standard_C4484572" objectid="93" type="ACTION" value="6a47bb95-8dcd-4b89-8fdd-7600d5e14078"/>
<objectids-entry key="Default zone¤EP¤EP_Standard_C4484572" objectid="94" type="ACTION" value="ec760d8f-3289-4cb7-a5dc-9de65d1bf2b8"/>
<objectids-entry key="Default zone¤EP¤EP_Standard_C4484572" objectid="95" type="ACTION" value="07011370-1cdc-4a92-b23b-35646d99bbb9"/>
<objectids-entry key="Default zone¤EP¤EP_Standard_C4484572" objectid="96" type="ACTION" value="2319ab34-d726-4563-b325-fd8f9737a15a"/>
<objectids-entry key="Default zone¤EP¤EP_Standard_C4484572" objectid="97" type="ACTION" value="5d2fd260-3316-4046-b79e-cf7054e5e8de"/>
<objectids-entry key="Default zone¤EP¤EP_Standard_C4484572" objectid="98" type="ACTION" value="1cab0974-4a37-4fc9-a8c8-e9fe2843a99d"/>
<objectids-entry key="Default zone¤EP¤EP_Standard_C4484572" objectid="99" type="ACTION" value="8691b861-1823-4ac6-85fd-01bc092a43b2"/>
<objectids-entry key="Default zone¤EP¤EP_Standard_C4484572" objectid="100" type="HTTP_PAGE" value="a0a3a036-7a89-4689-81d3-6feaf983983f"/>
<objectids-entry key="Default zone¤EP¤EP_Standard_C4484572" objectid="101" type="ACTION" value="0ccd2608-4da0-4dd8-89ee-c3454986e070"/>
<objectids-entry key="Default zone¤EP¤EP_Standard_C4484572" objectid="102" type="HTTP_PAGE" value="577b4146-eeb3-45f7-a331-6d981c88c3f2"/>
<objectids-entry key="Default zone¤EP¤EP_Standard_C4484572" objectid="103" type="ACTION" value="75df6627-f5c4-4a1a-aaee-a27a33045710"/>
<objectids-entry key="Default zone¤EP¤EP_Standard_C4484572" objectid="104" type="ACTION" value="8fe6b2d0-7bc9-4540-b873-661157ebd785"/>
<objectids-entry key="Default zone¤EP¤EP_Standard_C4484572" objectid="105" type="ACTION" value="439d4ff2-577c-4b7a-be04-e075130c27da"/>
<objectids-entry key="Default zone¤EP¤EP_Standard_C4484572" objectid="106" type="ACTION" value="c828f705-fcb9-48e5-8cc4-111a3a3a304b"/>
<objectids-entry key="Default zone¤EP¤EP_Standard_C4484572" objectid="107" type="ACTION" value="8fe54a22-ad60-47d6-bc95-9bfdcedcab78"/>
<objectids-entry key="Default zone¤EP¤EP_Standard_C4484572" objectid="108" type="ACTION" value="a3f0d83e-2c9c-495e-b260-0fb52f8622c9"/>
<objectids-entry key="Default zone¤EP¤EP_Standard_C4484572" objectid="109" type="ACTION" value="1b1fa96e-2287-421a-a5aa-bd1c5de26f7a"/>
<objectids-entry key="Default zone¤EP¤EP_Standard_C4484572" objectid="110" type="ACTION" value="e8c50aba-b4ac-4bb3-a89c-ff46f51cb976"/>
<objectids-entry key="Default zone¤EP¤EP_Standard_C4484572" objectid="111" type="ACTION" value="1eff6552-6628-4fc2-8ea6-711812856a45"/>
<objectids-entry key="Default zone¤EP¤EP_Standard_C4484572" objectid="112" type="ACTION" value="9758d843-0ae7-4e0c-9017-d6e3e50704a4"/>
<objectids-entry key="Default zone¤EP¤EP_Standard_C4484572" objectid="113" type="HTTP_PAGE" value="55c98ddf-951e-4c39-80a2-22f8007e5f48"/>
<objectids-entry key="Default zone¤EP¤EP_Standard_C4484572" objectid="114" type="ACTION" value="dd12a47f-7806-43e8-bb9b-bc105e356f9d"/>
<objectids-entry key="Default zone¤EP¤EP_Standard_C4484572" objectid="115" type="HTTP_PAGE" value="77783a03-11ce-4146-bedc-167aae280e40"/>
<objectids-entry key="Default zone¤EP¤EP_Standard_C4484572" objectid="116" type="ACTION" value="7e992bef-2cb2-4c2b-9f02-b6ec5f0d50c7"/>
<objectids-entry key="Default zone¤EP¤EP_Standard_C4484572" objectid="117" type="ACTION" value="53f4d745-af92-4c2f-8623-466a9e6b80fc"/>
<objectids-entry key="Default zone¤EP¤EP_Standard_C4484572" objectid="118" type="ACTION" value="3c3e83c3-695d-4617-9ced-aef0ec57c2fd"/>
<objectids-entry key="Default zone¤EP¤EP_Standard_C4484572" objectid="119" type="HTTP_PAGE" value="1cd7baf1-50ad-4c0c-b86c-aa214da2fd4d"/>
<objectids-entry key="Default zone¤EP¤EP_Standard_C4484572" objectid="120" type="ACTION" value="c491bc43-818a-4804-b776-ff7311119b5a"/>
<objectids-entry key="Default zone¤EP¤EP_Standard_C4484572" objectid="121" type="BASIC_LOGICAL_CONTAINER" value="e67b5abe-44ca-4b90-a5ae-b3181bfa129f"/>
<objectids-entry key="Default zone¤EP¤EP_Standard_C4484572" objectid="122" type="HTTP_PAGE" value="810237e8-9a9f-4e45-965b-8503ca334850"/>
<objectids-entry key="Default zone¤EP¤EP_Standard_C4484572" objectid="123" type="ACTION" value="7aae88be-d47a-43cf-b07f-f1b5c396e73b"/>
<objectids-entry key="Default zone¤EP¤EP_Standard_C4484572" objectid="124" type="HTTP_PAGE" value="8ed5f677-aaef-4a64-8d02-a000df77f195"/>
<objectids-entry key="Default zone¤EP¤EP_Standard_C4484572" objectid="125" type="ACTION" value="b9f28837-8a9f-4e06-928f-c08c144218e0"/>
<objectids-entry key="Default zone¤EP¤EP_Standard_C4484572" objectid="126" type="HTTP_PAGE" value="2ada818b-daf2-4e86-b42d-857e96ebe16a"/>
<objectids-entry key="Default zone¤EP¤EP_Standard_C4484572" objectid="127" type="ACTION" value="879d13c1-f6f4-4b99-9bb6-cbef6b66b583"/>
<objectids-entry key="Default zone¤EP¤EP_Standard_C4484572" objectid="128" type="ACTION" value="274368ea-6c83-4048-8c0f-c2ba472ccc33"/>
<objectids-entry key="Default zone¤EP¤EP_Standard_C4484572" objectid="129" type="ACTION" value="25d3a834-3afc-484e-b7d9-e9352e42ec50"/>
<objectids-entry key="Default zone¤EP¤EP_Standard_C4484572" objectid="130" type="ACTION" value="3d743c86-6bac-435e-9fd7-14eaa4ee80a4"/>
<objectids-entry key="Default zone¤EP¤EP_Standard_C4484572" objectid="131" type="ACTION" value="8dff6981-b026-4ff5-8978-d19a72483444"/>
<objectids-entry key="Default zone¤EP¤EP_Standard_C4484572" objectid="132" type="ACTION" value="b3b2eaf4-7078-49da-90fa-da0495a6939d"/>
<objectids-entry key="Default zone¤EP¤EP_Standard_C4484572" objectid="133" type="ACTION" value="2e32647e-d524-42d3-873a-09c71b3df9b5"/>
<objectids-entry key="Default zone¤EP¤EP_Standard_C4484572" objectid="134" type="HTTP_PAGE" value="df2677d7-6107-4967-9391-bcac59cec9b4"/>
<objectids-entry key="Default zone¤EP¤EP_Standard_C4484572" objectid="135" type="ACTION" value="07f3853d-f51d-4324-9aae-c7d0d35e3587"/>
<objectids-entry key="Default zone¤EP¤EP_Standard_C4484572" objectid="136" type="BASIC_LOGICAL_CONTAINER" value="dc9d4dd7-b4d9-4bbe-99cd-1cae20fbbf54"/>
<objectids-entry key="Default zone¤EP¤EP_Standard_C4484572" objectid="137" type="HTTP_PAGE" value="c0474a44-6833-493e-be4d-2c3926dde9aa"/>
<objectids-entry key="Default zone¤EP¤EP_Standard_C4484572" objectid="138" type="ACTION" value="3320ec87-6aaf-48e2-9363-f356f82bec3d"/>
<objectids-entry key="Default zone¤EP¤EP_Standard_C4484572" objectid="139" type="ACTION" value="fc0508bf-168c-47fd-914c-47e7aae26772"/>
<objectids-entry key="Default zone¤EP¤EP_Standard_C4484572" objectid="140" type="ACTION" value="913e8fb1-491c-48b4-9eca-14fe53df3ed8"/>
<objectids-entry key="Default zone¤EP¤EP_Standard_C4484572" objectid="141" type="HTTP_PAGE" value="a807031f-b0ae-4d6c-bf94-ac3982e5f827"/>
<objectids-entry key="Default zone¤EP¤EP_Standard_C4484572" objectid="142" type="ACTION" value="094b403c-2a2e-41fd-a879-36e451d9ed08"/>
<objectids-entry key="Default zone¤EP¤EP_Standard_C4484572" objectid="143" type="ACTION" value="fb5ea196-b72d-42aa-88aa-3c2655360cf6"/>
<objectids-entry key="Default zone¤EP¤EP_Standard_C4484572" objectid="144" type="ACTION" value="eab1db13-3b29-475f-a326-983a86a65838"/>
<objectids-entry key="Default zone¤EP¤EP_Standard_C4484572" objectid="145" type="ACTION" value="bb53f556-2389-494d-874a-a0caf7d46a2d"/>
<objectids-entry key="Default zone¤EP¤EP_Standard_C4484572" objectid="146" type="ACTION" value="ccb259fa-bbf9-497c-9797-410dd47c7641"/>
<objectids-entry key="Default zone¤EP¤EP_Standard_C4484572" objectid="147" type="HTTP_PAGE" value="0ed968dd-fac3-40f5-9e12-16bbbc41c05d"/>
<objectids-entry key="Default zone¤EP¤EP_Standard_C4484572" objectid="148" type="ACTION" value="f8be7c12-55f5-470e-98f3-b76240e3c2df"/>
<objectids-entry key="Default zone¤EP¤EP_Standard_C4484572" objectid="149" type="BASIC_LOGICAL_CONTAINER" value="9283d443-2be9-4259-87b9-c6a8e52a85e5"/>
<objectids-entry key="Default zone¤EP¤EP_Standard_C4484572" objectid="150" type="HTTP_PAGE" value="ea2ae4e0-6cbb-4c00-b7b0-c5c3c7eac854"/>
<objectids-entry key="Default zone¤EP¤EP_Standard_C4484572" objectid="151" type="ACTION" value="78fe11c0-1c0d-4b6b-96d7-d6d494115e4f"/>
<objectids-entry key="Default zone¤EP¤EP_Standard_C4484572" objectid="152" type="ACTION" value="7e99821b-bfd8-4aad-aa9b-d8951fb84edb"/>
<objectids-entry key="Default zone¤EP¤EP_Standard_C4484572" objectid="153" type="ACTION" value="19a4c73b-6af1-42d9-9cfa-30de6710f815"/>
<objectids-entry key="Default zone¤EP¤EP_Standard_C4484572" objectid="154" type="BASIC_LOGICAL_CONTAINER" value="c43f771e-dcb2-4a0e-9317-5029017a8bed"/>
<objectids-entry key="Default zone¤EP¤EP_Standard_C4484572" objectid="155" type="HTTP_PAGE" value="b871bd68-146f-44dd-9d6f-79e34615ec9a"/>
<objectids-entry key="Default zone¤EP¤EP_Standard_C4484572" objectid="156" type="ACTION" value="8ef70c3d-cebc-4cc4-aa3d-5e82aad8784a"/>
<objectids-entry key="Default zone¤EP¤EP_Standard_C4484572" objectid="157" type="ACTION" value="e17239ad-4d3a-436a-b5ea-460fb01cd177"/>
<objectids-entry key="Default zone¤EP¤EP_Standard_C4484572" objectid="158" type="HTTP_PAGE" value="19d23cdd-9de6-4ba4-a555-13a287dfd15e"/>
<objectids-entry key="Default zone¤EP¤EP_Standard_C4484572" objectid="159" type="ACTION" value="020d94cc-4bf0-4dad-83a4-b3f5ab2576d3"/>
<objectids-entry key="Default zone¤EP¤EP_Standard_C4484572" objectid="160" type="BASIC_LOGICAL_CONTAINER" value="efaad93f-2210-4da6-81cd-22bcb3f96f22"/>
<objectids-entry key="Default zone¤EP¤EP_Standard_C4484572" objectid="161" type="HTTP_PAGE" value="3ff2dd48-2f1b-4bd1-a0c1-c5caac689474"/>
<objectids-entry key="Default zone¤EP¤EP_Standard_C4484572" objectid="162" type="ACTION" value="b70ddcd4-87bd-4197-8def-5a28b2b2d801"/>
<objectids-entry key="Default zone¤EP¤EP_Standard_C4484572" objectid="163" type="HTTP_PAGE" value="4c4ace8b-8a9c-4cd8-854a-e255cebce8a0"/>
<objectids-entry key="Default zone¤EP¤EP_Standard_C4484572" objectid="164" type="ACTION" value="81624894-9dd9-401a-ad60-4ade00193646"/>
<objectids-entry key="Default zone¤EP¤EP_Standard_C4484572" objectid="165" type="HTTP_PAGE" value="5b8433b5-8bb6-4423-bf93-c4b62e2ca430"/>
<objectids-entry key="Default zone¤EP¤EP_Standard_C4484572" objectid="166" type="ACTION" value="6d66e613-3400-48c0-aee3-6af2ed2e099c"/>
<objectids-entry key="Default zone¤EP¤EP_Standard_C4484572" objectid="167" type="HTTP_PAGE" value="5681346c-e51f-48b0-976e-58ec1d8250ca"/>
<objectids-entry key="Default zone¤EP¤EP_Standard_C4484572" objectid="168" type="ACTION" value="2c4ac596-495d-4713-a4b2-6b648e7dc791"/>
<objectids-entry key="Default zone¤EP¤EP_Standard_C4484572" objectid="169" type="ACTION" value="ccf0d6bf-cb14-4e14-b981-22091baf2f07"/>
<objectids-entry key="Default zone¤EP¤EP_Standard_C4484572" objectid="170" type="ACTION" value="f385ff3d-9fe0-4bd8-ab1c-2c78ca91ff98"/>
<objectids-entry key="Default zone¤EP¤EP_Standard_C4484572" objectid="171" type="ACTION" value="411b2699-e1a2-4de8-a96c-97deaa824ef8"/>
<objectids-entry key="Default zone¤EP¤EP_Standard_C4484572" objectid="172" type="ACTION" value="cf17b1df-4a14-46e1-bb7b-725dccf8e3cb"/>
<objectids-entry key="Default zone¤EP¤EP_Standard_C4484572" objectid="173" type="ACTION" value="b62c28e7-f610-4192-b24a-fe5316f02281"/>
<objectids-entry key="Default zone¤EP¤EP_Standard_C4484572" objectid="174" type="ACTION" value="2eea8d1b-4a39-4d1a-903a-be92cbbe02d0"/>
<objectids-entry key="Default zone¤EP¤EP_Standard_C4484572" objectid="175" type="ACTION" value="b9ff20a7-c715-49a5-88fb-820a2ded5cd6"/>
<objectids-entry key="Default zone¤EP¤EP_Standard_C4484572" objectid="176" type="ACTION" value="c8ae923a-6665-4d25-b0e5-a8f77f0dbdfd"/>
<objectids-entry key="Default zone¤EP¤EP_Standard_C4484572" objectid="177" type="BASIC_LOGICAL_CONTAINER" value="9a737935-eca3-4c47-8ebe-a3a9a053aa50"/>
<objectids-entry key="Default zone¤EP¤EP_Standard_C4484572" objectid="178" type="HTTP_PAGE" value="0ff9d125-250a-4c1c-af7e-3257446b40fa"/>
<objectids-entry key="Default zone¤EP¤EP_Standard_C4484572" objectid="179" type="ACTION" value="e73a9aa0-16c8-457e-a29e-57d75f120f3c"/>
<objectids-entry key="Default zone¤EP¤EP_Standard_C4484572" objectid="180" type="HTTP_PAGE" value="c95977e4-5603-4333-812b-852ac10b370a"/>
<objectids-entry key="Default zone¤EP¤EP_Standard_C4484572" objectid="181" type="ACTION" value="23c82bee-3098-4e06-add0-e6bc4fb1e22a"/>
<objectids-entry key="Default zone¤EP¤EP_Standard_C4484572" objectid="182" type="HTTP_PAGE" value="222e5cc3-47b0-497e-9e08-81e2ebd7ec1b"/>
<objectids-entry key="Default zone¤EP¤EP_Standard_C4484572" objectid="183" type="ACTION" value="066d2bf2-a4c3-41a0-9e25-c1eb2329eb31"/>
<objectids-entry key="Default zone¤EP¤EP_Standard_C4484572" objectid="184" type="HTTP_PAGE" value="5b0988a5-b7cf-4e4d-a1db-25671cf728ba"/>
<objectids-entry key="Default zone¤EP¤EP_Standard_C4484572" objectid="185" type="ACTION" value="e026fb95-2d44-4bbd-94cb-5b49f4a256c4"/>
<objectids-entry key="Default zone¤EP¤EP_Standard_C4484572" objectid="186" type="ACTION" value="97ed2dbe-0374-4c03-8eab-69d3bc674793"/>
<objectids-entry key="Default zone¤EP¤EP_Standard_C4484572" objectid="187" type="ACTION" value="fc35be85-853a-4d22-8c28-e7d715cf2ac5"/>
<objectids-entry key="Default zone¤EP¤EP_Standard_C4484572" objectid="188" type="HTTP_PAGE" value="1ad41672-6076-43f8-bb94-e96285f7219a"/>
<objectids-entry key="Default zone¤EP¤EP_Standard_C4484572" objectid="189" type="ACTION" value="de40bd67-8b8e-4b06-a916-facbc5bc43aa"/>
<objectids-entry key="Default zone¤EP¤EP_Standard_C4484572" objectid="190" type="BASIC_LOGICAL_CONTAINER" value="ebf55801-3668-457b-b733-0a2c2384e0ee"/>
<objectids-entry key="Default zone¤EP¤EP_Standard_C4484572" objectid="191" type="DELAY" value="18b106a5-c9a8-4a62-8827-614ab3084826"/>
<objectids-entry key="Default zone¤EP¤EP_Standard_C4484572" objectid="192" type="BASIC_LOGICAL_CONTAINER" value="$parent=EP_Standard_C4484572;$index=2"/>
<objectids-entry key="¤¤" objectid="193" type="MONITORED_HOST" value="NeoLoad"/>
<objectids-entry key="¤¤" objectid="194" type="MONITORCONNECTION" value="NeoLoad$NeoLoad"/>
<objectids-entry key="¤¤" objectid="195" type="MONITOR" value="NeoLoad$NeoLoad$UserLoad"/>
<objectids-entry key="¤¤" objectid="196" type="MONITOR" value="NeoLoad$NeoLoad$throughput"/>
<objectids-entry key="¤¤" objectid="197" type="MONITOR" value="NeoLoad$NeoLoad$Alerts"/>
<objectids-entry key="¤¤" objectid="198" type="MONITOR" value="NeoLoad$NeoLoad$CriticalAlerts"/>
<objectids-entry key="¤¤" objectid="199" type="MONITOR" value="NeoLoad$NeoLoad$WarningAlerts"/>
<objectids-entry key="¤¤" objectid="200" type="MONITOR" value="NeoLoad$NeoLoad$cpu"/>
<objectids-entry key="¤¤" objectid="201" type="THRESHOLD" value="NeoLoad$NeoLoad$d1795f32-566a-4973-b07d-61663aad07b6"/>
<objectids-entry key="¤¤" objectid="202" type="MONITOR" value="NeoLoad$NeoLoad$memory"/>
<objectids-entry key="¤¤" objectid="203" type="THRESHOLD" value="NeoLoad$NeoLoad$c34a17b5-48ba-4add-ae28-a62fcd15328d"/>
<objectids-entry key="¤¤" objectid="204" type="MONITOR" value="NeoLoad$NeoLoad$threadcount"/>
<objectids-entry key="¤¤" objectid="205" type="MONITOR" value="NeoLoad$NeoLoad$memoryos"/>
<objectids-entry key="¤¤" objectid="206" type="THRESHOLD" value="NeoLoad$NeoLoad$ff957c8d-9d68-456b-9503-a05c43b560fb"/>
<objectids-entry key="¤¤" objectid="207" type="MONITOR" value="NeoLoad$NeoLoad$connectedlg"/>
<objectids-entry key="¤¤" objectid="208" type="MONITOR" value="NeoLoad$NeoLoad$totallgdisconnections"/>
<objectids-entry key="¤¤" objectid="209" type="THRESHOLD" value="NeoLoad$NeoLoad$97a5d453-36ba-4898-9f3f-18e54c6b7e75"/>
<objectids-entry key="¤¤" objectid="210" type="MONITOR" value="NeoLoad$NeoLoad$totallgreconnections"/>
<objectids-entry key="¤¤" objectid="211" type="MONITOR" value="NeoLoad$NeoLoad$otcp.NeoLoad"/>
<objectids-entry key="¤¤" objectid="212" type="MONITOR" value="NeoLoad$NeoLoad$tcp.NeoLoad"/>
<objectids-entry key="¤¤" objectid="213" type="MONITOR" value="NeoLoad$NeoLoad$ibytesperinterface~NeoLoad~eth11"/>
<objectids-entry key="¤¤" objectid="214" type="MONITOR" value="NeoLoad$NeoLoad$obytesperinterface~NeoLoad~eth11"/>
<objectids-entry key="¤¤" objectid="215" type="MONITOR" value="NeoLoad$NeoLoad$ibytesperinterface~NeoLoad~eth13"/>
<objectids-entry key="¤¤" objectid="216" type="MONITOR" value="NeoLoad$NeoLoad$obytesperinterface~NeoLoad~eth13"/>
<objectids-entry key="¤¤" objectid="217" type="MONITOR" value="NeoLoad$NeoLoad$SapUserLoad"/>
<objectids-entry key="¤¤" objectid="218" type="MONITOR" value="NeoLoad$NeoLoad$zoneuserload~Default zone"/>
<objectids-entry key="¤¤" objectid="219" type="MONITOR" value="NeoLoad$NeoLoad$zoneuserloadperpopulation~Default zone~EP"/>
<objectids-entry key="¤¤" objectid="220" type="MONITOR" value="NeoLoad$NeoLoad$zoneuserloadperpopulation~Default zone~EP~EP_Standard_C4484572"/>
<objectids-entry key="¤¤" objectid="221" type="MONITORED_HOST" value="LG 10.149.80.138:7100"/>
<objectids-entry key="¤¤" objectid="222" type="MONITORCONNECTION" value="LG 10.149.80.138:7100$NeoLoad"/>
<objectids-entry key="¤¤" objectid="223" type="MONITOR" value="LG 10.149.80.138:7100$NeoLoad$lgcpu.10.149.80.138:7100"/>
<objectids-entry key="¤¤" objectid="224" type="THRESHOLD" value="LG 10.149.80.138:7100$NeoLoad$e5667cf0-f2d1-4616-a75c-4821b7913678"/>
<objectids-entry key="¤¤" objectid="225" type="MONITOR" value="LG 10.149.80.138:7100$NeoLoad$lgmemory.10.149.80.138:7100"/>
<objectids-entry key="¤¤" objectid="226" type="THRESHOLD" value="LG 10.149.80.138:7100$NeoLoad$ebb5effb-23d2-40a1-98fd-2dc8793e0096"/>
<objectids-entry key="¤¤" objectid="227" type="MONITOR" value="LG 10.149.80.138:7100$NeoLoad$lgthroughput.10.149.80.138:7100"/>
<objectids-entry key="¤¤" objectid="228" type="MONITOR" value="LG 10.149.80.138:7100$NeoLoad$lgosmemory.10.149.80.138:7100"/>
<objectids-entry key="¤¤" objectid="229" type="THRESHOLD" value="LG 10.149.80.138:7100$NeoLoad$75332ab6-fc91-42ac-994b-8897a07e11e1"/>
<objectids-entry key="¤¤" objectid="230" type="MONITOR" value="LG 10.149.80.138:7100$NeoLoad$lguserloadperpopulation~10.149.80.138:7100"/>
<objectids-entry key="¤¤" objectid="231" type="MONITOR" value="LG 10.149.80.138:7100$NeoLoad$lgthreadcount.10.149.80.138:7100"/>
<objectids-entry key="¤¤" objectid="232" type="MONITOR" value="LG 10.149.80.138:7100$NeoLoad$lg.jetty.httpclient.threadpool.used.10.149.80.138:7100"/>
<objectids-entry key="¤¤" objectid="233" type="MONITOR" value="LG 10.149.80.138:7100$NeoLoad$lg.jetty.httpclient.taskpool.used.10.149.80.138:7100"/>
<objectids-entry key="¤¤" objectid="234" type="THRESHOLD" value="LG 10.149.80.138:7100$NeoLoad$c0624cb1-9fac-4b74-a820-5f224ab13265"/>
<objectids-entry key="¤¤" objectid="235" type="MONITOR" value="LG 10.149.80.138:7100$NeoLoad$lgdisconnections.10.149.80.138:7100"/>
<objectids-entry key="¤¤" objectid="236" type="MONITOR" value="LG 10.149.80.138:7100$NeoLoad$lgreconnections.10.149.80.138:7100"/>
<objectids-entry key="¤¤" objectid="237" type="MONITOR" value="LG 10.149.80.138:7100$NeoLoad$lgping.10.149.80.138:7100"/>
<objectids-entry key="¤¤" objectid="238" type="MONITOR" value="LG 10.149.80.138:7100$NeoLoad$lgotcp.10.149.80.138:7100"/>
<objectids-entry key="¤¤" objectid="239" type="MONITOR" value="LG 10.149.80.138:7100$NeoLoad$lgtcp.10.149.80.138:7100"/>
<objectids-entry key="¤¤" objectid="240" type="MONITOR" value="LG 10.149.80.138:7100$NeoLoad$lgibytesperinterface~10.149.80.138:7100~eth5"/>
<objectids-entry key="¤¤" objectid="241" type="MONITOR" value="LG 10.149.80.138:7100$NeoLoad$lgobytesperinterface~10.149.80.138:7100~eth5"/>
<objectids-entry key="¤¤" objectid="242" type="MONITOR" value="LG 10.149.80.138:7100$NeoLoad$lgibytesperinterface~10.149.80.138:7100~eth4"/>
<objectids-entry key="¤¤" objectid="243" type="MONITOR" value="LG 10.149.80.138:7100$NeoLoad$lgobytesperinterface~10.149.80.138:7100~eth4"/>
</objectids-table>
<!--****** DURATION ******-->
<duration value="0"/>
<!--****** AGGREGATION PERIOD ******-->
<aggregation-period value="1000"/>
<!--****** EXTENDED STATISTICS ******-->
<truncated-mean centered-interval="true" percentage="90"/>
<percentile percentage="50"/>
</project>
