
	<!DOCTYPE project [
		<!ELEMENT project (objectids-table | current-scenario | duration | aggregation-period | truncated-mean | percentile)* >
	
		<!ELEMENT objectids-table (objectids-entry)* >
		<!ELEMENT objectids-entry (#PCDATA)>
		<!ELEMENT duration (#PCDATA)>
		<!ELEMENT truncated-mean (#PCDATA)>
		<!ELEMENT percentile (#PCDATA)>
		<!ELEMENT aggregation-period (#PCDATA)>
		<!ELEMENT current-scenario (#PCDATA)>
		<!ATTLIST duration
		    value CDATA #REQUIRED>
	    <!ATTLIST aggregation-period
		    value CDATA #REQUIRED>
		<!ATTLIST objectids-entry
		    objectid CDATA #REQUIRED
		    type CDATA #REQUIRED
		    value CDATA #REQUIRED
		    key CDATA #REQUIRED>
		<!ATTLIST truncated-mean
		    centered-interval CDATA #REQUIRED
		    percentage CDATA #REQUIRED>
		 <!ATTLIST percentile
		    percentage CDATA #REQUIRED>
	]>


<!--****** RUNTIME PROJECT ******--><project>
<!--****** CURRENT SCENARIO ******-->
<current-scenario>EP_C5241575</current-scenario>
<!--****** OBJECTIDS ******-->
<objectids-table>
<objectids-entry key="" objectid="0" type="LG_HOST" value="10.149.80.138:7100"/>
<objectids-entry key="" objectid="1" type="ZONE" value="Default zone"/>
<objectids-entry key="Default zone¤EP¤" objectid="2" type="POPULATION" value="EP"/>
<objectids-entry key="Default zone¤EP¤EP_Standard_C4484572" objectid="3" type="VIRTUAL_USER" value="EP_Standard_C4484572"/>
<objectids-entry key="Default zone¤EP¤EP_Standard_C4484572" objectid="4" type="BASIC_LOGICAL_CONTAINER" value="$parent=EP_Standard_C4484572;$index=0"/>
<objectids-entry key="Default zone¤EP¤EP_Standard_C4484572" objectid="5" type="BASIC_LOGICAL_CONTAINER" value="$parent=EP_Standard_C4484572;$index=1"/>
<objectids-entry key="Default zone¤EP¤EP_Standard_C4484572" objectid="6" type="BASIC_LOGICAL_CONTAINER" value="05daa673-6cbd-4ce0-b155-45884f580c70"/>
<objectids-entry key="Default zone¤EP¤EP_Standard_C4484572" objectid="7" type="DELAY" value="bf509269-1bce-4a3c-a4d8-00d34f826039"/>
<objectids-entry key="Default zone¤EP¤EP_Standard_C4484572" objectid="8" type="BASIC_LOGICAL_CONTAINER" value="dc9250c2-c823-4485-b10b-e0f8da0d3e71"/>
<objectids-entry key="Default zone¤EP¤EP_Standard_C4484572" objectid="9" type="HTTP_PAGE" value="e566bbdb-f301-46c0-ad03-5f06f46831d8"/>
<objectids-entry key="Default zone¤EP¤EP_Standard_C4484572" objectid="10" type="ACTION" value="78c31c62-f1f3-49e5-97e0-a6f62299d1b8"/>
<objectids-entry key="Default zone¤EP¤EP_Standard_C4484572" objectid="11" type="ACTION" value="4df863c7-a74b-473c-a4b5-17a1cb1ccbb2"/>
<objectids-entry key="Default zone¤EP¤EP_Standard_C4484572" objectid="12" type="ACTION" value="edb7c698-027a-4c66-8864-f3f1e1a37732"/>
<objectids-entry key="Default zone¤EP¤EP_Standard_C4484572" objectid="13" type="ACTION" value="cb6d4921-853b-411f-93f8-50b6617c68cd"/>
<objectids-entry key="Default zone¤EP¤EP_Standard_C4484572" objectid="14" type="ACTION" value="931bf2da-7580-4561-96cc-832618f9bbcb"/>
<objectids-entry key="Default zone¤EP¤EP_Standard_C4484572" objectid="15" type="HTTP_PAGE" value="39ffc1ba-7d7b-46d8-9e92-f0c3732bd40f"/>
<objectids-entry key="Default zone¤EP¤EP_Standard_C4484572" objectid="16" type="ACTION" value="ae9c52b8-ad7a-49ba-95ef-6310d21fdb01"/>
<objectids-entry key="Default zone¤EP¤EP_Standard_C4484572" objectid="17" type="ACTION" value="0b750944-3b0d-40bf-8fba-bf44b5c6324d"/>
<objectids-entry key="Default zone¤EP¤EP_Standard_C4484572" objectid="18" type="ACTION" value="c286f066-56ef-4736-97af-d7ed05f65ad8"/>
<objectids-entry key="Default zone¤EP¤EP_Standard_C4484572" objectid="19" type="ACTION" value="760c8ee1-351d-49ae-ab6b-64af075b6ed2"/>
<objectids-entry key="Default zone¤EP¤EP_Standard_C4484572" objectid="20" type="ACTION" value="c2c2ff19-4eef-4e6a-be02-a2b956ce937e"/>
<objectids-entry key="Default zone¤EP¤EP_Standard_C4484572" objectid="21" type="ACTION" value="64e433b7-7960-4968-8d81-bc262e599cce"/>
<objectids-entry key="Default zone¤EP¤EP_Standard_C4484572" objectid="22" type="ACTION" value="e4e9f6dd-afca-4a83-bd75-d0a592a3fb5b"/>
<objectids-entry key="Default zone¤EP¤EP_Standard_C4484572" objectid="23" type="HTTP_PAGE" value="83b044ad-f0d5-47f4-875f-79dc8910d59e"/>
<objectids-entry key="Default zone¤EP¤EP_Standard_C4484572" objectid="24" type="ACTION" value="ec77d1c2-6ff0-4021-bcd8-72ef9fe4087f"/>
<objectids-entry key="Default zone¤EP¤EP_Standard_C4484572" objectid="25" type="HTTP_PAGE" value="b13ee6b5-8d8a-420f-978f-5cd7f51fba12"/>
<objectids-entry key="Default zone¤EP¤EP_Standard_C4484572" objectid="26" type="ACTION" value="7120bc7b-a681-493c-91c9-3a726fd73145"/>
<objectids-entry key="Default zone¤EP¤EP_Standard_C4484572" objectid="27" type="ACTION" value="c68774a4-26ff-4c01-8f09-b80a44355b87"/>
<objectids-entry key="Default zone¤EP¤EP_Standard_C4484572" objectid="28" type="ACTION" value="61f1581d-8f63-4a05-99f0-b39a76503ade"/>
<objectids-entry key="Default zone¤EP¤EP_Standard_C4484572" objectid="29" type="ACTION" value="77c9b9aa-fc1a-4c37-ab21-aa293528576a"/>
<objectids-entry key="Default zone¤EP¤EP_Standard_C4484572" objectid="30" type="BASIC_LOGICAL_CONTAINER" value="1ce0f7c5-15f7-4a4f-9743-00d1f17eafd3"/>
<objectids-entry key="Default zone¤EP¤EP_Standard_C4484572" objectid="31" type="HTTP_PAGE" value="d1679236-bbaf-4165-88a3-621c89d502ec"/>
<objectids-entry key="Default zone¤EP¤EP_Standard_C4484572" objectid="32" type="ACTION" value="be663fde-215c-476d-aa11-a34405a1ee22"/>
<objectids-entry key="Default zone¤EP¤EP_Standard_C4484572" objectid="33" type="ACTION" value="10c4aecf-6c34-4efd-af3d-509b20bb6356"/>
<objectids-entry key="Default zone¤EP¤EP_Standard_C4484572" objectid="34" type="ACTION" value="f8b0f5db-b956-4737-9c60-9f27ffa309ad"/>
<objectids-entry key="Default zone¤EP¤EP_Standard_C4484572" objectid="35" type="ACTION" value="336bf726-25b3-4db8-85d5-1e23188ab282"/>
<objectids-entry key="Default zone¤EP¤EP_Standard_C4484572" objectid="36" type="ACTION" value="93fbe639-f0a4-4f7f-9a83-951ee34162fc"/>
<objectids-entry key="Default zone¤EP¤EP_Standard_C4484572" objectid="37" type="ACTION" value="190a8969-e64e-4033-a635-6c74ff66210d"/>
<objectids-entry key="Default zone¤EP¤EP_Standard_C4484572" objectid="38" type="ACTION" value="f221ff63-a5b7-47f3-9634-78f8f8fc0930"/>
<objectids-entry key="Default zone¤EP¤EP_Standard_C4484572" objectid="39" type="ACTION" value="de8547f2-36e2-4747-9234-7791cf0836c4"/>
<objectids-entry key="Default zone¤EP¤EP_Standard_C4484572" objectid="40" type="ACTION" value="2a196270-6019-44d2-9eb9-0301e54c8157"/>
<objectids-entry key="Default zone¤EP¤EP_Standard_C4484572" objectid="41" type="ACTION" value="9bba1554-fce3-4afc-bb95-caf6192b9e74"/>
<objectids-entry key="Default zone¤EP¤EP_Standard_C4484572" objectid="42" type="ACTION" value="e7e90873-6c91-465c-b021-b5d0d15174e0"/>
<objectids-entry key="Default zone¤EP¤EP_Standard_C4484572" objectid="43" type="ACTION" value="75a98119-792c-4188-8e4d-e5e68a90af58"/>
<objectids-entry key="Default zone¤EP¤EP_Standard_C4484572" objectid="44" type="ACTION" value="88dd39d8-171f-48c0-a1fd-cde040034007"/>
<objectids-entry key="Default zone¤EP¤EP_Standard_C4484572" objectid="45" type="ACTION" value="e697ad55-a5bf-4504-8861-2e912d4f5bf7"/>
<objectids-entry key="Default zone¤EP¤EP_Standard_C4484572" objectid="46" type="ACTION" value="91f7cf35-6f15-4585-9da1-fda1d039c317"/>
<objectids-entry key="Default zone¤EP¤EP_Standard_C4484572" objectid="47" type="ACTION" value="e3895dd3-20be-478c-b16c-d335b5d51e18"/>
<objectids-entry key="Default zone¤EP¤EP_Standard_C4484572" objectid="48" type="ACTION" value="827cc4a1-622f-40b7-b9cc-dbb0e4455b0c"/>
<objectids-entry key="Default zone¤EP¤EP_Standard_C4484572" objectid="49" type="ACTION" value="65dd8a2d-5a34-4514-ab22-0d237fec2963"/>
<objectids-entry key="Default zone¤EP¤EP_Standard_C4484572" objectid="50" type="ACTION" value="9aa1338a-b7f3-4bc6-9a91-7f5abbfe4e71"/>
<objectids-entry key="Default zone¤EP¤EP_Standard_C4484572" objectid="51" type="ACTION" value="894c235d-e2ab-41b5-9086-009a157bae27"/>
<objectids-entry key="Default zone¤EP¤EP_Standard_C4484572" objectid="52" type="ACTION" value="80928448-4032-4127-b849-35bfca3fb909"/>
<objectids-entry key="Default zone¤EP¤EP_Standard_C4484572" objectid="53" type="ACTION" value="b00e7e52-6e36-4941-9d3a-b76fc1573745"/>
<objectids-entry key="Default zone¤EP¤EP_Standard_C4484572" objectid="54" type="ACTION" value="bc5a5bac-aaff-47a5-a68d-6fd8be451c8a"/>
<objectids-entry key="Default zone¤EP¤EP_Standard_C4484572" objectid="55" type="ACTION" value="5911882e-afe7-40b6-b1c7-b73604f963de"/>
<objectids-entry key="Default zone¤EP¤EP_Standard_C4484572" objectid="56" type="ACTION" value="a886adb5-5e6e-47f3-81af-332c2e240e34"/>
<objectids-entry key="Default zone¤EP¤EP_Standard_C4484572" objectid="57" type="ACTION" value="c5ff71d3-38ff-4016-b840-23f12fdd8443"/>
<objectids-entry key="Default zone¤EP¤EP_Standard_C4484572" objectid="58" type="ACTION" value="336445a0-25e6-4849-9ed3-f08d229d3b24"/>
<objectids-entry key="Default zone¤EP¤EP_Standard_C4484572" objectid="59" type="HTTP_PAGE" value="aaa9a3bf-cd95-47cd-a3a4-563c289e93f7"/>
<objectids-entry key="Default zone¤EP¤EP_Standard_C4484572" objectid="60" type="ACTION" value="04d540de-8e93-43d5-b862-831b677fc55a"/>
<objectids-entry key="Default zone¤EP¤EP_Standard_C4484572" objectid="61" type="ACTION" value="4ecf7755-d3a0-45a1-8c23-7ec31c840e6a"/>
<objectids-entry key="Default zone¤EP¤EP_Standard_C4484572" objectid="62" type="ACTION" value="c4809293-c79f-49d9-a869-0542774cb654"/>
<objectids-entry key="Default zone¤EP¤EP_Standard_C4484572" objectid="63" type="ACTION" value="ef02da3d-a95b-4a9c-a9c9-bac63d9289d9"/>
<objectids-entry key="Default zone¤EP¤EP_Standard_C4484572" objectid="64" type="ACTION" value="d14a8287-4b50-4cae-ae90-99758803ef25"/>
<objectids-entry key="Default zone¤EP¤EP_Standard_C4484572" objectid="65" type="ACTION" value="dc61cef3-a496-4647-89ef-8794946640ed"/>
<objectids-entry key="Default zone¤EP¤EP_Standard_C4484572" objectid="66" type="ACTION" value="7e783d09-f69b-4b2f-9e85-619daa65fe08"/>
<objectids-entry key="Default zone¤EP¤EP_Standard_C4484572" objectid="67" type="ACTION" value="b82ae383-e2be-44e9-aced-e92630766ca1"/>
<objectids-entry key="Default zone¤EP¤EP_Standard_C4484572" objectid="68" type="ACTION" value="851ca7ed-8e2a-415f-8876-e52227ee7e86"/>
<objectids-entry key="Default zone¤EP¤EP_Standard_C4484572" objectid="69" type="ACTION" value="ea21ac4f-e607-467a-9a1a-bb94c7ccd1cb"/>
<objectids-entry key="Default zone¤EP¤EP_Standard_C4484572" objectid="70" type="ACTION" value="82997d32-5eb0-464a-9cff-2945f2dd3423"/>
<objectids-entry key="Default zone¤EP¤EP_Standard_C4484572" objectid="71" type="ACTION" value="172cd731-a7ae-4207-b12e-891c02325d2e"/>
<objectids-entry key="Default zone¤EP¤EP_Standard_C4484572" objectid="72" type="ACTION" value="935ffa9c-4281-41da-afea-783aabee49c8"/>
<objectids-entry key="Default zone¤EP¤EP_Standard_C4484572" objectid="73" type="ACTION" value="88ffee3d-5331-41d0-b88a-ec769cf40632"/>
<objectids-entry key="Default zone¤EP¤EP_Standard_C4484572" objectid="74" type="ACTION" value="3c25d742-e519-4f87-9c04-91a8defc67ec"/>
<objectids-entry key="Default zone¤EP¤EP_Standard_C4484572" objectid="75" type="ACTION" value="b8753f19-7201-40b3-b572-7792ebec6ca5"/>
<objectids-entry key="Default zone¤EP¤EP_Standard_C4484572" objectid="76" type="ACTION" value="6e17593f-a5b9-4e0c-ac01-bb536ada61f3"/>
<objectids-entry key="Default zone¤EP¤EP_Standard_C4484572" objectid="77" type="ACTION" value="1871d2e6-5627-499a-9a19-70eabf7e385e"/>
<objectids-entry key="Default zone¤EP¤EP_Standard_C4484572" objectid="78" type="ACTION" value="e85507c3-53cb-422c-859f-4b488286148b"/>
<objectids-entry key="Default zone¤EP¤EP_Standard_C4484572" objectid="79" type="ACTION" value="ca3c0e25-23b9-4dd6-b51d-5b17e6414b01"/>
<objectids-entry key="Default zone¤EP¤EP_Standard_C4484572" objectid="80" type="ACTION" value="1f1b8e01-10ff-4284-986a-5e40ce95c4f2"/>
<objectids-entry key="Default zone¤EP¤EP_Standard_C4484572" objectid="81" type="ACTION" value="3c147909-bdae-4b67-a1fc-23c4c53eae1e"/>
<objectids-entry key="Default zone¤EP¤EP_Standard_C4484572" objectid="82" type="ACTION" value="c474c483-e884-4342-bc81-fffe034d356c"/>
<objectids-entry key="Default zone¤EP¤EP_Standard_C4484572" objectid="83" type="ACTION" value="9993c5f8-a9f9-40a0-94d3-e43af2fa3e47"/>
<objectids-entry key="Default zone¤EP¤EP_Standard_C4484572" objectid="84" type="ACTION" value="0c703d4a-a75e-4fed-a10b-42a1f4df2330"/>
<objectids-entry key="Default zone¤EP¤EP_Standard_C4484572" objectid="85" type="ACTION" value="7beaae1b-725e-4944-9b20-84ad6f5e7c46"/>
<objectids-entry key="Default zone¤EP¤EP_Standard_C4484572" objectid="86" type="ACTION" value="b0341dce-bf0d-4973-9dca-ade281b90c4d"/>
<objectids-entry key="Default zone¤EP¤EP_Standard_C4484572" objectid="87" type="HTTP_PAGE" value="e8653371-d3dd-4341-b319-3e36e9705ed9"/>
<objectids-entry key="Default zone¤EP¤EP_Standard_C4484572" objectid="88" type="ACTION" value="1c95487c-f416-4bd1-bc8a-67f1da737d71"/>
<objectids-entry key="Default zone¤EP¤EP_Standard_C4484572" objectid="89" type="HTTP_PAGE" value="9d863109-0f44-4f51-a66b-725ea105eb29"/>
<objectids-entry key="Default zone¤EP¤EP_Standard_C4484572" objectid="90" type="ACTION" value="e39edd23-cd64-4d2e-882f-f5745fe66f52"/>
<objectids-entry key="Default zone¤EP¤EP_Standard_C4484572" objectid="91" type="ACTION" value="17c9946e-7683-444a-9c04-4a152368250d"/>
<objectids-entry key="Default zone¤EP¤EP_Standard_C4484572" objectid="92" type="ACTION" value="2c14c956-d490-41c7-b425-fc6780fb50aa"/>
<objectids-entry key="Default zone¤EP¤EP_Standard_C4484572" objectid="93" type="ACTION" value="5f84e009-21d6-4c7a-bddf-e4d023d81933"/>
<objectids-entry key="Default zone¤EP¤EP_Standard_C4484572" objectid="94" type="ACTION" value="2b4f04f7-4c73-4c7e-9f89-f368f2ba29e0"/>
<objectids-entry key="Default zone¤EP¤EP_Standard_C4484572" objectid="95" type="ACTION" value="96127627-cd9a-4258-9d58-6ddb4e3fed43"/>
<objectids-entry key="Default zone¤EP¤EP_Standard_C4484572" objectid="96" type="ACTION" value="f3e1675d-894a-4e1a-a044-93cd9dc1751f"/>
<objectids-entry key="Default zone¤EP¤EP_Standard_C4484572" objectid="97" type="HTTP_PAGE" value="a4cb15d7-faeb-4965-a2dd-abb835e89eba"/>
<objectids-entry key="Default zone¤EP¤EP_Standard_C4484572" objectid="98" type="ACTION" value="9bdc2648-e189-42c4-bd9a-123825a3e7c9"/>
<objectids-entry key="Default zone¤EP¤EP_Standard_C4484572" objectid="99" type="HTTP_PAGE" value="1a719185-3c66-4a24-8b3a-a63e2839bbd3"/>
<objectids-entry key="Default zone¤EP¤EP_Standard_C4484572" objectid="100" type="ACTION" value="f4788151-e49a-4cfc-8652-2d1739615c55"/>
<objectids-entry key="Default zone¤EP¤EP_Standard_C4484572" objectid="101" type="BASIC_LOGICAL_CONTAINER" value="920f8afa-e1d5-4555-95fc-c12c8f6dd45d"/>
<objectids-entry key="Default zone¤EP¤EP_Standard_C4484572" objectid="102" type="HTTP_PAGE" value="33514a82-e3dc-4ae6-8c91-adf3767bec9e"/>
<objectids-entry key="Default zone¤EP¤EP_Standard_C4484572" objectid="103" type="ACTION" value="e355a144-154f-4972-9fe8-2d0a1f7a6fc9"/>
<objectids-entry key="Default zone¤EP¤EP_Standard_C4484572" objectid="104" type="ACTION" value="cb999ee6-3a6f-44e3-a1f2-9c0cdb9619a4"/>
<objectids-entry key="Default zone¤EP¤EP_Standard_C4484572" objectid="105" type="ACTION" value="03a2e831-7734-4e8a-98c7-338788afeca1"/>
<objectids-entry key="Default zone¤EP¤EP_Standard_C4484572" objectid="106" type="ACTION" value="0c8c20f6-ebfa-43bf-a445-eefb14300d7e"/>
<objectids-entry key="Default zone¤EP¤EP_Standard_C4484572" objectid="107" type="ACTION" value="4f4e1db9-6aff-40af-980f-ab11cc97e081"/>
<objectids-entry key="Default zone¤EP¤EP_Standard_C4484572" objectid="108" type="ACTION" value="f6c68284-85db-4091-9c16-d3949f5ba05a"/>
<objectids-entry key="Default zone¤EP¤EP_Standard_C4484572" objectid="109" type="BASIC_LOGICAL_CONTAINER" value="5afb1111-c51e-46a7-9c17-85c21cd76f0b"/>
<objectids-entry key="Default zone¤EP¤EP_Standard_C4484572" objectid="110" type="HTTP_PAGE" value="4d84fb07-f3e4-4f56-9c43-bec8e39d01fb"/>
<objectids-entry key="Default zone¤EP¤EP_Standard_C4484572" objectid="111" type="ACTION" value="8e447034-b205-4d25-913f-b03003a21631"/>
<objectids-entry key="Default zone¤EP¤EP_Standard_C4484572" objectid="112" type="ACTION" value="ab220460-9a3e-4e84-8340-e2ec31da13a1"/>
<objectids-entry key="Default zone¤EP¤EP_Standard_C4484572" objectid="113" type="ACTION" value="17fc60b4-2522-486e-94db-ebb4f2728397"/>
<objectids-entry key="Default zone¤EP¤EP_Standard_C4484572" objectid="114" type="ACTION" value="aef144cc-17aa-4ea0-80da-6b7206e44311"/>
<objectids-entry key="Default zone¤EP¤EP_Standard_C4484572" objectid="115" type="HTTP_PAGE" value="179cd215-0fc2-4442-8ec1-c47bd32dcb36"/>
<objectids-entry key="Default zone¤EP¤EP_Standard_C4484572" objectid="116" type="ACTION" value="fbdab0f7-2978-4b8f-aba4-8dcb58b94174"/>
<objectids-entry key="Default zone¤EP¤EP_Standard_C4484572" objectid="117" type="BASIC_LOGICAL_CONTAINER" value="dcc7978f-5a30-49e2-bf90-8c8c61259f92"/>
<objectids-entry key="Default zone¤EP¤EP_Standard_C4484572" objectid="118" type="HTTP_PAGE" value="7aa56416-1a9b-4f51-95cc-591abaa3d1ae"/>
<objectids-entry key="Default zone¤EP¤EP_Standard_C4484572" objectid="119" type="ACTION" value="46ef45b3-1a1c-42fa-bae2-f603999d7de0"/>
<objectids-entry key="Default zone¤EP¤EP_Standard_C4484572" objectid="120" type="ACTION" value="d5f877c8-3e5b-4e46-af66-ee34279a4f50"/>
<objectids-entry key="Default zone¤EP¤EP_Standard_C4484572" objectid="121" type="BASIC_LOGICAL_CONTAINER" value="6d5d71c2-add8-456c-8ab3-38313cec51a3"/>
<objectids-entry key="Default zone¤EP¤EP_Standard_C4484572" objectid="122" type="HTTP_PAGE" value="850f7ebf-d687-4b4e-a96d-31f8ca5bfae1"/>
<objectids-entry key="Default zone¤EP¤EP_Standard_C4484572" objectid="123" type="ACTION" value="81acea83-0c41-4441-9f2b-126b16a77cbc"/>
<objectids-entry key="Default zone¤EP¤EP_Standard_C4484572" objectid="124" type="ACTION" value="3a21944c-973f-4b9f-bc64-2aea53de20bb"/>
<objectids-entry key="Default zone¤EP¤EP_Standard_C4484572" objectid="125" type="BASIC_LOGICAL_CONTAINER" value="65b4032c-d865-4ece-a773-7da06c250665"/>
<objectids-entry key="Default zone¤EP¤EP_Standard_C4484572" objectid="126" type="HTTP_PAGE" value="b69e616e-ceff-43b3-87b7-ba287024545a"/>
<objectids-entry key="Default zone¤EP¤EP_Standard_C4484572" objectid="127" type="ACTION" value="b9b81880-cf71-4844-86a2-38a242f4867d"/>
<objectids-entry key="Default zone¤EP¤EP_Standard_C4484572" objectid="128" type="HTTP_PAGE" value="92360df7-b2ac-483d-8a39-5deea48023d5"/>
<objectids-entry key="Default zone¤EP¤EP_Standard_C4484572" objectid="129" type="ACTION" value="7ed91fd6-1224-4d4c-865a-5da7727b5701"/>
<objectids-entry key="Default zone¤EP¤EP_Standard_C4484572" objectid="130" type="HTTP_PAGE" value="223a86c0-5d90-4642-b61a-41e09bc81597"/>
<objectids-entry key="Default zone¤EP¤EP_Standard_C4484572" objectid="131" type="ACTION" value="5c554e67-c1b6-4d3b-b749-abd2f5902263"/>
<objectids-entry key="Default zone¤EP¤EP_Standard_C4484572" objectid="132" type="ACTION" value="8a4c1cb4-bb14-4266-9abf-dcb56d1db22d"/>
<objectids-entry key="Default zone¤EP¤EP_Standard_C4484572" objectid="133" type="ACTION" value="6a0c717b-dfb9-4d48-9a79-2203b9db1a21"/>
<objectids-entry key="Default zone¤EP¤EP_Standard_C4484572" objectid="134" type="ACTION" value="65fb1f2b-bd9f-4f77-9654-5c914c9ded31"/>
<objectids-entry key="Default zone¤EP¤EP_Standard_C4484572" objectid="135" type="ACTION" value="1915ec06-fb80-4645-93c2-c178b53c26b4"/>
<objectids-entry key="Default zone¤EP¤EP_Standard_C4484572" objectid="136" type="BASIC_LOGICAL_CONTAINER" value="74732617-828d-4392-a18f-f56a43c4648d"/>
<objectids-entry key="Default zone¤EP¤EP_Standard_C4484572" objectid="137" type="HTTP_PAGE" value="1af51e20-481c-4bfa-88e9-484ea2543060"/>
<objectids-entry key="Default zone¤EP¤EP_Standard_C4484572" objectid="138" type="ACTION" value="ec6bef8c-b5bb-4a87-a16a-ba84323a107f"/>
<objectids-entry key="Default zone¤EP¤EP_Standard_C4484572" objectid="139" type="HTTP_PAGE" value="31d51a7a-4487-4c23-801e-a2b22afc609c"/>
<objectids-entry key="Default zone¤EP¤EP_Standard_C4484572" objectid="140" type="ACTION" value="34e096a7-d7fb-40dd-a056-5f5d2a3043ae"/>
<objectids-entry key="Default zone¤EP¤EP_Standard_C4484572" objectid="141" type="HTTP_PAGE" value="8cc4aa36-098d-4e9a-8227-bc71d77e1e47"/>
<objectids-entry key="Default zone¤EP¤EP_Standard_C4484572" objectid="142" type="ACTION" value="d8c0e08f-8246-464a-bda8-b10afdfaebbd"/>
<objectids-entry key="Default zone¤EP¤EP_Standard_C4484572" objectid="143" type="ACTION" value="e54a417e-4ad7-487c-b276-225aedc6f07d"/>
<objectids-entry key="Default zone¤EP¤EP_Standard_C4484572" objectid="144" type="BASIC_LOGICAL_CONTAINER" value="92f4e3cf-6bc9-4bd6-8881-6d440b7b4e58"/>
<objectids-entry key="Default zone¤EP¤EP_Standard_C4484572" objectid="145" type="DELAY" value="56c2721a-518f-466d-b864-e4e48e92e459"/>
<objectids-entry key="Default zone¤EP¤EP_Standard_C4484572" objectid="146" type="BASIC_LOGICAL_CONTAINER" value="$parent=EP_Standard_C4484572;$index=2"/>
<objectids-entry key="¤¤" objectid="147" type="MONITORED_HOST" value="NeoLoad"/>
<objectids-entry key="¤¤" objectid="148" type="MONITORCONNECTION" value="NeoLoad$NeoLoad"/>
<objectids-entry key="¤¤" objectid="149" type="MONITOR" value="NeoLoad$NeoLoad$UserLoad"/>
<objectids-entry key="¤¤" objectid="150" type="MONITOR" value="NeoLoad$NeoLoad$throughput"/>
<objectids-entry key="¤¤" objectid="151" type="MONITOR" value="NeoLoad$NeoLoad$Alerts"/>
<objectids-entry key="¤¤" objectid="152" type="MONITOR" value="NeoLoad$NeoLoad$CriticalAlerts"/>
<objectids-entry key="¤¤" objectid="153" type="MONITOR" value="NeoLoad$NeoLoad$WarningAlerts"/>
<objectids-entry key="¤¤" objectid="154" type="MONITOR" value="NeoLoad$NeoLoad$cpu"/>
<objectids-entry key="¤¤" objectid="155" type="THRESHOLD" value="NeoLoad$NeoLoad$ff7baa95-c7de-41f1-9fe4-d4eeabbda475"/>
<objectids-entry key="¤¤" objectid="156" type="MONITOR" value="NeoLoad$NeoLoad$memory"/>
<objectids-entry key="¤¤" objectid="157" type="THRESHOLD" value="NeoLoad$NeoLoad$49dbb799-d350-4bcb-b0b4-d5a4875aa3de"/>
<objectids-entry key="¤¤" objectid="158" type="MONITOR" value="NeoLoad$NeoLoad$threadcount"/>
<objectids-entry key="¤¤" objectid="159" type="MONITOR" value="NeoLoad$NeoLoad$memoryos"/>
<objectids-entry key="¤¤" objectid="160" type="THRESHOLD" value="NeoLoad$NeoLoad$abfc546a-17ce-4b47-9f15-3c12da732a27"/>
<objectids-entry key="¤¤" objectid="161" type="MONITOR" value="NeoLoad$NeoLoad$connectedlg"/>
<objectids-entry key="¤¤" objectid="162" type="MONITOR" value="NeoLoad$NeoLoad$totallgdisconnections"/>
<objectids-entry key="¤¤" objectid="163" type="THRESHOLD" value="NeoLoad$NeoLoad$d5f041ba-5a1d-4fee-917a-1c671d43ae6d"/>
<objectids-entry key="¤¤" objectid="164" type="MONITOR" value="NeoLoad$NeoLoad$totallgreconnections"/>
<objectids-entry key="¤¤" objectid="165" type="MONITOR" value="NeoLoad$NeoLoad$otcp.NeoLoad"/>
<objectids-entry key="¤¤" objectid="166" type="MONITOR" value="NeoLoad$NeoLoad$tcp.NeoLoad"/>
<objectids-entry key="¤¤" objectid="167" type="MONITOR" value="NeoLoad$NeoLoad$ibytesperinterface~NeoLoad~eth11"/>
<objectids-entry key="¤¤" objectid="168" type="MONITOR" value="NeoLoad$NeoLoad$obytesperinterface~NeoLoad~eth11"/>
<objectids-entry key="¤¤" objectid="169" type="MONITOR" value="NeoLoad$NeoLoad$ibytesperinterface~NeoLoad~eth13"/>
<objectids-entry key="¤¤" objectid="170" type="MONITOR" value="NeoLoad$NeoLoad$obytesperinterface~NeoLoad~eth13"/>
<objectids-entry key="¤¤" objectid="171" type="MONITOR" value="NeoLoad$NeoLoad$SapUserLoad"/>
<objectids-entry key="¤¤" objectid="172" type="MONITOR" value="NeoLoad$NeoLoad$zoneuserload~Default zone"/>
<objectids-entry key="¤¤" objectid="173" type="MONITOR" value="NeoLoad$NeoLoad$zoneuserloadperpopulation~Default zone~EP"/>
<objectids-entry key="¤¤" objectid="174" type="MONITOR" value="NeoLoad$NeoLoad$zoneuserloadperpopulation~Default zone~EP~EP_Standard_C4484572"/>
<objectids-entry key="¤¤" objectid="175" type="MONITORED_HOST" value="LG 10.149.80.138:7100"/>
<objectids-entry key="¤¤" objectid="176" type="MONITORCONNECTION" value="LG 10.149.80.138:7100$NeoLoad"/>
<objectids-entry key="¤¤" objectid="177" type="MONITOR" value="LG 10.149.80.138:7100$NeoLoad$lgcpu.10.149.80.138:7100"/>
<objectids-entry key="¤¤" objectid="178" type="THRESHOLD" value="LG 10.149.80.138:7100$NeoLoad$8e4cbb1f-d729-4ed5-9b35-c97779242485"/>
<objectids-entry key="¤¤" objectid="179" type="MONITOR" value="LG 10.149.80.138:7100$NeoLoad$lgmemory.10.149.80.138:7100"/>
<objectids-entry key="¤¤" objectid="180" type="THRESHOLD" value="LG 10.149.80.138:7100$NeoLoad$8ef033ba-05e7-48ca-9c2b-a50e4368c2c7"/>
<objectids-entry key="¤¤" objectid="181" type="MONITOR" value="LG 10.149.80.138:7100$NeoLoad$lgthroughput.10.149.80.138:7100"/>
<objectids-entry key="¤¤" objectid="182" type="MONITOR" value="LG 10.149.80.138:7100$NeoLoad$lgosmemory.10.149.80.138:7100"/>
<objectids-entry key="¤¤" objectid="183" type="THRESHOLD" value="LG 10.149.80.138:7100$NeoLoad$680a6732-fa8c-48be-912a-ef7af11f1af0"/>
<objectids-entry key="¤¤" objectid="184" type="MONITOR" value="LG 10.149.80.138:7100$NeoLoad$lguserloadperpopulation~10.149.80.138:7100"/>
<objectids-entry key="¤¤" objectid="185" type="MONITOR" value="LG 10.149.80.138:7100$NeoLoad$lgthreadcount.10.149.80.138:7100"/>
<objectids-entry key="¤¤" objectid="186" type="MONITOR" value="LG 10.149.80.138:7100$NeoLoad$lg.jetty.httpclient.threadpool.used.10.149.80.138:7100"/>
<objectids-entry key="¤¤" objectid="187" type="MONITOR" value="LG 10.149.80.138:7100$NeoLoad$lg.jetty.httpclient.taskpool.used.10.149.80.138:7100"/>
<objectids-entry key="¤¤" objectid="188" type="THRESHOLD" value="LG 10.149.80.138:7100$NeoLoad$ec7986c2-2647-47c1-b5e0-57f09c590ed4"/>
<objectids-entry key="¤¤" objectid="189" type="MONITOR" value="LG 10.149.80.138:7100$NeoLoad$lgdisconnections.10.149.80.138:7100"/>
<objectids-entry key="¤¤" objectid="190" type="MONITOR" value="LG 10.149.80.138:7100$NeoLoad$lgreconnections.10.149.80.138:7100"/>
<objectids-entry key="¤¤" objectid="191" type="MONITOR" value="LG 10.149.80.138:7100$NeoLoad$lgping.10.149.80.138:7100"/>
<objectids-entry key="¤¤" objectid="192" type="MONITOR" value="LG 10.149.80.138:7100$NeoLoad$lgotcp.10.149.80.138:7100"/>
<objectids-entry key="¤¤" objectid="193" type="MONITOR" value="LG 10.149.80.138:7100$NeoLoad$lgtcp.10.149.80.138:7100"/>
<objectids-entry key="¤¤" objectid="194" type="MONITOR" value="LG 10.149.80.138:7100$NeoLoad$lgibytesperinterface~10.149.80.138:7100~eth5"/>
<objectids-entry key="¤¤" objectid="195" type="MONITOR" value="LG 10.149.80.138:7100$NeoLoad$lgobytesperinterface~10.149.80.138:7100~eth5"/>
<objectids-entry key="¤¤" objectid="196" type="MONITOR" value="LG 10.149.80.138:7100$NeoLoad$lgibytesperinterface~10.149.80.138:7100~eth4"/>
<objectids-entry key="¤¤" objectid="197" type="MONITOR" value="LG 10.149.80.138:7100$NeoLoad$lgobytesperinterface~10.149.80.138:7100~eth4"/>
</objectids-table>
<!--****** DURATION ******-->
<duration value="0"/>
<!--****** AGGREGATION PERIOD ******-->
<aggregation-period value="1000"/>
<!--****** EXTENDED STATISTICS ******-->
<truncated-mean centered-interval="true" percentage="90"/>
<percentile percentage="50"/>
</project>
