
	<!DOCTYPE project [
		<!ELEMENT project (objectids-table | current-scenario | duration | aggregation-period | truncated-mean | percentile)* >
	
		<!ELEMENT objectids-table (objectids-entry)* >
		<!ELEMENT objectids-entry (#PCDATA)>
		<!ELEMENT duration (#PCDATA)>
		<!ELEMENT truncated-mean (#PCDATA)>
		<!ELEMENT percentile (#PCDATA)>
		<!ELEMENT aggregation-period (#PCDATA)>
		<!ELEMENT current-scenario (#PCDATA)>
		<!ATTLIST duration
		    value CDATA #REQUIRED>
	    <!ATTLIST aggregation-period
		    value CDATA #REQUIRED>
		<!ATTLIST objectids-entry
		    objectid CDATA #REQUIRED
		    type CDATA #REQUIRED
		    value CDATA #REQUIRED
		    key CDATA #REQUIRED>
		<!ATTLIST truncated-mean
		    centered-interval CDATA #REQUIRED
		    percentage CDATA #REQUIRED>
		 <!ATTLIST percentile
		    percentage CDATA #REQUIRED>
	]>


<!--****** RUNTIME PROJECT ******--><project>
<!--****** CURRENT SCENARIO ******-->
<current-scenario>EP_C5241575</current-scenario>
<!--****** OBJECTIDS ******-->
<objectids-table>
<objectids-entry key="" objectid="0" type="LG_HOST" value="10.149.80.138:7100"/>
<objectids-entry key="" objectid="1" type="ZONE" value="Default zone"/>
<objectids-entry key="Default zone¤EP¤" objectid="2" type="POPULATION" value="EP"/>
<objectids-entry key="Default zone¤EP¤EP_Standard_C4484572" objectid="3" type="VIRTUAL_USER" value="EP_Standard_C4484572"/>
<objectids-entry key="Default zone¤EP¤EP_Standard_C4484572" objectid="4" type="BASIC_LOGICAL_CONTAINER" value="$parent=EP_Standard_C4484572;$index=0"/>
<objectids-entry key="Default zone¤EP¤EP_Standard_C4484572" objectid="5" type="BASIC_LOGICAL_CONTAINER" value="$parent=EP_Standard_C4484572;$index=1"/>
<objectids-entry key="Default zone¤EP¤EP_Standard_C4484572" objectid="6" type="BASIC_LOGICAL_CONTAINER" value="b13f272d-d6e9-4855-85e9-22f26fe161d8"/>
<objectids-entry key="Default zone¤EP¤EP_Standard_C4484572" objectid="7" type="DELAY" value="1b1bb63a-15cc-4b1b-9206-2d0e6ecd6f61"/>
<objectids-entry key="Default zone¤EP¤EP_Standard_C4484572" objectid="8" type="BASIC_LOGICAL_CONTAINER" value="9911bb99-efd7-4fd9-b9dd-3a1cd0eed1e7"/>
<objectids-entry key="Default zone¤EP¤EP_Standard_C4484572" objectid="9" type="HTTP_PAGE" value="fd3e5e3c-7921-4f59-bff2-24ff01a970ba"/>
<objectids-entry key="Default zone¤EP¤EP_Standard_C4484572" objectid="10" type="ACTION" value="6b738d7c-5468-40bb-9031-8532b1cd3022"/>
<objectids-entry key="Default zone¤EP¤EP_Standard_C4484572" objectid="11" type="ACTION" value="d167d8c3-6a8c-4025-ba1f-c3173cc2190d"/>
<objectids-entry key="Default zone¤EP¤EP_Standard_C4484572" objectid="12" type="ACTION" value="0dda822d-bcc7-4d09-85eb-081f094db78b"/>
<objectids-entry key="Default zone¤EP¤EP_Standard_C4484572" objectid="13" type="ACTION" value="f3b9e565-f247-470b-a491-f274eef586e6"/>
<objectids-entry key="Default zone¤EP¤EP_Standard_C4484572" objectid="14" type="ACTION" value="2a3e9c7b-5b7f-447f-a91b-98644397b7c1"/>
<objectids-entry key="Default zone¤EP¤EP_Standard_C4484572" objectid="15" type="HTTP_PAGE" value="7aa2e420-1107-49f0-b598-ba54540b71da"/>
<objectids-entry key="Default zone¤EP¤EP_Standard_C4484572" objectid="16" type="ACTION" value="34f70051-1e71-4a76-8cc5-338ffeac81e9"/>
<objectids-entry key="Default zone¤EP¤EP_Standard_C4484572" objectid="17" type="ACTION" value="1ad5b9bf-f388-46b1-a1c9-3271b3549794"/>
<objectids-entry key="Default zone¤EP¤EP_Standard_C4484572" objectid="18" type="ACTION" value="e9cd2957-cad6-43e0-ada0-c455bebfacd3"/>
<objectids-entry key="Default zone¤EP¤EP_Standard_C4484572" objectid="19" type="ACTION" value="e9895055-d3ac-4ed1-bb8e-dbdb7ce4f891"/>
<objectids-entry key="Default zone¤EP¤EP_Standard_C4484572" objectid="20" type="ACTION" value="c2fb0e00-1cea-4df7-bead-e7704b310b34"/>
<objectids-entry key="Default zone¤EP¤EP_Standard_C4484572" objectid="21" type="ACTION" value="0b92169e-66d9-4e9c-9ef0-72c3736510d0"/>
<objectids-entry key="Default zone¤EP¤EP_Standard_C4484572" objectid="22" type="ACTION" value="6adc38a5-63a3-4e18-b150-904c1999bfea"/>
<objectids-entry key="Default zone¤EP¤EP_Standard_C4484572" objectid="23" type="HTTP_PAGE" value="45f44bf9-8bcb-4190-96cf-58d9f3a1313d"/>
<objectids-entry key="Default zone¤EP¤EP_Standard_C4484572" objectid="24" type="ACTION" value="dfb4399c-5d8e-4499-839b-44269025a315"/>
<objectids-entry key="Default zone¤EP¤EP_Standard_C4484572" objectid="25" type="HTTP_PAGE" value="cc764167-4a3d-4651-86c7-74eed0e9dfec"/>
<objectids-entry key="Default zone¤EP¤EP_Standard_C4484572" objectid="26" type="ACTION" value="d9b76c7f-d54a-487a-809f-c4f304669564"/>
<objectids-entry key="Default zone¤EP¤EP_Standard_C4484572" objectid="27" type="ACTION" value="9da8a0ec-a5ba-4d68-bc82-346cd558627f"/>
<objectids-entry key="Default zone¤EP¤EP_Standard_C4484572" objectid="28" type="ACTION" value="18a28ed2-4d3f-4327-a225-62e1f92bae4d"/>
<objectids-entry key="Default zone¤EP¤EP_Standard_C4484572" objectid="29" type="HTTP_PAGE" value="ed1faa35-5a05-48df-b216-2c6664f69641"/>
<objectids-entry key="Default zone¤EP¤EP_Standard_C4484572" objectid="30" type="ACTION" value="73e43a66-3d27-4397-b749-0bd186240b27"/>
<objectids-entry key="Default zone¤EP¤EP_Standard_C4484572" objectid="31" type="BASIC_LOGICAL_CONTAINER" value="19267013-9687-482e-8ffe-5cf838a792c8"/>
<objectids-entry key="Default zone¤EP¤EP_Standard_C4484572" objectid="32" type="HTTP_PAGE" value="b99b8722-bb71-46bd-8d09-5d605df73f91"/>
<objectids-entry key="Default zone¤EP¤EP_Standard_C4484572" objectid="33" type="ACTION" value="76972b63-d39a-4eb8-9729-da69ff76e835"/>
<objectids-entry key="Default zone¤EP¤EP_Standard_C4484572" objectid="34" type="HTTP_PAGE" value="5a2db7c1-8c29-49ec-b726-13c81e559447"/>
<objectids-entry key="Default zone¤EP¤EP_Standard_C4484572" objectid="35" type="ACTION" value="714ac486-711c-48a7-8f5b-17ae41c428fe"/>
<objectids-entry key="Default zone¤EP¤EP_Standard_C4484572" objectid="36" type="ACTION" value="095aac08-f017-4b49-8ac5-9cb5b2916b01"/>
<objectids-entry key="Default zone¤EP¤EP_Standard_C4484572" objectid="37" type="ACTION" value="7c80d76f-2aac-43d3-835b-1ef07c289c56"/>
<objectids-entry key="Default zone¤EP¤EP_Standard_C4484572" objectid="38" type="ACTION" value="af3bbc8d-1d71-4619-a93a-b69d4cdebfba"/>
<objectids-entry key="Default zone¤EP¤EP_Standard_C4484572" objectid="39" type="ACTION" value="a9a4fe21-158e-4226-85bd-1235dd89737b"/>
<objectids-entry key="Default zone¤EP¤EP_Standard_C4484572" objectid="40" type="ACTION" value="47d11d4f-9808-4d74-9117-e0b4ccbe69a0"/>
<objectids-entry key="Default zone¤EP¤EP_Standard_C4484572" objectid="41" type="ACTION" value="4049924b-2faa-493a-8417-9587774168e6"/>
<objectids-entry key="Default zone¤EP¤EP_Standard_C4484572" objectid="42" type="ACTION" value="1cc99d34-d92b-49a4-b9e7-4dea2e8172f8"/>
<objectids-entry key="Default zone¤EP¤EP_Standard_C4484572" objectid="43" type="ACTION" value="254c9560-b46c-468b-8bbe-217a0d10cd78"/>
<objectids-entry key="Default zone¤EP¤EP_Standard_C4484572" objectid="44" type="ACTION" value="0f92ae4c-babe-4a2b-9b66-16653265d6fb"/>
<objectids-entry key="Default zone¤EP¤EP_Standard_C4484572" objectid="45" type="ACTION" value="af565ece-0c54-498b-ba76-933b3f3ba897"/>
<objectids-entry key="Default zone¤EP¤EP_Standard_C4484572" objectid="46" type="ACTION" value="5666630c-4fd3-408a-97a7-a7fb429c1f2b"/>
<objectids-entry key="Default zone¤EP¤EP_Standard_C4484572" objectid="47" type="ACTION" value="8892ae26-5bbd-489c-8477-27f9eb8a01b2"/>
<objectids-entry key="Default zone¤EP¤EP_Standard_C4484572" objectid="48" type="ACTION" value="3ae48689-43c6-463a-b4a9-8b393c044e79"/>
<objectids-entry key="Default zone¤EP¤EP_Standard_C4484572" objectid="49" type="ACTION" value="01f9f590-af68-4726-a7cc-34113064d07f"/>
<objectids-entry key="Default zone¤EP¤EP_Standard_C4484572" objectid="50" type="ACTION" value="e025f1cb-3278-4f17-99a7-7e967fc35e11"/>
<objectids-entry key="Default zone¤EP¤EP_Standard_C4484572" objectid="51" type="ACTION" value="b01561b5-197f-4fa6-9c38-d55864d5da60"/>
<objectids-entry key="Default zone¤EP¤EP_Standard_C4484572" objectid="52" type="ACTION" value="a331da5c-aad4-4872-8570-246015dfc68b"/>
<objectids-entry key="Default zone¤EP¤EP_Standard_C4484572" objectid="53" type="ACTION" value="54b504bc-a064-4ee1-a1d6-1f12c76bc517"/>
<objectids-entry key="Default zone¤EP¤EP_Standard_C4484572" objectid="54" type="ACTION" value="65cb8a98-078b-42b1-82c3-d71753713fd4"/>
<objectids-entry key="Default zone¤EP¤EP_Standard_C4484572" objectid="55" type="ACTION" value="c8f6cbcc-8cbd-4798-b8fd-28dfeb0c3fe3"/>
<objectids-entry key="Default zone¤EP¤EP_Standard_C4484572" objectid="56" type="ACTION" value="7eace9f3-d91e-4f29-b589-76902858ebfb"/>
<objectids-entry key="Default zone¤EP¤EP_Standard_C4484572" objectid="57" type="ACTION" value="ea890d36-d05b-4b47-86e6-982fecc14782"/>
<objectids-entry key="Default zone¤EP¤EP_Standard_C4484572" objectid="58" type="HTTP_PAGE" value="ab128a9c-c67a-4b94-a8d6-2683d5e66cae"/>
<objectids-entry key="Default zone¤EP¤EP_Standard_C4484572" objectid="59" type="ACTION" value="d9b8224c-14b9-4478-b5b1-3a68e42031c5"/>
<objectids-entry key="Default zone¤EP¤EP_Standard_C4484572" objectid="60" type="ACTION" value="7a02cc7a-0e41-4a08-842e-93010b66f263"/>
<objectids-entry key="Default zone¤EP¤EP_Standard_C4484572" objectid="61" type="ACTION" value="d948c6c8-4469-448a-8bd1-216255ff82ef"/>
<objectids-entry key="Default zone¤EP¤EP_Standard_C4484572" objectid="62" type="ACTION" value="405d5d46-a888-455f-bffc-c65667aedd5a"/>
<objectids-entry key="Default zone¤EP¤EP_Standard_C4484572" objectid="63" type="ACTION" value="8b2d74f7-cbda-4b73-9302-78794ad100db"/>
<objectids-entry key="Default zone¤EP¤EP_Standard_C4484572" objectid="64" type="ACTION" value="515e31cd-c201-4dc3-9001-d800bc23a599"/>
<objectids-entry key="Default zone¤EP¤EP_Standard_C4484572" objectid="65" type="ACTION" value="efb3d97a-6c5d-4232-a83c-9b57d8f9ec4b"/>
<objectids-entry key="Default zone¤EP¤EP_Standard_C4484572" objectid="66" type="ACTION" value="f7f00c7a-3067-47a5-a2c6-efa68ef2128b"/>
<objectids-entry key="Default zone¤EP¤EP_Standard_C4484572" objectid="67" type="ACTION" value="51e25412-eb84-4f31-aabb-f89f0efa3d83"/>
<objectids-entry key="Default zone¤EP¤EP_Standard_C4484572" objectid="68" type="ACTION" value="3decc1f3-05d0-4a3b-9a74-bc35d8a9fe3f"/>
<objectids-entry key="Default zone¤EP¤EP_Standard_C4484572" objectid="69" type="ACTION" value="f9307671-2837-483b-9ee6-b944bea27572"/>
<objectids-entry key="Default zone¤EP¤EP_Standard_C4484572" objectid="70" type="ACTION" value="42ce3f80-f76c-441e-b829-53d7d9df1d86"/>
<objectids-entry key="Default zone¤EP¤EP_Standard_C4484572" objectid="71" type="ACTION" value="4c787dfc-5056-4370-811b-c16f26f6d692"/>
<objectids-entry key="Default zone¤EP¤EP_Standard_C4484572" objectid="72" type="ACTION" value="30065dcf-0d19-43f6-90ed-014da9ae82c5"/>
<objectids-entry key="Default zone¤EP¤EP_Standard_C4484572" objectid="73" type="ACTION" value="a7ec07bb-397e-4fb1-9727-31832ff1120a"/>
<objectids-entry key="Default zone¤EP¤EP_Standard_C4484572" objectid="74" type="ACTION" value="5fca55d7-a094-4495-9aad-eedcda33e23a"/>
<objectids-entry key="Default zone¤EP¤EP_Standard_C4484572" objectid="75" type="ACTION" value="05682772-a312-41c5-bbeb-9239afbe4401"/>
<objectids-entry key="Default zone¤EP¤EP_Standard_C4484572" objectid="76" type="ACTION" value="e608e8ab-ecb5-491b-b5d5-7530f3b1d4d0"/>
<objectids-entry key="Default zone¤EP¤EP_Standard_C4484572" objectid="77" type="ACTION" value="aa718603-b10b-4c5c-a85b-00b41c901a83"/>
<objectids-entry key="Default zone¤EP¤EP_Standard_C4484572" objectid="78" type="ACTION" value="073bb19a-5177-48cf-8f89-615e127a8d12"/>
<objectids-entry key="Default zone¤EP¤EP_Standard_C4484572" objectid="79" type="ACTION" value="7f267f6f-45c6-432f-940e-a53d7d821610"/>
<objectids-entry key="Default zone¤EP¤EP_Standard_C4484572" objectid="80" type="ACTION" value="2bcb6b29-1211-4628-b201-9640cabb23c9"/>
<objectids-entry key="Default zone¤EP¤EP_Standard_C4484572" objectid="81" type="ACTION" value="3055372e-78cb-4e62-a118-828f4418d77c"/>
<objectids-entry key="Default zone¤EP¤EP_Standard_C4484572" objectid="82" type="HTTP_PAGE" value="19db5802-813b-4409-acd5-13e52fbc7e1a"/>
<objectids-entry key="Default zone¤EP¤EP_Standard_C4484572" objectid="83" type="ACTION" value="0e297ed1-077e-47b0-8622-b154f1e506db"/>
<objectids-entry key="Default zone¤EP¤EP_Standard_C4484572" objectid="84" type="ACTION" value="9ec7d6b3-7118-4ef0-b8d5-2bf630e50bb5"/>
<objectids-entry key="Default zone¤EP¤EP_Standard_C4484572" objectid="85" type="ACTION" value="79557cdb-a11b-42ff-9ebb-fe42b89ea84a"/>
<objectids-entry key="Default zone¤EP¤EP_Standard_C4484572" objectid="86" type="HTTP_PAGE" value="b136b99f-87ce-4af1-8a2e-5123b9e513b6"/>
<objectids-entry key="Default zone¤EP¤EP_Standard_C4484572" objectid="87" type="ACTION" value="8accadaa-0c29-49c8-94d6-d785a8b5b7ee"/>
<objectids-entry key="Default zone¤EP¤EP_Standard_C4484572" objectid="88" type="HTTP_PAGE" value="d8d23087-e450-4f74-9aba-3243100a0a0d"/>
<objectids-entry key="Default zone¤EP¤EP_Standard_C4484572" objectid="89" type="ACTION" value="b7903a48-6f63-4cdd-90e0-9fb9bdf6cb08"/>
<objectids-entry key="Default zone¤EP¤EP_Standard_C4484572" objectid="90" type="ACTION" value="b6d486c9-138d-491f-8e30-bf628c9580a2"/>
<objectids-entry key="Default zone¤EP¤EP_Standard_C4484572" objectid="91" type="ACTION" value="f5d7da7d-8b51-49d8-89ad-cb2bf3118671"/>
<objectids-entry key="Default zone¤EP¤EP_Standard_C4484572" objectid="92" type="ACTION" value="e6c08128-21e2-42be-a33c-ef300e67868d"/>
<objectids-entry key="Default zone¤EP¤EP_Standard_C4484572" objectid="93" type="ACTION" value="12991f90-e221-4bac-ab34-13c9cbcfe367"/>
<objectids-entry key="Default zone¤EP¤EP_Standard_C4484572" objectid="94" type="ACTION" value="c7bc9241-c76e-457b-ab22-5aaddb133102"/>
<objectids-entry key="Default zone¤EP¤EP_Standard_C4484572" objectid="95" type="ACTION" value="1d016ee9-bf87-45bb-9ba2-edc6119fbe15"/>
<objectids-entry key="Default zone¤EP¤EP_Standard_C4484572" objectid="96" type="HTTP_PAGE" value="bcf35b93-0c40-4299-8683-9e1282b25df1"/>
<objectids-entry key="Default zone¤EP¤EP_Standard_C4484572" objectid="97" type="ACTION" value="0a7fb377-7548-4007-9aa0-8ed150c8745b"/>
<objectids-entry key="Default zone¤EP¤EP_Standard_C4484572" objectid="98" type="HTTP_PAGE" value="b4ec4fc1-189f-4210-b7b8-897be2e4fe68"/>
<objectids-entry key="Default zone¤EP¤EP_Standard_C4484572" objectid="99" type="ACTION" value="05fd92ea-c96f-448e-9a73-28f3b5564958"/>
<objectids-entry key="Default zone¤EP¤EP_Standard_C4484572" objectid="100" type="BASIC_LOGICAL_CONTAINER" value="31871c69-db39-4fb0-be65-386d93ffe401"/>
<objectids-entry key="Default zone¤EP¤EP_Standard_C4484572" objectid="101" type="HTTP_PAGE" value="03f4669a-2a13-4cd4-867f-200b17fc838f"/>
<objectids-entry key="Default zone¤EP¤EP_Standard_C4484572" objectid="102" type="ACTION" value="3694d973-cff2-447b-a25b-caa67a6932b7"/>
<objectids-entry key="Default zone¤EP¤EP_Standard_C4484572" objectid="103" type="ACTION" value="0c7bce6b-cb65-4a3c-860a-eb455e6edec8"/>
<objectids-entry key="Default zone¤EP¤EP_Standard_C4484572" objectid="104" type="ACTION" value="04729f50-9134-436a-8337-dc054a533c1a"/>
<objectids-entry key="Default zone¤EP¤EP_Standard_C4484572" objectid="105" type="ACTION" value="cfc02acc-3b35-4985-a356-239ac876028b"/>
<objectids-entry key="Default zone¤EP¤EP_Standard_C4484572" objectid="106" type="ACTION" value="07f98017-0885-494f-a53b-0a5d2d8261d8"/>
<objectids-entry key="Default zone¤EP¤EP_Standard_C4484572" objectid="107" type="ACTION" value="ef320bd5-3373-47d9-be9c-c6153d26f5c2"/>
<objectids-entry key="Default zone¤EP¤EP_Standard_C4484572" objectid="108" type="BASIC_LOGICAL_CONTAINER" value="f3a14026-d304-4280-adbb-5ca883a571c3"/>
<objectids-entry key="Default zone¤EP¤EP_Standard_C4484572" objectid="109" type="HTTP_PAGE" value="f8e29d5c-3e05-47ee-bd2c-21434e063de6"/>
<objectids-entry key="Default zone¤EP¤EP_Standard_C4484572" objectid="110" type="ACTION" value="31603dff-3fba-4ab5-89e2-e8b4ce294cdd"/>
<objectids-entry key="Default zone¤EP¤EP_Standard_C4484572" objectid="111" type="ACTION" value="8713145f-6d04-4d84-8fad-c04026fbf194"/>
<objectids-entry key="Default zone¤EP¤EP_Standard_C4484572" objectid="112" type="ACTION" value="391ad0c5-d6a8-4bfa-ad88-1df8b111f37b"/>
<objectids-entry key="Default zone¤EP¤EP_Standard_C4484572" objectid="113" type="ACTION" value="0a187d20-03df-4bf7-b9ed-8fbbeb082cd7"/>
<objectids-entry key="Default zone¤EP¤EP_Standard_C4484572" objectid="114" type="HTTP_PAGE" value="1a096374-80b8-4f75-9245-3f48f0bea095"/>
<objectids-entry key="Default zone¤EP¤EP_Standard_C4484572" objectid="115" type="ACTION" value="9278de7f-fbfd-476c-a520-b67d8d1b2867"/>
<objectids-entry key="Default zone¤EP¤EP_Standard_C4484572" objectid="116" type="BASIC_LOGICAL_CONTAINER" value="6176cb5e-ac4a-40d8-b9ce-f3ffaeff58ff"/>
<objectids-entry key="Default zone¤EP¤EP_Standard_C4484572" objectid="117" type="HTTP_PAGE" value="ca171efb-fb50-4c36-b271-255b8bc2a4b5"/>
<objectids-entry key="Default zone¤EP¤EP_Standard_C4484572" objectid="118" type="ACTION" value="e32b88f3-a414-4988-a42a-f5d6be2d72f7"/>
<objectids-entry key="Default zone¤EP¤EP_Standard_C4484572" objectid="119" type="ACTION" value="03a83eb8-093c-4a86-9aee-824291e30763"/>
<objectids-entry key="Default zone¤EP¤EP_Standard_C4484572" objectid="120" type="BASIC_LOGICAL_CONTAINER" value="d6e1f711-5cf6-481c-9967-b85146c674f3"/>
<objectids-entry key="Default zone¤EP¤EP_Standard_C4484572" objectid="121" type="HTTP_PAGE" value="0104a985-665d-40f0-8c76-eeaf7fca6b37"/>
<objectids-entry key="Default zone¤EP¤EP_Standard_C4484572" objectid="122" type="ACTION" value="accd5f22-0aa9-4d73-b8d8-76decc22c4f8"/>
<objectids-entry key="Default zone¤EP¤EP_Standard_C4484572" objectid="123" type="ACTION" value="599f91a0-ba08-4952-bff1-1f4f07bd6839"/>
<objectids-entry key="Default zone¤EP¤EP_Standard_C4484572" objectid="124" type="BASIC_LOGICAL_CONTAINER" value="fc09fb64-5b3d-4557-ac1f-3bde42fc6552"/>
<objectids-entry key="Default zone¤EP¤EP_Standard_C4484572" objectid="125" type="HTTP_PAGE" value="67c46fcc-ad00-4a77-be79-f36e7442aa7f"/>
<objectids-entry key="Default zone¤EP¤EP_Standard_C4484572" objectid="126" type="ACTION" value="c028d621-bc33-435d-b615-6b0ba541bc10"/>
<objectids-entry key="Default zone¤EP¤EP_Standard_C4484572" objectid="127" type="HTTP_PAGE" value="851a70d3-9505-444d-9b7f-33c67187de03"/>
<objectids-entry key="Default zone¤EP¤EP_Standard_C4484572" objectid="128" type="ACTION" value="ecbbf50a-2898-4c7c-a36d-a2caf1fdb2e0"/>
<objectids-entry key="Default zone¤EP¤EP_Standard_C4484572" objectid="129" type="HTTP_PAGE" value="2fb36a7a-a02d-4a9c-9b97-f9afd4dea669"/>
<objectids-entry key="Default zone¤EP¤EP_Standard_C4484572" objectid="130" type="ACTION" value="58a286ba-e8c4-4478-9d4b-a50ced027df4"/>
<objectids-entry key="Default zone¤EP¤EP_Standard_C4484572" objectid="131" type="ACTION" value="e0c5009a-2dbd-4188-8907-2c07a51e62ad"/>
<objectids-entry key="Default zone¤EP¤EP_Standard_C4484572" objectid="132" type="ACTION" value="275e7871-cfe8-48c0-ab80-edb587005567"/>
<objectids-entry key="Default zone¤EP¤EP_Standard_C4484572" objectid="133" type="ACTION" value="fa7a85d8-6197-4544-ba7b-c2b4aa6a7e1c"/>
<objectids-entry key="Default zone¤EP¤EP_Standard_C4484572" objectid="134" type="ACTION" value="6639787a-cb5a-4562-bd48-d6418fcc0fc7"/>
<objectids-entry key="Default zone¤EP¤EP_Standard_C4484572" objectid="135" type="BASIC_LOGICAL_CONTAINER" value="bdcac682-3349-4ee1-8f5e-f070e999e1cc"/>
<objectids-entry key="Default zone¤EP¤EP_Standard_C4484572" objectid="136" type="HTTP_PAGE" value="75951718-9567-46a3-ab11-d863274fa7cf"/>
<objectids-entry key="Default zone¤EP¤EP_Standard_C4484572" objectid="137" type="ACTION" value="027b07bc-a1c9-44b6-90e1-0f7a9bef1462"/>
<objectids-entry key="Default zone¤EP¤EP_Standard_C4484572" objectid="138" type="HTTP_PAGE" value="5733126a-547b-4d55-bc0b-cad14b382426"/>
<objectids-entry key="Default zone¤EP¤EP_Standard_C4484572" objectid="139" type="ACTION" value="aa6d8d19-58f9-4742-a9fa-2501f6ac073b"/>
<objectids-entry key="Default zone¤EP¤EP_Standard_C4484572" objectid="140" type="HTTP_PAGE" value="147d8659-7f28-45a2-bd4a-5b05d3b92e85"/>
<objectids-entry key="Default zone¤EP¤EP_Standard_C4484572" objectid="141" type="ACTION" value="761eacb4-0577-4acb-94d2-4b58544dfc69"/>
<objectids-entry key="Default zone¤EP¤EP_Standard_C4484572" objectid="142" type="ACTION" value="133b7c40-7ece-4fbe-8424-5e4e3d9a9f2b"/>
<objectids-entry key="Default zone¤EP¤EP_Standard_C4484572" objectid="143" type="BASIC_LOGICAL_CONTAINER" value="5397a0f2-f94d-41d0-b63f-53d24873794e"/>
<objectids-entry key="Default zone¤EP¤EP_Standard_C4484572" objectid="144" type="DELAY" value="deaef129-7381-4329-8578-a54079b306c2"/>
<objectids-entry key="Default zone¤EP¤EP_Standard_C4484572" objectid="145" type="BASIC_LOGICAL_CONTAINER" value="$parent=EP_Standard_C4484572;$index=2"/>
<objectids-entry key="¤¤" objectid="146" type="MONITORED_HOST" value="NeoLoad"/>
<objectids-entry key="¤¤" objectid="147" type="MONITORCONNECTION" value="NeoLoad$NeoLoad"/>
<objectids-entry key="¤¤" objectid="148" type="MONITOR" value="NeoLoad$NeoLoad$UserLoad"/>
<objectids-entry key="¤¤" objectid="149" type="MONITOR" value="NeoLoad$NeoLoad$throughput"/>
<objectids-entry key="¤¤" objectid="150" type="MONITOR" value="NeoLoad$NeoLoad$Alerts"/>
<objectids-entry key="¤¤" objectid="151" type="MONITOR" value="NeoLoad$NeoLoad$CriticalAlerts"/>
<objectids-entry key="¤¤" objectid="152" type="MONITOR" value="NeoLoad$NeoLoad$WarningAlerts"/>
<objectids-entry key="¤¤" objectid="153" type="MONITOR" value="NeoLoad$NeoLoad$cpu"/>
<objectids-entry key="¤¤" objectid="154" type="THRESHOLD" value="NeoLoad$NeoLoad$1d9bd197-24b1-4bc3-9db0-2d8a85b4afaf"/>
<objectids-entry key="¤¤" objectid="155" type="MONITOR" value="NeoLoad$NeoLoad$memory"/>
<objectids-entry key="¤¤" objectid="156" type="THRESHOLD" value="NeoLoad$NeoLoad$11fa0860-0987-4da3-9664-8e836da9a3b9"/>
<objectids-entry key="¤¤" objectid="157" type="MONITOR" value="NeoLoad$NeoLoad$threadcount"/>
<objectids-entry key="¤¤" objectid="158" type="MONITOR" value="NeoLoad$NeoLoad$memoryos"/>
<objectids-entry key="¤¤" objectid="159" type="THRESHOLD" value="NeoLoad$NeoLoad$f2b9d9ad-1615-4497-bd3e-f2db09e41268"/>
<objectids-entry key="¤¤" objectid="160" type="MONITOR" value="NeoLoad$NeoLoad$connectedlg"/>
<objectids-entry key="¤¤" objectid="161" type="MONITOR" value="NeoLoad$NeoLoad$totallgdisconnections"/>
<objectids-entry key="¤¤" objectid="162" type="THRESHOLD" value="NeoLoad$NeoLoad$42ed4b73-adae-4a8a-8efc-859619c03a06"/>
<objectids-entry key="¤¤" objectid="163" type="MONITOR" value="NeoLoad$NeoLoad$totallgreconnections"/>
<objectids-entry key="¤¤" objectid="164" type="MONITOR" value="NeoLoad$NeoLoad$otcp.NeoLoad"/>
<objectids-entry key="¤¤" objectid="165" type="MONITOR" value="NeoLoad$NeoLoad$tcp.NeoLoad"/>
<objectids-entry key="¤¤" objectid="166" type="MONITOR" value="NeoLoad$NeoLoad$ibytesperinterface~NeoLoad~eth11"/>
<objectids-entry key="¤¤" objectid="167" type="MONITOR" value="NeoLoad$NeoLoad$obytesperinterface~NeoLoad~eth11"/>
<objectids-entry key="¤¤" objectid="168" type="MONITOR" value="NeoLoad$NeoLoad$ibytesperinterface~NeoLoad~eth13"/>
<objectids-entry key="¤¤" objectid="169" type="MONITOR" value="NeoLoad$NeoLoad$obytesperinterface~NeoLoad~eth13"/>
<objectids-entry key="¤¤" objectid="170" type="MONITOR" value="NeoLoad$NeoLoad$SapUserLoad"/>
<objectids-entry key="¤¤" objectid="171" type="MONITOR" value="NeoLoad$NeoLoad$zoneuserload~Default zone"/>
<objectids-entry key="¤¤" objectid="172" type="MONITOR" value="NeoLoad$NeoLoad$zoneuserloadperpopulation~Default zone~EP"/>
<objectids-entry key="¤¤" objectid="173" type="MONITOR" value="NeoLoad$NeoLoad$zoneuserloadperpopulation~Default zone~EP~EP_Standard_C4484572"/>
<objectids-entry key="¤¤" objectid="174" type="MONITORED_HOST" value="LG 10.149.80.138:7100"/>
<objectids-entry key="¤¤" objectid="175" type="MONITORCONNECTION" value="LG 10.149.80.138:7100$NeoLoad"/>
<objectids-entry key="¤¤" objectid="176" type="MONITOR" value="LG 10.149.80.138:7100$NeoLoad$lgcpu.10.149.80.138:7100"/>
<objectids-entry key="¤¤" objectid="177" type="THRESHOLD" value="LG 10.149.80.138:7100$NeoLoad$25fcefd2-6c20-4721-a44b-cfecf83f05db"/>
<objectids-entry key="¤¤" objectid="178" type="MONITOR" value="LG 10.149.80.138:7100$NeoLoad$lgmemory.10.149.80.138:7100"/>
<objectids-entry key="¤¤" objectid="179" type="THRESHOLD" value="LG 10.149.80.138:7100$NeoLoad$5d0572c6-77f0-4436-917e-d13707a72783"/>
<objectids-entry key="¤¤" objectid="180" type="MONITOR" value="LG 10.149.80.138:7100$NeoLoad$lgthroughput.10.149.80.138:7100"/>
<objectids-entry key="¤¤" objectid="181" type="MONITOR" value="LG 10.149.80.138:7100$NeoLoad$lgosmemory.10.149.80.138:7100"/>
<objectids-entry key="¤¤" objectid="182" type="THRESHOLD" value="LG 10.149.80.138:7100$NeoLoad$f4d19226-8a51-4ee3-9f99-536247545ee0"/>
<objectids-entry key="¤¤" objectid="183" type="MONITOR" value="LG 10.149.80.138:7100$NeoLoad$lguserloadperpopulation~10.149.80.138:7100"/>
<objectids-entry key="¤¤" objectid="184" type="MONITOR" value="LG 10.149.80.138:7100$NeoLoad$lgthreadcount.10.149.80.138:7100"/>
<objectids-entry key="¤¤" objectid="185" type="MONITOR" value="LG 10.149.80.138:7100$NeoLoad$lg.jetty.httpclient.threadpool.used.10.149.80.138:7100"/>
<objectids-entry key="¤¤" objectid="186" type="MONITOR" value="LG 10.149.80.138:7100$NeoLoad$lg.jetty.httpclient.taskpool.used.10.149.80.138:7100"/>
<objectids-entry key="¤¤" objectid="187" type="THRESHOLD" value="LG 10.149.80.138:7100$NeoLoad$81da344b-68dc-48ef-bba5-38070e9d1bae"/>
<objectids-entry key="¤¤" objectid="188" type="MONITOR" value="LG 10.149.80.138:7100$NeoLoad$lgdisconnections.10.149.80.138:7100"/>
<objectids-entry key="¤¤" objectid="189" type="MONITOR" value="LG 10.149.80.138:7100$NeoLoad$lgreconnections.10.149.80.138:7100"/>
<objectids-entry key="¤¤" objectid="190" type="MONITOR" value="LG 10.149.80.138:7100$NeoLoad$lgping.10.149.80.138:7100"/>
<objectids-entry key="¤¤" objectid="191" type="MONITOR" value="LG 10.149.80.138:7100$NeoLoad$lgotcp.10.149.80.138:7100"/>
<objectids-entry key="¤¤" objectid="192" type="MONITOR" value="LG 10.149.80.138:7100$NeoLoad$lgtcp.10.149.80.138:7100"/>
<objectids-entry key="¤¤" objectid="193" type="MONITOR" value="LG 10.149.80.138:7100$NeoLoad$lgibytesperinterface~10.149.80.138:7100~eth5"/>
<objectids-entry key="¤¤" objectid="194" type="MONITOR" value="LG 10.149.80.138:7100$NeoLoad$lgobytesperinterface~10.149.80.138:7100~eth5"/>
<objectids-entry key="¤¤" objectid="195" type="MONITOR" value="LG 10.149.80.138:7100$NeoLoad$lgibytesperinterface~10.149.80.138:7100~eth4"/>
<objectids-entry key="¤¤" objectid="196" type="MONITOR" value="LG 10.149.80.138:7100$NeoLoad$lgobytesperinterface~10.149.80.138:7100~eth4"/>
</objectids-table>
<!--****** DURATION ******-->
<duration value="0"/>
<!--****** AGGREGATION PERIOD ******-->
<aggregation-period value="1000"/>
<!--****** EXTENDED STATISTICS ******-->
<truncated-mean centered-interval="true" percentage="90"/>
<percentile percentage="50"/>
</project>
