
	<!DOCTYPE project [
		<!ELEMENT project (objectids-table | current-scenario | duration | aggregation-period | truncated-mean | percentile)* >
	
		<!ELEMENT objectids-table (objectids-entry)* >
		<!ELEMENT objectids-entry (#PCDATA)>
		<!ELEMENT duration (#PCDATA)>
		<!ELEMENT truncated-mean (#PCDATA)>
		<!ELEMENT percentile (#PCDATA)>
		<!ELEMENT aggregation-period (#PCDATA)>
		<!ELEMENT current-scenario (#PCDATA)>
		<!ATTLIST duration
		    value CDATA #REQUIRED>
	    <!ATTLIST aggregation-period
		    value CDATA #REQUIRED>
		<!ATTLIST objectids-entry
		    objectid CDATA #REQUIRED
		    type CDATA #REQUIRED
		    value CDATA #REQUIRED
		    key CDATA #REQUIRED>
		<!ATTLIST truncated-mean
		    centered-interval CDATA #REQUIRED
		    percentage CDATA #REQUIRED>
		 <!ATTLIST percentile
		    percentage CDATA #REQUIRED>
	]>


<!--****** RUNTIME PROJECT ******--><project>
<!--****** CURRENT SCENARIO ******-->
<current-scenario>API_QR_001_C5241578</current-scenario>
<!--****** OBJECTIDS ******-->
<objectids-table>
<objectids-entry key="" objectid="0" type="LG_HOST" value="887357-1RDPT002.davison.local:7100"/>
<objectids-entry key="" objectid="1" type="ZONE" value="Default zone"/>
<objectids-entry key="Default zone¤API_Get_EMPID¤" objectid="2" type="POPULATION" value="API_Get_EMPID"/>
<objectids-entry key="Default zone¤API_Get_EMPID¤API_C5630669V1SM-on" objectid="3" type="VIRTUAL_USER" value="API_C5630669V1SM-on"/>
<objectids-entry key="Default zone¤API_Get_EMPID¤API_C5630669V1SM-on" objectid="4" type="BASIC_LOGICAL_CONTAINER" value="$parent=API_C5630669V1SM-on;$index=0"/>
<objectids-entry key="Default zone¤API_Get_EMPID¤API_C5630669V1SM-on" objectid="5" type="BASIC_LOGICAL_CONTAINER" value="$parent=API_C5630669V1SM-on;$index=1"/>
<objectids-entry key="Default zone¤API_Get_EMPID¤API_C5630669V1SM-on" objectid="6" type="BASIC_LOGICAL_CONTAINER" value="35f74989-17cd-4685-861a-18c66741beea"/>
<objectids-entry key="Default zone¤API_Get_EMPID¤API_C5630669V1SM-on" objectid="7" type="DELAY" value="27b83499-8cf8-457b-b12b-e53011c6b4f8"/>
<objectids-entry key="Default zone¤API_Get_EMPID¤API_C5630669V1SM-on" objectid="8" type="BASIC_LOGICAL_CONTAINER" value="b34396d0-3e45-422b-be5d-054582d79698"/>
<objectids-entry key="Default zone¤API_Get_EMPID¤API_C5630669V1SM-on" objectid="9" type="ACTION" value="67c698de-c4bb-4df0-91ae-64b6fa39b5cd"/>
<objectids-entry key="Default zone¤API_Get_EMPID¤API_C5630669V1SM-on" objectid="10" type="LOOP" value="bb31e49b-1057-4f64-970c-c7ecd7bfe18f"/>
<objectids-entry key="Default zone¤API_Get_EMPID¤API_C5630669V1SM-on" objectid="11" type="BASIC_LOGICAL_CONTAINER" value="28325b2c-fdba-4e16-bc4c-7ce69ae448b2"/>
<objectids-entry key="Default zone¤API_Get_EMPID¤API_C5630669V1SM-on" objectid="12" type="ACTION" value="5f48654a-09e8-47f2-ad94-d384129ab33a"/>
<objectids-entry key="Default zone¤API_Get_EMPID¤API_C5630669V1SM-on" objectid="13" type="BASIC_LOGICAL_CONTAINER" value="f318efd5-961e-452a-9cc4-f761dc42c98c"/>
<objectids-entry key="Default zone¤API_Get_EMPID¤API_C5630669V1SM-on" objectid="14" type="DELAY" value="12a5638a-0673-418d-a582-7f777b40f279"/>
<objectids-entry key="Default zone¤API_Get_EMPID¤API_C5630669V1SM-on" objectid="15" type="BASIC_LOGICAL_CONTAINER" value="$parent=API_C5630669V1SM-on;$index=2"/>
<objectids-entry key="¤¤" objectid="16" type="MONITORED_HOST" value="NeoLoad"/>
<objectids-entry key="¤¤" objectid="17" type="MONITORCONNECTION" value="NeoLoad$NeoLoad"/>
<objectids-entry key="¤¤" objectid="18" type="MONITOR" value="NeoLoad$NeoLoad$UserLoad"/>
<objectids-entry key="¤¤" objectid="19" type="MONITOR" value="NeoLoad$NeoLoad$throughput"/>
<objectids-entry key="¤¤" objectid="20" type="MONITOR" value="NeoLoad$NeoLoad$Alerts"/>
<objectids-entry key="¤¤" objectid="21" type="MONITOR" value="NeoLoad$NeoLoad$CriticalAlerts"/>
<objectids-entry key="¤¤" objectid="22" type="MONITOR" value="NeoLoad$NeoLoad$WarningAlerts"/>
<objectids-entry key="¤¤" objectid="23" type="MONITOR" value="NeoLoad$NeoLoad$cpu"/>
<objectids-entry key="¤¤" objectid="24" type="THRESHOLD" value="NeoLoad$NeoLoad$b1359db5-9f34-47d6-9ca0-a537d32bf5fc"/>
<objectids-entry key="¤¤" objectid="25" type="MONITOR" value="NeoLoad$NeoLoad$memory"/>
<objectids-entry key="¤¤" objectid="26" type="THRESHOLD" value="NeoLoad$NeoLoad$e05037be-fa2a-4436-934e-ce55dd1241ad"/>
<objectids-entry key="¤¤" objectid="27" type="MONITOR" value="NeoLoad$NeoLoad$threadcount"/>
<objectids-entry key="¤¤" objectid="28" type="MONITOR" value="NeoLoad$NeoLoad$memoryos"/>
<objectids-entry key="¤¤" objectid="29" type="THRESHOLD" value="NeoLoad$NeoLoad$fad86524-a3fc-4592-bb55-05facb44ab75"/>
<objectids-entry key="¤¤" objectid="30" type="MONITOR" value="NeoLoad$NeoLoad$connectedlg"/>
<objectids-entry key="¤¤" objectid="31" type="MONITOR" value="NeoLoad$NeoLoad$totallgdisconnections"/>
<objectids-entry key="¤¤" objectid="32" type="THRESHOLD" value="NeoLoad$NeoLoad$cf3e05dc-9d84-4912-9d42-cfb146652fa7"/>
<objectids-entry key="¤¤" objectid="33" type="MONITOR" value="NeoLoad$NeoLoad$totallgreconnections"/>
<objectids-entry key="¤¤" objectid="34" type="MONITOR" value="NeoLoad$NeoLoad$otcp.NeoLoad"/>
<objectids-entry key="¤¤" objectid="35" type="MONITOR" value="NeoLoad$NeoLoad$tcp.NeoLoad"/>
<objectids-entry key="¤¤" objectid="36" type="MONITOR" value="NeoLoad$NeoLoad$ibytesperinterface~NeoLoad~eth11"/>
<objectids-entry key="¤¤" objectid="37" type="MONITOR" value="NeoLoad$NeoLoad$obytesperinterface~NeoLoad~eth11"/>
<objectids-entry key="¤¤" objectid="38" type="MONITOR" value="NeoLoad$NeoLoad$ibytesperinterface~NeoLoad~eth13"/>
<objectids-entry key="¤¤" objectid="39" type="MONITOR" value="NeoLoad$NeoLoad$obytesperinterface~NeoLoad~eth13"/>
<objectids-entry key="¤¤" objectid="40" type="MONITOR" value="NeoLoad$NeoLoad$SapUserLoad"/>
<objectids-entry key="¤¤" objectid="41" type="MONITOR" value="NeoLoad$NeoLoad$zoneuserload~Default zone"/>
<objectids-entry key="¤¤" objectid="42" type="MONITOR" value="NeoLoad$NeoLoad$zoneuserloadperpopulation~Default zone~API_Get_EMPID"/>
<objectids-entry key="¤¤" objectid="43" type="MONITOR" value="NeoLoad$NeoLoad$zoneuserloadperpopulation~Default zone~API_Get_EMPID~API_C5630669V1SM-on"/>
<objectids-entry key="¤¤" objectid="44" type="MONITORED_HOST" value="LG 887357-1RDPT002.davison.local:7100"/>
<objectids-entry key="¤¤" objectid="45" type="MONITORCONNECTION" value="LG 887357-1RDPT002.davison.local:7100$NeoLoad"/>
<objectids-entry key="¤¤" objectid="46" type="MONITOR" value="LG 887357-1RDPT002.davison.local:7100$NeoLoad$lgcpu.887357-1RDPT002.davison.local:7100"/>
<objectids-entry key="¤¤" objectid="47" type="THRESHOLD" value="LG 887357-1RDPT002.davison.local:7100$NeoLoad$4d3fae27-cf56-4f3d-8d72-63f796d9bde6"/>
<objectids-entry key="¤¤" objectid="48" type="MONITOR" value="LG 887357-1RDPT002.davison.local:7100$NeoLoad$lgmemory.887357-1RDPT002.davison.local:7100"/>
<objectids-entry key="¤¤" objectid="49" type="THRESHOLD" value="LG 887357-1RDPT002.davison.local:7100$NeoLoad$716f9d23-14b1-43f0-b912-fc78321a86e6"/>
<objectids-entry key="¤¤" objectid="50" type="MONITOR" value="LG 887357-1RDPT002.davison.local:7100$NeoLoad$lgthroughput.887357-1RDPT002.davison.local:7100"/>
<objectids-entry key="¤¤" objectid="51" type="MONITOR" value="LG 887357-1RDPT002.davison.local:7100$NeoLoad$lgosmemory.887357-1RDPT002.davison.local:7100"/>
<objectids-entry key="¤¤" objectid="52" type="THRESHOLD" value="LG 887357-1RDPT002.davison.local:7100$NeoLoad$4de6ce74-9afd-4280-9f5a-38fe55dcec2b"/>
<objectids-entry key="¤¤" objectid="53" type="MONITOR" value="LG 887357-1RDPT002.davison.local:7100$NeoLoad$lguserloadperpopulation~887357-1RDPT002.davison.local:7100"/>
<objectids-entry key="¤¤" objectid="54" type="MONITOR" value="LG 887357-1RDPT002.davison.local:7100$NeoLoad$lgthreadcount.887357-1RDPT002.davison.local:7100"/>
<objectids-entry key="¤¤" objectid="55" type="MONITOR" value="LG 887357-1RDPT002.davison.local:7100$NeoLoad$lg.jetty.httpclient.threadpool.used.887357-1RDPT002.davison.local:7100"/>
<objectids-entry key="¤¤" objectid="56" type="MONITOR" value="LG 887357-1RDPT002.davison.local:7100$NeoLoad$lg.jetty.httpclient.taskpool.used.887357-1RDPT002.davison.local:7100"/>
<objectids-entry key="¤¤" objectid="57" type="THRESHOLD" value="LG 887357-1RDPT002.davison.local:7100$NeoLoad$0727a838-ff67-4ef6-a784-da5c101f32ee"/>
<objectids-entry key="¤¤" objectid="58" type="MONITOR" value="LG 887357-1RDPT002.davison.local:7100$NeoLoad$lgdisconnections.887357-1RDPT002.davison.local:7100"/>
<objectids-entry key="¤¤" objectid="59" type="MONITOR" value="LG 887357-1RDPT002.davison.local:7100$NeoLoad$lgreconnections.887357-1RDPT002.davison.local:7100"/>
<objectids-entry key="¤¤" objectid="60" type="MONITOR" value="LG 887357-1RDPT002.davison.local:7100$NeoLoad$lgping.887357-1RDPT002.davison.local:7100"/>
<objectids-entry key="¤¤" objectid="61" type="MONITOR" value="LG 887357-1RDPT002.davison.local:7100$NeoLoad$lgotcp.887357-1RDPT002.davison.local:7100"/>
<objectids-entry key="¤¤" objectid="62" type="MONITOR" value="LG 887357-1RDPT002.davison.local:7100$NeoLoad$lgtcp.887357-1RDPT002.davison.local:7100"/>
<objectids-entry key="¤¤" objectid="63" type="MONITOR" value="LG 887357-1RDPT002.davison.local:7100$NeoLoad$lgibytesperinterface~887357-1RDPT002.davison.local:7100~eth5"/>
<objectids-entry key="¤¤" objectid="64" type="MONITOR" value="LG 887357-1RDPT002.davison.local:7100$NeoLoad$lgobytesperinterface~887357-1RDPT002.davison.local:7100~eth5"/>
<objectids-entry key="¤¤" objectid="65" type="MONITOR" value="LG 887357-1RDPT002.davison.local:7100$NeoLoad$lgibytesperinterface~887357-1RDPT002.davison.local:7100~eth4"/>
<objectids-entry key="¤¤" objectid="66" type="MONITOR" value="LG 887357-1RDPT002.davison.local:7100$NeoLoad$lgobytesperinterface~887357-1RDPT002.davison.local:7100~eth4"/>
</objectids-table>
<!--****** DURATION ******-->
<duration value="0"/>
<!--****** AGGREGATION PERIOD ******-->
<aggregation-period value="5000"/>
<!--****** EXTENDED STATISTICS ******-->
<truncated-mean centered-interval="true" percentage="90"/>
<percentile percentage="50"/>
</project>
