
	<!DOCTYPE project [
		<!ELEMENT project (objectids-table | current-scenario | duration | aggregation-period | truncated-mean | percentile)* >
	
		<!ELEMENT objectids-table (objectids-entry)* >
		<!ELEMENT objectids-entry (#PCDATA)>
		<!ELEMENT duration (#PCDATA)>
		<!ELEMENT truncated-mean (#PCDATA)>
		<!ELEMENT percentile (#PCDATA)>
		<!ELEMENT aggregation-period (#PCDATA)>
		<!ELEMENT current-scenario (#PCDATA)>
		<!ATTLIST duration
		    value CDATA #REQUIRED>
	    <!ATTLIST aggregation-period
		    value CDATA #REQUIRED>
		<!ATTLIST objectids-entry
		    objectid CDATA #REQUIRED
		    type CDATA #REQUIRED
		    value CDATA #REQUIRED
		    key CDATA #REQUIRED>
		<!ATTLIST truncated-mean
		    centered-interval CDATA #REQUIRED
		    percentage CDATA #REQUIRED>
		 <!ATTLIST percentile
		    percentage CDATA #REQUIRED>
	]>


<!--****** RUNTIME PROJECT ******--><project>
<!--****** CURRENT SCENARIO ******-->
<current-scenario>EP_C5241575</current-scenario>
<!--****** OBJECTIDS ******-->
<objectids-table>
<objectids-entry key="" objectid="0" type="LG_HOST" value="10.149.80.138:7100"/>
<objectids-entry key="" objectid="1" type="ZONE" value="Default zone"/>
<objectids-entry key="Default zone¤EP¤" objectid="2" type="POPULATION" value="EP"/>
<objectids-entry key="Default zone¤EP¤EP_Standard_C4484572" objectid="3" type="VIRTUAL_USER" value="EP_Standard_C4484572"/>
<objectids-entry key="Default zone¤EP¤EP_Standard_C4484572" objectid="4" type="BASIC_LOGICAL_CONTAINER" value="$parent=EP_Standard_C4484572;$index=0"/>
<objectids-entry key="Default zone¤EP¤EP_Standard_C4484572" objectid="5" type="BASIC_LOGICAL_CONTAINER" value="$parent=EP_Standard_C4484572;$index=1"/>
<objectids-entry key="Default zone¤EP¤EP_Standard_C4484572" objectid="6" type="BASIC_LOGICAL_CONTAINER" value="27ed1425-2315-413a-99a6-352f18fbd449"/>
<objectids-entry key="Default zone¤EP¤EP_Standard_C4484572" objectid="7" type="DELAY" value="a4800d02-bc11-40fe-8c4c-4b7af294f032"/>
<objectids-entry key="Default zone¤EP¤EP_Standard_C4484572" objectid="8" type="BASIC_LOGICAL_CONTAINER" value="792c9637-ad92-4437-93a8-dedc72698de5"/>
<objectids-entry key="Default zone¤EP¤EP_Standard_C4484572" objectid="9" type="HTTP_PAGE" value="a90236ec-53f1-46d4-ae1d-48a66e414bc2"/>
<objectids-entry key="Default zone¤EP¤EP_Standard_C4484572" objectid="10" type="ACTION" value="6b3267b5-3dcc-4bcc-a792-3b68e59be186"/>
<objectids-entry key="Default zone¤EP¤EP_Standard_C4484572" objectid="11" type="ACTION" value="277a6cc3-a0f4-44a3-be21-7e65a536631f"/>
<objectids-entry key="Default zone¤EP¤EP_Standard_C4484572" objectid="12" type="ACTION" value="0e487a25-7ab6-4700-9fe0-16a3c8f27374"/>
<objectids-entry key="Default zone¤EP¤EP_Standard_C4484572" objectid="13" type="ACTION" value="3c9a1b57-b160-45f0-bce1-6b38f632b845"/>
<objectids-entry key="Default zone¤EP¤EP_Standard_C4484572" objectid="14" type="ACTION" value="750b053d-af7f-49de-8e1b-7c0450ea1f25"/>
<objectids-entry key="Default zone¤EP¤EP_Standard_C4484572" objectid="15" type="HTTP_PAGE" value="bdb717a0-712f-4aaa-bc36-7119c102ff39"/>
<objectids-entry key="Default zone¤EP¤EP_Standard_C4484572" objectid="16" type="ACTION" value="5b60e5d6-3a30-4ad0-9cc7-96e7fa638460"/>
<objectids-entry key="Default zone¤EP¤EP_Standard_C4484572" objectid="17" type="ACTION" value="1e3c1152-1ea3-4e89-bb6d-1b30caaf8dbb"/>
<objectids-entry key="Default zone¤EP¤EP_Standard_C4484572" objectid="18" type="ACTION" value="6e011268-e258-4a5a-88b1-f26abe3b266f"/>
<objectids-entry key="Default zone¤EP¤EP_Standard_C4484572" objectid="19" type="ACTION" value="8f517145-1059-4d80-bcbe-5f9edc517fea"/>
<objectids-entry key="Default zone¤EP¤EP_Standard_C4484572" objectid="20" type="ACTION" value="24aa6474-b6ec-42b6-80f9-01707cad5c78"/>
<objectids-entry key="Default zone¤EP¤EP_Standard_C4484572" objectid="21" type="ACTION" value="914cb666-7341-40fa-87aa-3889e1e6f8f7"/>
<objectids-entry key="Default zone¤EP¤EP_Standard_C4484572" objectid="22" type="ACTION" value="299b1c90-2286-4214-ac9e-f3d9da5e4a1c"/>
<objectids-entry key="Default zone¤EP¤EP_Standard_C4484572" objectid="23" type="HTTP_PAGE" value="dee3ea06-de69-4b7f-8d38-d3a50594dc8e"/>
<objectids-entry key="Default zone¤EP¤EP_Standard_C4484572" objectid="24" type="ACTION" value="b223994a-103a-4a38-87bb-e9412be85fcb"/>
<objectids-entry key="Default zone¤EP¤EP_Standard_C4484572" objectid="25" type="HTTP_PAGE" value="fcabd3e0-c5cf-4d14-81b1-0f05c5bdc40e"/>
<objectids-entry key="Default zone¤EP¤EP_Standard_C4484572" objectid="26" type="ACTION" value="e44956de-cd11-4faa-9404-a991b6bcfed4"/>
<objectids-entry key="Default zone¤EP¤EP_Standard_C4484572" objectid="27" type="ACTION" value="8d2f301f-14e0-401a-a90a-8bed496d5c11"/>
<objectids-entry key="Default zone¤EP¤EP_Standard_C4484572" objectid="28" type="ACTION" value="30cdc931-49be-4490-89e0-4b9b1e15298d"/>
<objectids-entry key="Default zone¤EP¤EP_Standard_C4484572" objectid="29" type="HTTP_PAGE" value="3c39ccb7-6d62-4378-9080-4e94d352ff4f"/>
<objectids-entry key="Default zone¤EP¤EP_Standard_C4484572" objectid="30" type="ACTION" value="e82adf0b-1607-4226-8914-4dbb9b2b3b8b"/>
<objectids-entry key="Default zone¤EP¤EP_Standard_C4484572" objectid="31" type="BASIC_LOGICAL_CONTAINER" value="7067ce92-802a-4d65-be05-805890ee79c0"/>
<objectids-entry key="Default zone¤EP¤EP_Standard_C4484572" objectid="32" type="HTTP_PAGE" value="62101573-de72-4e29-821f-cd54ff7939dd"/>
<objectids-entry key="Default zone¤EP¤EP_Standard_C4484572" objectid="33" type="ACTION" value="d2b3bcf2-d37f-409c-9210-faf7ff89c39b"/>
<objectids-entry key="Default zone¤EP¤EP_Standard_C4484572" objectid="34" type="HTTP_PAGE" value="81d62c33-4e50-44ab-a7c5-6baf3f42d9e3"/>
<objectids-entry key="Default zone¤EP¤EP_Standard_C4484572" objectid="35" type="ACTION" value="b00df444-2a3b-4d6f-be65-220eb0116c37"/>
<objectids-entry key="Default zone¤EP¤EP_Standard_C4484572" objectid="36" type="ACTION" value="86e16828-7403-4944-b854-c62032ddfe81"/>
<objectids-entry key="Default zone¤EP¤EP_Standard_C4484572" objectid="37" type="ACTION" value="07e38085-c1c4-463a-bc0b-cd4c75644a3f"/>
<objectids-entry key="Default zone¤EP¤EP_Standard_C4484572" objectid="38" type="ACTION" value="a156e406-d336-4be3-bcfe-44d9df51fd0f"/>
<objectids-entry key="Default zone¤EP¤EP_Standard_C4484572" objectid="39" type="ACTION" value="d4763a58-441c-44ae-93dc-d8c8069f9190"/>
<objectids-entry key="Default zone¤EP¤EP_Standard_C4484572" objectid="40" type="ACTION" value="5bdab404-0efb-4edf-b3de-ee855a26cb60"/>
<objectids-entry key="Default zone¤EP¤EP_Standard_C4484572" objectid="41" type="ACTION" value="84c919e5-d703-4a21-8597-16bd4d31fc4d"/>
<objectids-entry key="Default zone¤EP¤EP_Standard_C4484572" objectid="42" type="ACTION" value="66e8a509-e4c8-4dce-8b9a-3d6ade63dd69"/>
<objectids-entry key="Default zone¤EP¤EP_Standard_C4484572" objectid="43" type="ACTION" value="ea859cd1-dd16-443a-a9d0-3f6d36bdaa4d"/>
<objectids-entry key="Default zone¤EP¤EP_Standard_C4484572" objectid="44" type="ACTION" value="d7eac520-99fc-4a96-b2f7-01991f82e52c"/>
<objectids-entry key="Default zone¤EP¤EP_Standard_C4484572" objectid="45" type="ACTION" value="e3743240-c902-4e61-b56c-b38a83d7ee3d"/>
<objectids-entry key="Default zone¤EP¤EP_Standard_C4484572" objectid="46" type="ACTION" value="352c2815-cede-4ca3-b2dc-e0d901066c56"/>
<objectids-entry key="Default zone¤EP¤EP_Standard_C4484572" objectid="47" type="ACTION" value="7e35d8e0-f108-4cf0-a984-b3576f746629"/>
<objectids-entry key="Default zone¤EP¤EP_Standard_C4484572" objectid="48" type="ACTION" value="41b056d9-f525-469b-a4bf-80990709b23b"/>
<objectids-entry key="Default zone¤EP¤EP_Standard_C4484572" objectid="49" type="ACTION" value="fefeb6b5-dacd-44fe-be33-3ddc5be369a4"/>
<objectids-entry key="Default zone¤EP¤EP_Standard_C4484572" objectid="50" type="ACTION" value="61187203-0138-402a-b230-06f008a68b47"/>
<objectids-entry key="Default zone¤EP¤EP_Standard_C4484572" objectid="51" type="ACTION" value="a40eb81c-0298-40a2-a068-8cbbf57c2e8d"/>
<objectids-entry key="Default zone¤EP¤EP_Standard_C4484572" objectid="52" type="ACTION" value="e7a939e8-5be3-4f9e-8108-704f5724228c"/>
<objectids-entry key="Default zone¤EP¤EP_Standard_C4484572" objectid="53" type="ACTION" value="c1e210a5-dea1-477a-a256-a152e2f397bb"/>
<objectids-entry key="Default zone¤EP¤EP_Standard_C4484572" objectid="54" type="ACTION" value="2c32c13c-8f24-4f40-b931-ee32db5fb196"/>
<objectids-entry key="Default zone¤EP¤EP_Standard_C4484572" objectid="55" type="ACTION" value="84a14011-71b6-48b7-8212-75e91a8563b1"/>
<objectids-entry key="Default zone¤EP¤EP_Standard_C4484572" objectid="56" type="ACTION" value="a6162ab3-0b08-470c-9370-ae9a69b83b10"/>
<objectids-entry key="Default zone¤EP¤EP_Standard_C4484572" objectid="57" type="ACTION" value="4b4d31e8-21bd-4235-aee5-ef181ab31fa5"/>
<objectids-entry key="Default zone¤EP¤EP_Standard_C4484572" objectid="58" type="HTTP_PAGE" value="477864e6-bae8-4ecc-9d14-e25924fcc8c8"/>
<objectids-entry key="Default zone¤EP¤EP_Standard_C4484572" objectid="59" type="ACTION" value="bbe0c495-238d-4e43-8f4b-5c7e5b1aea32"/>
<objectids-entry key="Default zone¤EP¤EP_Standard_C4484572" objectid="60" type="ACTION" value="9b41c23f-7117-44a4-9934-14569dd08f0f"/>
<objectids-entry key="Default zone¤EP¤EP_Standard_C4484572" objectid="61" type="ACTION" value="a6dc8dc7-cbd0-4fca-a022-171282fe8b86"/>
<objectids-entry key="Default zone¤EP¤EP_Standard_C4484572" objectid="62" type="ACTION" value="5cab1126-7efe-4543-8ac6-a1453a71dfa4"/>
<objectids-entry key="Default zone¤EP¤EP_Standard_C4484572" objectid="63" type="ACTION" value="d314cf95-cc16-4f54-bcfb-5cc674eb29a0"/>
<objectids-entry key="Default zone¤EP¤EP_Standard_C4484572" objectid="64" type="ACTION" value="50b3d2c6-8ab4-4642-a9a4-1ffc70732fac"/>
<objectids-entry key="Default zone¤EP¤EP_Standard_C4484572" objectid="65" type="ACTION" value="582efac7-ce0e-4b03-a3bf-363e05085d3d"/>
<objectids-entry key="Default zone¤EP¤EP_Standard_C4484572" objectid="66" type="ACTION" value="cc8aa829-e75f-44c0-92e8-77a5b600c534"/>
<objectids-entry key="Default zone¤EP¤EP_Standard_C4484572" objectid="67" type="ACTION" value="0f948945-6fe0-46cb-a371-6e763f225e00"/>
<objectids-entry key="Default zone¤EP¤EP_Standard_C4484572" objectid="68" type="ACTION" value="0c5012e0-31a2-484b-8076-a751020f2193"/>
<objectids-entry key="Default zone¤EP¤EP_Standard_C4484572" objectid="69" type="ACTION" value="ceacc677-ffe8-4f31-af5d-5891fc955156"/>
<objectids-entry key="Default zone¤EP¤EP_Standard_C4484572" objectid="70" type="ACTION" value="e85cf47a-a53e-4a0a-820d-909811e2a131"/>
<objectids-entry key="Default zone¤EP¤EP_Standard_C4484572" objectid="71" type="ACTION" value="0cd1efe1-0d48-4b0f-92f4-df2a20524e81"/>
<objectids-entry key="Default zone¤EP¤EP_Standard_C4484572" objectid="72" type="ACTION" value="7e930bb0-996a-4ea1-b9c6-d382832e659f"/>
<objectids-entry key="Default zone¤EP¤EP_Standard_C4484572" objectid="73" type="ACTION" value="201e2f54-a00a-4f80-bb36-8c659c03c593"/>
<objectids-entry key="Default zone¤EP¤EP_Standard_C4484572" objectid="74" type="ACTION" value="a974d402-3cb3-45e9-b29b-6473057bcfa7"/>
<objectids-entry key="Default zone¤EP¤EP_Standard_C4484572" objectid="75" type="ACTION" value="8214b189-79a8-4f59-8832-56411afcd631"/>
<objectids-entry key="Default zone¤EP¤EP_Standard_C4484572" objectid="76" type="ACTION" value="c7668d22-0970-44f3-adb0-db566f3fdf59"/>
<objectids-entry key="Default zone¤EP¤EP_Standard_C4484572" objectid="77" type="ACTION" value="6e8253d1-254b-4fc1-9066-c89093f5b16a"/>
<objectids-entry key="Default zone¤EP¤EP_Standard_C4484572" objectid="78" type="ACTION" value="be2c6ec5-8eb2-4fa2-9242-1b0e3d510b67"/>
<objectids-entry key="Default zone¤EP¤EP_Standard_C4484572" objectid="79" type="ACTION" value="3323d270-1880-4c31-9d15-f33b9e852d9c"/>
<objectids-entry key="Default zone¤EP¤EP_Standard_C4484572" objectid="80" type="ACTION" value="fa089094-094b-4a22-8aae-f9d5a6d9fa5a"/>
<objectids-entry key="Default zone¤EP¤EP_Standard_C4484572" objectid="81" type="ACTION" value="517109b1-9214-4b04-a8d8-68f429392f1d"/>
<objectids-entry key="Default zone¤EP¤EP_Standard_C4484572" objectid="82" type="HTTP_PAGE" value="2adf6ec8-0ef7-4e01-a238-1257a7c4557c"/>
<objectids-entry key="Default zone¤EP¤EP_Standard_C4484572" objectid="83" type="ACTION" value="cebaf6de-4470-4a3b-bcaa-68fe2866d948"/>
<objectids-entry key="Default zone¤EP¤EP_Standard_C4484572" objectid="84" type="ACTION" value="fb84f012-7e40-468d-9962-b9f129f70fcf"/>
<objectids-entry key="Default zone¤EP¤EP_Standard_C4484572" objectid="85" type="ACTION" value="32df42ca-6fb3-4ce0-b1f6-e1e0a4f140b8"/>
<objectids-entry key="Default zone¤EP¤EP_Standard_C4484572" objectid="86" type="HTTP_PAGE" value="d092a08e-5086-4620-bf21-4862e1e11ce1"/>
<objectids-entry key="Default zone¤EP¤EP_Standard_C4484572" objectid="87" type="ACTION" value="0b39c02e-59fb-4c33-8ebc-0a4365977c04"/>
<objectids-entry key="Default zone¤EP¤EP_Standard_C4484572" objectid="88" type="HTTP_PAGE" value="37714487-a005-40d4-823d-042dcaa4b118"/>
<objectids-entry key="Default zone¤EP¤EP_Standard_C4484572" objectid="89" type="ACTION" value="af8c463e-d6f1-4f17-a594-bc446670d16f"/>
<objectids-entry key="Default zone¤EP¤EP_Standard_C4484572" objectid="90" type="ACTION" value="acd7d5bb-3f50-49a5-a81c-39ccfed20ffc"/>
<objectids-entry key="Default zone¤EP¤EP_Standard_C4484572" objectid="91" type="ACTION" value="fcf30a51-840e-4633-8652-72c3b771a672"/>
<objectids-entry key="Default zone¤EP¤EP_Standard_C4484572" objectid="92" type="ACTION" value="883b0444-6c2f-4ae8-b9f6-386530f44402"/>
<objectids-entry key="Default zone¤EP¤EP_Standard_C4484572" objectid="93" type="ACTION" value="dc57abeb-4e56-43c6-8565-39889849452f"/>
<objectids-entry key="Default zone¤EP¤EP_Standard_C4484572" objectid="94" type="ACTION" value="f68e17a2-a77c-4170-b1c2-e8e96f94dfac"/>
<objectids-entry key="Default zone¤EP¤EP_Standard_C4484572" objectid="95" type="ACTION" value="81a07e41-9faf-4d87-804b-ad301d1d9955"/>
<objectids-entry key="Default zone¤EP¤EP_Standard_C4484572" objectid="96" type="HTTP_PAGE" value="5829d46b-f286-4c7e-a013-e8776a6d6425"/>
<objectids-entry key="Default zone¤EP¤EP_Standard_C4484572" objectid="97" type="ACTION" value="c4c3bace-a9ac-45a3-a8f0-fcbdf756e39b"/>
<objectids-entry key="Default zone¤EP¤EP_Standard_C4484572" objectid="98" type="HTTP_PAGE" value="f5a77aeb-9ae3-417d-a68b-70010463cd79"/>
<objectids-entry key="Default zone¤EP¤EP_Standard_C4484572" objectid="99" type="ACTION" value="fca89ad2-d3e3-4140-b523-6866787c0c8c"/>
<objectids-entry key="Default zone¤EP¤EP_Standard_C4484572" objectid="100" type="BASIC_LOGICAL_CONTAINER" value="70970ede-f94b-477a-a282-63a3da85ac08"/>
<objectids-entry key="Default zone¤EP¤EP_Standard_C4484572" objectid="101" type="HTTP_PAGE" value="3ce178a1-a19f-4a94-a16d-16e7e7108ad6"/>
<objectids-entry key="Default zone¤EP¤EP_Standard_C4484572" objectid="102" type="ACTION" value="c07fe1b8-b1c2-41c5-b069-e4082fc32d7b"/>
<objectids-entry key="Default zone¤EP¤EP_Standard_C4484572" objectid="103" type="ACTION" value="a288f68b-c80e-4571-8756-ca615116bac6"/>
<objectids-entry key="Default zone¤EP¤EP_Standard_C4484572" objectid="104" type="ACTION" value="0754bfc9-f891-487a-9c8c-4d1efeddb2a8"/>
<objectids-entry key="Default zone¤EP¤EP_Standard_C4484572" objectid="105" type="ACTION" value="9ea38723-df2a-430b-80a2-7edc7f9739ab"/>
<objectids-entry key="Default zone¤EP¤EP_Standard_C4484572" objectid="106" type="ACTION" value="b66e190a-e259-4a7e-a013-c0c7c8473d53"/>
<objectids-entry key="Default zone¤EP¤EP_Standard_C4484572" objectid="107" type="ACTION" value="7e53bd2f-c684-47f9-b9b5-fb6b038afee3"/>
<objectids-entry key="Default zone¤EP¤EP_Standard_C4484572" objectid="108" type="BASIC_LOGICAL_CONTAINER" value="20de6b2d-d97e-45ee-92c8-ae29137669e7"/>
<objectids-entry key="Default zone¤EP¤EP_Standard_C4484572" objectid="109" type="HTTP_PAGE" value="e27f7b18-a893-4b90-b6e0-ffc1ff59763f"/>
<objectids-entry key="Default zone¤EP¤EP_Standard_C4484572" objectid="110" type="ACTION" value="55f96033-2d25-4cce-b6b4-d04195da91f4"/>
<objectids-entry key="Default zone¤EP¤EP_Standard_C4484572" objectid="111" type="ACTION" value="3a0bc647-95db-42ac-96c1-fa9cef2bf2b5"/>
<objectids-entry key="Default zone¤EP¤EP_Standard_C4484572" objectid="112" type="ACTION" value="5974c7ea-4c9b-4681-8a78-a141694d8986"/>
<objectids-entry key="Default zone¤EP¤EP_Standard_C4484572" objectid="113" type="ACTION" value="64dd58c6-5ded-431e-94b1-5d0fc6648f3c"/>
<objectids-entry key="Default zone¤EP¤EP_Standard_C4484572" objectid="114" type="HTTP_PAGE" value="849e1cba-882c-4e76-b7c7-0fd916a3f2c3"/>
<objectids-entry key="Default zone¤EP¤EP_Standard_C4484572" objectid="115" type="ACTION" value="e0b91beb-a0be-4014-8731-1da5e2edb376"/>
<objectids-entry key="Default zone¤EP¤EP_Standard_C4484572" objectid="116" type="BASIC_LOGICAL_CONTAINER" value="cee667a2-97fc-4e05-83b6-66be5a5945c9"/>
<objectids-entry key="Default zone¤EP¤EP_Standard_C4484572" objectid="117" type="HTTP_PAGE" value="6850a94b-398b-482d-bf3a-e2715c1877d8"/>
<objectids-entry key="Default zone¤EP¤EP_Standard_C4484572" objectid="118" type="ACTION" value="ef5973ed-da87-45c4-a382-c453f070b74b"/>
<objectids-entry key="Default zone¤EP¤EP_Standard_C4484572" objectid="119" type="ACTION" value="38f788a6-81d5-4b84-839a-fcff3dfbb70b"/>
<objectids-entry key="Default zone¤EP¤EP_Standard_C4484572" objectid="120" type="BASIC_LOGICAL_CONTAINER" value="0e26ccb7-7e65-4ef6-ade9-b80847741f0d"/>
<objectids-entry key="Default zone¤EP¤EP_Standard_C4484572" objectid="121" type="HTTP_PAGE" value="cccdce4c-ecc5-434b-ac72-4630c517da6e"/>
<objectids-entry key="Default zone¤EP¤EP_Standard_C4484572" objectid="122" type="ACTION" value="bb826095-57d0-4494-9c75-92eacfaeab4a"/>
<objectids-entry key="Default zone¤EP¤EP_Standard_C4484572" objectid="123" type="ACTION" value="f81ee40d-8cd9-4be2-a7b4-ce6c18768c64"/>
<objectids-entry key="Default zone¤EP¤EP_Standard_C4484572" objectid="124" type="BASIC_LOGICAL_CONTAINER" value="87574035-378d-4e9f-a7da-a2e2a3e51e46"/>
<objectids-entry key="Default zone¤EP¤EP_Standard_C4484572" objectid="125" type="HTTP_PAGE" value="79271067-29e3-40d1-a626-2b1033c40bd0"/>
<objectids-entry key="Default zone¤EP¤EP_Standard_C4484572" objectid="126" type="ACTION" value="0ec576f8-c674-48f2-bb31-3aefc1224307"/>
<objectids-entry key="Default zone¤EP¤EP_Standard_C4484572" objectid="127" type="HTTP_PAGE" value="b10d16f6-d480-415b-b36d-16c192309d97"/>
<objectids-entry key="Default zone¤EP¤EP_Standard_C4484572" objectid="128" type="ACTION" value="5979b047-9966-4761-81d9-3d10400c45a1"/>
<objectids-entry key="Default zone¤EP¤EP_Standard_C4484572" objectid="129" type="HTTP_PAGE" value="08fab819-01c9-4e95-9c66-b36365517696"/>
<objectids-entry key="Default zone¤EP¤EP_Standard_C4484572" objectid="130" type="ACTION" value="5f69fae6-7f61-4e6a-bbd8-2fab22d83bc4"/>
<objectids-entry key="Default zone¤EP¤EP_Standard_C4484572" objectid="131" type="ACTION" value="7918915b-6bd8-442f-ad18-5e4db25a7ba4"/>
<objectids-entry key="Default zone¤EP¤EP_Standard_C4484572" objectid="132" type="ACTION" value="5e462a47-3776-44ac-acfe-8bef0f5c5c1d"/>
<objectids-entry key="Default zone¤EP¤EP_Standard_C4484572" objectid="133" type="ACTION" value="ed1b2834-3eb4-4109-96db-de9d9fbc5a4f"/>
<objectids-entry key="Default zone¤EP¤EP_Standard_C4484572" objectid="134" type="ACTION" value="1027eb7e-2281-407f-91dc-06a618156709"/>
<objectids-entry key="Default zone¤EP¤EP_Standard_C4484572" objectid="135" type="BASIC_LOGICAL_CONTAINER" value="8b32f9b7-ffd8-4a28-9c96-0899cbed0b03"/>
<objectids-entry key="Default zone¤EP¤EP_Standard_C4484572" objectid="136" type="HTTP_PAGE" value="1bd1af60-8562-48c3-9964-e66588e0e22a"/>
<objectids-entry key="Default zone¤EP¤EP_Standard_C4484572" objectid="137" type="ACTION" value="b12fc3e8-ded4-4fe0-bf0b-f0fbc0f3cc02"/>
<objectids-entry key="Default zone¤EP¤EP_Standard_C4484572" objectid="138" type="HTTP_PAGE" value="11dfdee4-44c2-481a-88fe-bf2b436b9685"/>
<objectids-entry key="Default zone¤EP¤EP_Standard_C4484572" objectid="139" type="ACTION" value="6a8bccc2-cd25-4372-a162-83a2e0dfd1db"/>
<objectids-entry key="Default zone¤EP¤EP_Standard_C4484572" objectid="140" type="HTTP_PAGE" value="ec3c3c66-fb9f-469a-9c30-f37c7a7ec111"/>
<objectids-entry key="Default zone¤EP¤EP_Standard_C4484572" objectid="141" type="ACTION" value="4d62e2f5-4831-4bc1-8d11-b3e558b2a132"/>
<objectids-entry key="Default zone¤EP¤EP_Standard_C4484572" objectid="142" type="ACTION" value="f8cf10c4-03ac-4e50-9f9e-f2f995d44689"/>
<objectids-entry key="Default zone¤EP¤EP_Standard_C4484572" objectid="143" type="BASIC_LOGICAL_CONTAINER" value="b7ba61d7-5720-4fcd-b20c-1b8eb61a6270"/>
<objectids-entry key="Default zone¤EP¤EP_Standard_C4484572" objectid="144" type="DELAY" value="4ea1be63-4e7f-4a82-aa3f-8c4288b514ce"/>
<objectids-entry key="Default zone¤EP¤EP_Standard_C4484572" objectid="145" type="BASIC_LOGICAL_CONTAINER" value="$parent=EP_Standard_C4484572;$index=2"/>
<objectids-entry key="¤¤" objectid="146" type="MONITORED_HOST" value="NeoLoad"/>
<objectids-entry key="¤¤" objectid="147" type="MONITORCONNECTION" value="NeoLoad$NeoLoad"/>
<objectids-entry key="¤¤" objectid="148" type="MONITOR" value="NeoLoad$NeoLoad$UserLoad"/>
<objectids-entry key="¤¤" objectid="149" type="MONITOR" value="NeoLoad$NeoLoad$throughput"/>
<objectids-entry key="¤¤" objectid="150" type="MONITOR" value="NeoLoad$NeoLoad$Alerts"/>
<objectids-entry key="¤¤" objectid="151" type="MONITOR" value="NeoLoad$NeoLoad$CriticalAlerts"/>
<objectids-entry key="¤¤" objectid="152" type="MONITOR" value="NeoLoad$NeoLoad$WarningAlerts"/>
<objectids-entry key="¤¤" objectid="153" type="MONITOR" value="NeoLoad$NeoLoad$cpu"/>
<objectids-entry key="¤¤" objectid="154" type="THRESHOLD" value="NeoLoad$NeoLoad$c906f32f-e967-4a98-9ec1-b75d64e4fe61"/>
<objectids-entry key="¤¤" objectid="155" type="MONITOR" value="NeoLoad$NeoLoad$memory"/>
<objectids-entry key="¤¤" objectid="156" type="THRESHOLD" value="NeoLoad$NeoLoad$89e0652e-e637-44f7-8439-02d72ced6703"/>
<objectids-entry key="¤¤" objectid="157" type="MONITOR" value="NeoLoad$NeoLoad$threadcount"/>
<objectids-entry key="¤¤" objectid="158" type="MONITOR" value="NeoLoad$NeoLoad$memoryos"/>
<objectids-entry key="¤¤" objectid="159" type="THRESHOLD" value="NeoLoad$NeoLoad$f1ba4241-c01a-4584-b193-0e8a963be899"/>
<objectids-entry key="¤¤" objectid="160" type="MONITOR" value="NeoLoad$NeoLoad$connectedlg"/>
<objectids-entry key="¤¤" objectid="161" type="MONITOR" value="NeoLoad$NeoLoad$totallgdisconnections"/>
<objectids-entry key="¤¤" objectid="162" type="THRESHOLD" value="NeoLoad$NeoLoad$3d261349-233f-4822-a9fd-d551bff890f4"/>
<objectids-entry key="¤¤" objectid="163" type="MONITOR" value="NeoLoad$NeoLoad$totallgreconnections"/>
<objectids-entry key="¤¤" objectid="164" type="MONITOR" value="NeoLoad$NeoLoad$otcp.NeoLoad"/>
<objectids-entry key="¤¤" objectid="165" type="MONITOR" value="NeoLoad$NeoLoad$tcp.NeoLoad"/>
<objectids-entry key="¤¤" objectid="166" type="MONITOR" value="NeoLoad$NeoLoad$ibytesperinterface~NeoLoad~eth11"/>
<objectids-entry key="¤¤" objectid="167" type="MONITOR" value="NeoLoad$NeoLoad$obytesperinterface~NeoLoad~eth11"/>
<objectids-entry key="¤¤" objectid="168" type="MONITOR" value="NeoLoad$NeoLoad$ibytesperinterface~NeoLoad~eth13"/>
<objectids-entry key="¤¤" objectid="169" type="MONITOR" value="NeoLoad$NeoLoad$obytesperinterface~NeoLoad~eth13"/>
<objectids-entry key="¤¤" objectid="170" type="MONITOR" value="NeoLoad$NeoLoad$SapUserLoad"/>
<objectids-entry key="¤¤" objectid="171" type="MONITOR" value="NeoLoad$NeoLoad$zoneuserload~Default zone"/>
<objectids-entry key="¤¤" objectid="172" type="MONITOR" value="NeoLoad$NeoLoad$zoneuserloadperpopulation~Default zone~EP"/>
<objectids-entry key="¤¤" objectid="173" type="MONITOR" value="NeoLoad$NeoLoad$zoneuserloadperpopulation~Default zone~EP~EP_Standard_C4484572"/>
<objectids-entry key="¤¤" objectid="174" type="MONITORED_HOST" value="LG 10.149.80.138:7100"/>
<objectids-entry key="¤¤" objectid="175" type="MONITORCONNECTION" value="LG 10.149.80.138:7100$NeoLoad"/>
<objectids-entry key="¤¤" objectid="176" type="MONITOR" value="LG 10.149.80.138:7100$NeoLoad$lgcpu.10.149.80.138:7100"/>
<objectids-entry key="¤¤" objectid="177" type="THRESHOLD" value="LG 10.149.80.138:7100$NeoLoad$43268a9e-ac21-4a4b-8f01-846cebb7f965"/>
<objectids-entry key="¤¤" objectid="178" type="MONITOR" value="LG 10.149.80.138:7100$NeoLoad$lgmemory.10.149.80.138:7100"/>
<objectids-entry key="¤¤" objectid="179" type="THRESHOLD" value="LG 10.149.80.138:7100$NeoLoad$53be16d6-7fda-41f8-af31-4c6c7f61d695"/>
<objectids-entry key="¤¤" objectid="180" type="MONITOR" value="LG 10.149.80.138:7100$NeoLoad$lgthroughput.10.149.80.138:7100"/>
<objectids-entry key="¤¤" objectid="181" type="MONITOR" value="LG 10.149.80.138:7100$NeoLoad$lgosmemory.10.149.80.138:7100"/>
<objectids-entry key="¤¤" objectid="182" type="THRESHOLD" value="LG 10.149.80.138:7100$NeoLoad$52440606-0206-4586-8321-5c7aa0b33209"/>
<objectids-entry key="¤¤" objectid="183" type="MONITOR" value="LG 10.149.80.138:7100$NeoLoad$lguserloadperpopulation~10.149.80.138:7100"/>
<objectids-entry key="¤¤" objectid="184" type="MONITOR" value="LG 10.149.80.138:7100$NeoLoad$lgthreadcount.10.149.80.138:7100"/>
<objectids-entry key="¤¤" objectid="185" type="MONITOR" value="LG 10.149.80.138:7100$NeoLoad$lg.jetty.httpclient.threadpool.used.10.149.80.138:7100"/>
<objectids-entry key="¤¤" objectid="186" type="MONITOR" value="LG 10.149.80.138:7100$NeoLoad$lg.jetty.httpclient.taskpool.used.10.149.80.138:7100"/>
<objectids-entry key="¤¤" objectid="187" type="THRESHOLD" value="LG 10.149.80.138:7100$NeoLoad$cc91b35c-38e5-4e09-97cb-5af7c6bee79d"/>
<objectids-entry key="¤¤" objectid="188" type="MONITOR" value="LG 10.149.80.138:7100$NeoLoad$lgdisconnections.10.149.80.138:7100"/>
<objectids-entry key="¤¤" objectid="189" type="MONITOR" value="LG 10.149.80.138:7100$NeoLoad$lgreconnections.10.149.80.138:7100"/>
<objectids-entry key="¤¤" objectid="190" type="MONITOR" value="LG 10.149.80.138:7100$NeoLoad$lgping.10.149.80.138:7100"/>
<objectids-entry key="¤¤" objectid="191" type="MONITOR" value="LG 10.149.80.138:7100$NeoLoad$lgotcp.10.149.80.138:7100"/>
<objectids-entry key="¤¤" objectid="192" type="MONITOR" value="LG 10.149.80.138:7100$NeoLoad$lgtcp.10.149.80.138:7100"/>
<objectids-entry key="¤¤" objectid="193" type="MONITOR" value="LG 10.149.80.138:7100$NeoLoad$lgibytesperinterface~10.149.80.138:7100~eth5"/>
<objectids-entry key="¤¤" objectid="194" type="MONITOR" value="LG 10.149.80.138:7100$NeoLoad$lgobytesperinterface~10.149.80.138:7100~eth5"/>
<objectids-entry key="¤¤" objectid="195" type="MONITOR" value="LG 10.149.80.138:7100$NeoLoad$lgibytesperinterface~10.149.80.138:7100~eth4"/>
<objectids-entry key="¤¤" objectid="196" type="MONITOR" value="LG 10.149.80.138:7100$NeoLoad$lgobytesperinterface~10.149.80.138:7100~eth4"/>
</objectids-table>
<!--****** DURATION ******-->
<duration value="0"/>
<!--****** AGGREGATION PERIOD ******-->
<aggregation-period value="1000"/>
<!--****** EXTENDED STATISTICS ******-->
<truncated-mean centered-interval="true" percentage="90"/>
<percentile percentage="50"/>
</project>
